protein_idx,mut_index,pred,true
0,0,3.4876105785369873,21.899999618530273
0,1,2.428114414215088,12.0
0,2,3.1519272327423096,31.700000762939453
0,3,2.569434881210327,26.899999618530273
0,4,1.8888592720031738,0.6000000238418579
0,5,1.1572394371032715,18.600000381469727
0,6,0.16563063859939575,12.600000381469727
0,7,3.8324999809265137,22.299999237060547
0,8,2.256254196166992,10.899999618530273
0,9,4.653984069824219,40.900001525878906
0,10,2.672762393951416,8.399999618530273
0,11,1.8119409084320068,11.600000381469727
0,12,1.6433181762695312,2.5999999046325684
0,13,2.3296608924865723,16.700000762939453
0,14,1.6116023063659668,8.899999618530273
0,15,0.6788174510002136,14.600000381469727
0,16,1.7105461359024048,27.200000762939453
0,17,0.8601605892181396,1.2999999523162842
0,18,3.2668159008026123,27.100000381469727
0,19,2.7541863918304443,22.600000381469727
0,20,0.6044354438781738,7.199999809265137
0,21,3.9941439628601074,33.5
0,22,0.8654823303222656,2.200000047683716
0,23,2.493596315383911,34.79999923706055
0,24,1.4107680320739746,4.900000095367432
0,25,0.057828664779663086,2.200000047683716
0,26,1.5636531114578247,5.5
0,27,0.9849245548248291,1.2999999523162842
0,28,2.0076889991760254,10.699999809265137
0,29,2.5570459365844727,17.100000381469727
0,30,3.287503242492676,7.099999904632568
0,31,0.5575010776519775,-0.8999999761581421
0,32,2.159465789794922,0.20000000298023224
1,0,-1.0483821630477905,-2.0
1,1,-2.2152228355407715,-4.0
1,2,-2.516662120819092,-6.0
1,3,0.7358935475349426,6.0
1,4,1.8439170122146606,27.0
2,0,-1.5011179447174072,1.2999999523162842
2,1,-1.5011180639266968,2.299999952316284
2,2,-1.5011179447174072,1.5
2,3,1.1844786405563354,5.699999809265137
2,4,1.1844786405563354,9.699999809265137
2,5,1.184478521347046,10.699999809265137
2,6,-0.09625427424907684,-1.2000000476837158
2,7,-0.09625421464443207,4.0
2,8,-0.09625428915023804,4.300000190734863
2,9,-1.1673165559768677,-7.099999904632568
2,10,-1.1673166751861572,-4.199999809265137
2,11,-1.1673166751861572,-3.799999952316284
2,12,-0.7891682386398315,-0.10000000149011612
2,13,-0.7891682386398315,-1.2000000476837158
2,14,-0.7891683578491211,-2.799999952316284
3,0,-0.3338004946708679,8.0
3,1,-0.033625274896621704,13.0
3,2,0.3297301232814789,4.0
4,0,1.038271427154541,-0.699999988079071
5,0,2.5994365215301514,-0.5
5,1,-0.021374911069869995,-7.199999809265137
5,2,-0.3192765712738037,-7.099999904632568
5,3,2.317021131515503,0.20000000298023224
6,0,2.788705348968506,7.699999809265137
6,1,0.5003410577774048,0.6000000238418579
6,2,0.060945749282836914,1.2999999523162842
6,3,1.5341030359268188,7.5
6,4,1.5341026782989502,4.800000190734863
6,5,-0.5349292755126953,0.8999999761581421
6,6,-0.5349292755126953,1.100000023841858
6,7,-0.10043740272521973,1.5
7,0,-0.27344000339508057,6.199999809265137
7,1,-0.2734396457672119,6.199999809265137
7,2,0.8838788270950317,22.200000762939453
8,0,-0.8163090944290161,7.199999809265137
8,1,3.0325489044189453,2.5999999046325684
8,2,2.7322897911071777,11.100000381469727
8,3,3.415088415145874,0.800000011920929
9,0,-0.02331332117319107,2.5999999046325684
9,1,-0.5263561606407166,-1.2000000476837158
9,2,1.3984060287475586,1.5
9,3,0.3297994136810303,-1.149999976158142
9,4,2.4369969367980957,0.699999988079071
9,5,-0.034761279821395874,-0.800000011920929
9,6,-3.6913115978240967,2.0
9,7,2.5625929832458496,1.399999976158142
9,8,-1.2168023586273193,-0.20000000298023224
9,9,0.7045688629150391,-1.399999976158142
9,10,-2.861821174621582,-22.200000762939453
10,0,-0.09196209907531738,-0.30000001192092896
11,0,1.1616542339324951,-4.400000095367432
11,1,-0.24765890836715698,-2.0
11,2,-1.082558274269104,1.100000023841858
11,3,2.2760205268859863,5.300000190734863
11,4,-0.4051333963871002,6.5
11,5,2.7336575984954834,14.600000381469727
11,6,-0.11197483539581299,3.200000047683716
11,7,1.158088207244873,4.900000095367432
11,8,0.6085766553878784,2.0999999046325684
11,9,0.8334949612617493,2.5999999046325684
11,10,1.9687575101852417,11.899999618530273
11,11,0.4509279727935791,17.5
11,12,-0.3120078146457672,5.5
11,13,-0.014843761920928955,-0.30000001192092896
11,14,-0.0928463563323021,-0.10000000149011612
11,15,0.0395963191986084,0.699999988079071
11,16,-0.5530434846878052,0.800000011920929
11,17,-0.1658197045326233,0.20000000298023224
12,0,-0.20750677585601807,4.300000190734863
13,0,0.24591398239135742,-5.800000190734863
13,1,0.6112027168273926,9.600000381469727
14,0,1.5089162588119507,-2.0
14,1,1.235531210899353,6.0
14,2,0.6009633541107178,-7.0
14,3,0.8713823556900024,-1.0
15,0,-0.01754041016101837,0.4000000059604645
15,1,-1.2178220748901367,2.0999999046325684
15,2,-0.3604615330696106,6.0
15,3,-0.31667429208755493,1.100000023841858
15,4,-0.42470085620880127,-1.5
15,5,-1.0419050455093384,2.200000047683716
16,0,0.7129874229431152,0.800000011920929
16,1,0.7129871845245361,0.800000011920929
16,2,0.4541020393371582,1.2999999523162842
16,3,4.084059715270996,10.199999809265137
16,4,4.084060192108154,10.199999809265137
16,5,-3.6769232749938965,-4.266666889190674
16,6,0.22375933825969696,11.266666412353516
17,0,3.2514171600341797,7.510000228881836
17,1,0.37291646003723145,0.800000011920929
17,2,3.98345685005188,13.5
17,3,1.66904616355896,8.279999732971191
17,4,0.5286852717399597,2.6700000762939453
17,5,1.9889342784881592,0.20000000298023224
17,6,0.7134647965431213,2.140000104904175
17,7,1.4615548849105835,5.96999979019165
17,8,4.203275680541992,17.200000762939453
18,0,-0.8544963598251343,1.0
18,1,1.076530933380127,2.0
18,2,1.076530933380127,2.299999952316284
18,3,0.14682966470718384,1.600000023841858
18,4,0.3732151389122009,7.300000190734863
18,5,-1.7900054454803467,2.0
18,6,0.027097344398498535,3.0
18,7,3.4146013259887695,12.699999809265137
18,8,2.2601890563964844,13.300000190734863
18,9,2.415248155593872,8.600000381469727
18,10,3.2074546813964844,19.600000381469727
18,11,-0.25709646940231323,4.099999904632568
18,12,0.21237245202064514,3.299999952316284
18,13,0.28991079330444336,4.5
18,14,1.664949893951416,5.300000190734863
18,15,3.522507905960083,11.199999809265137
18,16,0.5362186431884766,2.9000000953674316
18,17,2.4719443321228027,9.0
18,18,3.4429783821105957,15.699999809265137
18,19,0.7704126834869385,2.4000000953674316
18,20,2.0716264247894287,11.899999618530273
18,21,4.299145698547363,8.699999809265137
18,22,1.383538007736206,9.100000381469727
18,23,0.30591920018196106,8.199999809265137
18,24,1.2597736120224,4.5
18,25,-0.07228481769561768,0.8999999761581421
18,26,1.5348525047302246,2.0
18,27,-1.138222336769104,5.800000190734863
18,28,2.5982155799865723,5.699999809265137
18,29,0.24327698349952698,3.299999952316284
18,30,-0.03428292274475098,4.800000190734863
18,31,-0.03428220748901367,4.699999809265137
18,32,1.016046404838562,7.199999809265137
18,33,1.0160460472106934,6.699999809265137
18,34,1.6561824083328247,5.099999904632568
18,35,-1.5104918479919434,-1.2999999523162842
18,36,1.4271198511123657,4.099999904632568
18,37,2.102299690246582,3.299999952316284
18,38,0.5030168294906616,2.799999952316284
18,39,1.0282692909240723,15.600000381469727
18,40,-0.2859693169593811,5.099999904632568
18,41,-0.44860172271728516,10.300000190734863
18,42,4.526863098144531,17.899999618530273
18,43,-1.7900054454803467,1.909999966621399
18,44,2.4867782592773438,21.100000381469727
18,45,4.8571858406066895,20.799999237060547
18,46,0.5362188816070557,3.369999885559082
18,47,0.7704123258590698,2.2933332920074463
18,48,1.4110944271087646,4.300000190734863
19,0,0.4516867399215698,2.700000047683716
19,1,0.28775477409362793,4.5
19,2,0.8742002248764038,4.5
20,0,-0.12376928329467773,-0.800000011920929
20,1,0.9544397592544556,1.399999976158142
20,2,0.9544396996498108,1.399999976158142
21,0,-0.326509028673172,-0.30000001192092896
21,1,0.05465978384017944,-2.5999999046325684
21,2,0.07342195510864258,-1.5
21,3,-2.4197757244110107,-4.099999904632568
21,4,1.1679515838623047,-5.980000019073486
21,5,1.420600175857544,-2.200000047683716
21,6,0.8447350263595581,-4.329999923706055
21,7,-0.053588710725307465,1.7200000286102295
21,8,2.737046003341675,-1.1228570938110352
22,0,-3.0683798789978027,-2.0
22,1,-2.062786102294922,2.200000047683716
22,2,-1.2054450511932373,-0.30000001192092896
22,3,3.38236141204834,6.400000095367432
22,4,0.2615177631378174,2.0
22,5,1.3232287168502808,3.700000047683716
22,6,2.766218900680542,3.9000000953674316
22,7,0.2155134677886963,-1.7999999523162842
22,8,1.3730182647705078,-2.5999999046325684
22,9,0.7553987503051758,0.30000001192092896
22,10,2.3280320167541504,4.400000095367432
22,11,1.0994844436645508,1.7000000476837158
22,12,2.0305917263031006,1.7000000476837158
22,13,0.09961938858032227,-0.10000000149011612
22,14,2.9300241470336914,0.800000011920929
22,15,1.0531352758407593,5.199999809265137
22,16,0.9204862117767334,2.5
22,17,1.8935688734054565,8.300000190734863
22,18,0.6819973587989807,3.5999999046325684
22,19,0.6836103796958923,3.200000047683716
22,20,2.994907855987549,8.899999618530273
22,21,0.3619546890258789,3.5999999046325684
22,22,0.7912698984146118,-0.30000001192092896
22,23,1.3479691743850708,6.0
22,24,0.9082595705986023,2.5
22,25,2.4114818572998047,3.799999952316284
22,26,0.32964324951171875,0.10000000149011612
22,27,0.8234978914260864,-0.0
22,28,1.2209051847457886,0.30000001192092896
22,29,1.0220667123794556,0.800000011920929
22,30,0.5167800188064575,-1.100000023841858
22,31,-0.9830840826034546,0.5
22,32,2.6570329666137695,2.799999952316284
22,33,-0.8579291105270386,0.5
22,34,1.8836461305618286,2.9000000953674316
22,35,2.5808169841766357,1.2999999523162842
22,36,0.891110897064209,-1.399999976158142
22,37,2.766218900680542,3.5
23,0,0.6336473226547241,-4.0
23,1,1.099118709564209,2.0
24,0,1.5410583019256592,10.399999618530273
24,1,0.5847327709197998,3.9000000953674316
24,2,0.6415182948112488,6.099999904632568
25,0,-0.9309090375900269,2.5
25,1,0.310838520526886,1.899999976158142
25,2,0.9601030945777893,1.5
25,3,-0.868432879447937,0.8999999761581421
25,4,1.4185559749603271,1.5
25,5,2.6616110801696777,2.9000000953674316
25,6,1.2859123945236206,3.4000000953674316
25,7,-0.6533771753311157,2.200000047683716
25,8,2.0566365718841553,3.4000000953674316
25,9,0.5981639623641968,-0.0
25,10,0.13099023699760437,8.0
25,11,-0.8760547041893005,-2.299999952316284
25,12,-0.3969196677207947,-0.800000011920929
25,13,-3.1492269039154053,-4.0
25,14,-0.5260218977928162,0.800000011920929
25,15,1.7524174451828003,12.0
25,16,1.8657169342041016,17.799999237060547
25,17,0.20718353986740112,0.800000011920929
25,18,0.8912971019744873,6.0
25,19,0.20955893397331238,-3.0999999046325684
25,20,-0.08980274200439453,-0.8999999761581421
25,21,-0.2058144211769104,-0.8999999761581421
25,22,0.9940339922904968,1.7999999523162842
25,23,0.3332405090332031,0.20000000298023224
26,0,0.8605570197105408,1.0
26,1,2.6399765014648438,2.799999952316284
26,2,0.6059470176696777,6.5
27,0,-0.5555386543273926,5.0
27,1,-1.8165562152862549,-2.299999952316284
27,2,2.7854411602020264,17.100000381469727
27,3,0.35829973220825195,6.099999904632568
27,4,0.22879429161548615,-1.5
27,5,-0.2961975336074829,-7.800000190734863
27,6,1.3738890886306763,5.5
27,7,-0.5132904648780823,3.299999952316284
27,8,-3.8819363117218018,-2.799999952316284
28,0,3.1193881034851074,5.300000190734863
28,1,-0.21551354229450226,1.0
28,2,1.305022120475769,6.599999904632568
28,3,1.2563731670379639,5.900000095367432
28,4,0.6307997703552246,7.0
29,0,0.435250461101532,5.199999809265137
29,1,-1.0398974418640137,-8.399999618530273
29,2,-2.1203219890594482,-4.099999904632568
29,3,-2.396803855895996,3.0999999046325684
29,4,-0.909574568271637,3.5
29,5,2.183993339538574,15.899999618530273
29,6,1.1582363843917847,8.100000381469727
29,7,-0.8746696710586548,4.800000190734863
29,8,0.11845733225345612,5.099999904632568
29,9,-0.2182554006576538,1.600000023841858
29,10,0.027520667761564255,1.0
29,11,0.11364229023456573,2.799999952316284
29,12,-1.7401602268218994,-16.600000381469727
29,13,-1.30630624294281,-9.300000190734863
29,14,-0.8402908444404602,-10.300000190734863
29,15,-2.0704827308654785,-15.800000190734863
29,16,-2.2360007762908936,-10.199999809265137
29,17,-0.5842529535293579,-0.0
29,18,-0.3007549047470093,1.2000000476837158
29,19,1.0184476375579834,-1.0
29,20,0.14839965105056763,-0.20000000298023224
29,21,0.02139347791671753,-0.8999999761581421
29,22,1.6491502523422241,5.599999904632568
29,23,0.7095253467559814,9.699999809265137
29,24,-1.123189926147461,1.600000023841858
29,25,-0.5081031322479248,-0.20000000298023224
29,26,-1.481246829032898,-12.899999618530273
29,27,-1.9096500873565674,-12.600000381469727
29,28,-2.5660417079925537,-10.600000381469727
29,29,4.50253438949585,15.800000190734863
29,30,4.778993129730225,11.300000190734863
29,31,5.062799453735352,6.0
29,32,2.029905080795288,-2.200000047683716
29,33,2.055474281311035,4.099999904632568
29,34,0.8310345411300659,-0.0
29,35,2.596475839614868,1.0
29,36,1.1992602348327637,0.10000000149011612
29,37,1.803189754486084,17.899999618530273
29,38,0.9305357336997986,6.900000095367432
29,39,1.0573158264160156,17.100000381469727
29,40,-2.6379802227020264,-8.600000381469727
29,41,0.42395058274269104,7.300000190734863
29,42,0.4224745035171509,3.0999999046325684
29,43,-0.19833970069885254,-10.399999618530273
29,44,0.21356457471847534,-5.400000095367432
29,45,-0.2354341745376587,14.199999809265137
29,46,0.5244644284248352,-3.9000000953674316
29,47,-1.1343719959259033,1.0
29,48,0.7918680310249329,-3.0
29,49,1.6304409503936768,-0.699999988079071
29,50,-0.7235827445983887,-7.699999809265137
29,51,-1.1306108236312866,-8.899999618530273
29,52,-1.238784670829773,-6.099999904632568
29,53,0.9704986214637756,18.100000381469727
29,54,1.866546869277954,15.800000190734863
30,0,2.5757572650909424,12.5
30,1,1.837564468383789,7.5
30,2,0.3529856204986572,-0.6000000238418579
30,3,1.746697187423706,9.300000190734863
30,4,0.8455197215080261,5.300000190734863
30,5,0.04947739839553833,5.900000095367432
30,6,1.7893755435943604,4.0
30,7,0.25801652669906616,5.900000095367432
30,8,-0.35461363196372986,8.699999809265137
30,9,-0.5034253001213074,4.699999809265137
30,10,-1.3623838424682617,-1.4500000476837158
31,0,0.7681063413619995,3.799999952316284
31,1,1.4536092281341553,3.0
31,2,1.691563606262207,6.699999809265137
32,0,0.7130972146987915,3.4000000953674316
32,1,3.6512858867645264,15.0
33,0,2.6853551864624023,4.699999809265137
33,1,0.9538136720657349,3.299999952316284
33,2,1.567799687385559,7.300000190734863
33,3,-0.1005653366446495,-4.099999904632568
33,4,0.4920913577079773,-0.800000011920929
33,5,-0.3097192943096161,-0.20000000298023224
33,6,2.485205888748169,-2.0
33,7,1.4469720125198364,4.0
33,8,1.6155810356140137,1.0
33,9,2.9846138954162598,5.0
33,10,0.11097550392150879,0.8999999761581421
33,11,2.582256317138672,-1.600000023841858
34,0,0.28022798895835876,-0.699999988079071
34,1,-0.6394756436347961,0.5
35,0,0.2283746898174286,-0.800000011920929
36,0,3.7987303733825684,27.899999618530273
36,1,2.836829900741577,21.0
36,2,5.702164649963379,34.099998474121094
36,3,4.158869743347168,25.700000762939453
36,4,4.505347728729248,26.399999618530273
37,0,-0.8657898306846619,3.0
37,1,0.572549045085907,4.0
38,0,0.13310104608535767,6.300000190734863
38,1,1.3167335987091064,3.9000000953674316
39,0,1.4100581407546997,-7.0
40,0,-1.074912428855896,2.799999952316284
40,1,-0.5002987384796143,6.699999809265137
40,2,-0.7334458827972412,3.5999999046325684
40,3,1.5525403022766113,13.600000381469727
40,4,2.338899850845337,10.699999809265137
40,5,1.7523866891860962,4.599999904632568
40,6,1.5767807960510254,-7.900000095367432
40,7,0.5347492694854736,-7.199999809265137
40,8,2.088512659072876,8.100000381469727
40,9,2.1059458255767822,14.199999809265137
40,10,-0.7666358947753906,0.6000000238418579
40,11,1.9221383333206177,0.30000001192092896
40,12,0.3455547094345093,0.8999999761581421
40,13,1.1710777282714844,0.8999999761581421
40,14,1.9850293397903442,1.7000000476837158
40,15,0.011892199516296387,4.800000190734863
40,16,2.834390163421631,15.199999809265137
40,17,0.2532585859298706,5.599999904632568
40,18,2.731837749481201,16.100000381469727
40,19,1.5370732545852661,4.599999904632568
40,20,2.9494614601135254,5.900000095367432
40,21,1.645557165145874,2.5999999046325684
40,22,2.712589740753174,2.5
40,23,1.180976152420044,7.900000095367432
40,24,3.3827579021453857,8.800000190734863
40,25,-2.6679322719573975,-2.9000000953674316
40,26,2.603792190551758,11.0
40,27,-1.0825674533843994,-5.300000190734863
40,28,0.30997902154922485,0.6000000238418579
40,29,1.231440544128418,2.0999999046325684
40,30,1.0349781513214111,-0.4000000059604645
40,31,0.45389047265052795,-3.799999952316284
40,32,-0.06342136859893799,0.8999999761581421
40,33,-1.6340458393096924,2.9000000953674316
40,34,-0.04257035255432129,1.7000000476837158
40,35,1.3315292596817017,6.199999809265137
40,36,-0.17143845558166504,4.199999809265137
40,37,-1.1251951456069946,-0.0
40,38,-1.8390331268310547,1.0
40,39,-0.5082693696022034,2.799999952316284
40,40,0.6285643577575684,-0.0
40,41,0.9064054489135742,3.4000000953674316
40,42,-0.7885774970054626,-0.4000000059604645
40,43,0.5707337260246277,0.5
40,44,0.6403523683547974,3.0
40,45,3.298027753829956,11.5
40,46,2.3913145065307617,7.5
40,47,-0.02718949317932129,2.299999952316284
40,48,-0.33316826820373535,3.200000047683716
40,49,2.078310966491699,5.800000190734863
40,50,1.533360481262207,-5.0
40,51,1.4894540309906006,-0.6000000238418579
40,52,2.2526073455810547,0.6000000238418579
40,53,-0.011417999863624573,1.2999999523162842
40,54,-0.7840995788574219,1.5
40,55,0.62947016954422,11.100000381469727
40,56,1.5931135416030884,15.100000381469727
40,57,-1.5894919633865356,-4.0
40,58,1.7115302085876465,3.5999999046325684
40,59,-1.3174599409103394,-2.9000000953674316
40,60,-0.32393956184387207,5.5
40,61,-1.158315896987915,4.800000190734863
40,62,0.2625037431716919,2.0
40,63,-0.7464616298675537,5.099999904632568
40,64,-1.3081440925598145,3.4000000953674316
40,65,0.8133298754692078,1.100000023841858
40,66,-1.426403284072876,1.100000023841858
40,67,0.6757714748382568,2.799999952316284
40,68,0.3161642551422119,3.299999952316284
40,69,1.4153488874435425,2.200000047683716
40,70,-0.19364285469055176,2.700000047683716
40,71,-0.26694023609161377,3.0
40,72,-0.823627233505249,-1.7000000476837158
40,73,0.9238302111625671,4.800000190734863
40,74,-0.9799947738647461,-1.7999999523162842
40,75,1.8723833560943604,-2.0999999046325684
40,76,2.212137460708618,-4.0
40,77,0.9925473928451538,2.799999952316284
40,78,1.6264500617980957,-3.5
40,79,1.4058737754821777,-0.10000000149011612
40,80,1.676055908203125,3.799999952316284
40,81,0.6464537382125854,0.10000000149011612
40,82,1.6074085235595703,-0.20000000298023224
40,83,-0.22198617458343506,7.599999904632568
40,84,-0.048221468925476074,4.099999904632568
40,85,1.4020957946777344,-0.0
40,86,1.9920437335968018,15.899999618530273
40,87,3.4022250175476074,8.100000381469727
40,88,-0.328593373298645,2.700000047683716
40,89,4.100114822387695,17.899999618530273
40,90,1.1410387754440308,4.900000095367432
40,91,1.6309449672698975,1.7999999523162842
40,92,3.4522948265075684,16.299999237060547
40,93,3.5323805809020996,12.899999618530273
40,94,0.8724890947341919,8.699999809265137
40,95,-1.8008688688278198,-1.600000023841858
40,96,-2.2543551921844482,1.899999976158142
40,97,-3.0456767082214355,-1.2000000476837158
40,98,0.850193977355957,3.0
40,99,-2.127744197845459,-1.100000023841858
40,100,2.800764560699463,9.899999618530273
40,101,1.3146718740463257,10.199999809265137
40,102,0.8484447598457336,-0.0
40,103,0.41057950258255005,0.4000000059604645
40,104,2.9357528686523438,12.5
40,105,2.626716375350952,6.300000190734863
40,106,3.2376582622528076,14.399999618530273
40,107,3.695415735244751,10.800000190734863
40,108,2.5398874282836914,6.800000190734863
40,109,0.22777481377124786,-0.0
40,110,0.12071466445922852,0.30000001192092896
40,111,3.062723398208618,11.899999618530273
40,112,0.8642029762268066,-3.9000000953674316
40,113,4.259993076324463,13.399999618530273
40,114,3.034456729888916,6.0
40,115,3.8537709712982178,7.800000190734863
40,116,2.65891170501709,17.600000381469727
40,117,2.770674467086792,14.600000381469727
40,118,0.13772960007190704,-0.30000001192092896
40,119,0.7243255376815796,0.10000000149011612
40,120,-0.009738892316818237,-0.20000000298023224
40,121,0.14933869242668152,0.6000000238418579
40,122,0.3240797519683838,3.0
40,123,0.37744569778442383,1.0
40,124,3.3538076877593994,12.199999809265137
40,125,0.3020157814025879,0.5
40,126,1.6400012969970703,0.699999988079071
40,127,0.4829282760620117,6.800000190734863
40,128,3.731473445892334,13.899999618530273
40,129,0.44417405128479004,7.199999809265137
40,130,2.338899612426758,13.5
40,131,3.4341368675231934,10.699999809265137
40,132,1.5327391624450684,3.5
40,133,1.8046813011169434,5.800000190734863
40,134,0.10687053203582764,6.599999904632568
40,135,2.7455334663391113,-8.25
40,136,1.1809760332107544,9.0
40,137,-2.6679322719573975,-3.5999999046325684
40,138,-2.457733392715454,-4.666666507720947
40,139,-1.0825674533843994,-5.71999979019165
40,140,-0.11781510710716248,5.949999809265137
40,141,1.9957897663116455,8.699999809265137
40,142,3.298027753829956,15.800000190734863
40,143,2.8260817527770996,-7.25
40,144,0.6512407660484314,3.200000047683716
40,145,-0.7663611173629761,0.8333333134651184
40,146,2.6267166137695312,10.199999809265137
40,147,3.062723159790039,14.5
40,148,3.0627236366271973,12.199999809265137
40,149,3.0627236366271973,11.100000381469727
40,150,0.8642027378082275,-3.799999952316284
40,151,0.5573437809944153,11.600000381469727
40,152,0.5724385380744934,8.899999618530273
40,153,0.22840261459350586,12.100000381469727
41,0,-0.703982949256897,4.0
41,1,1.6996930837631226,-1.0
41,2,-0.07861612737178802,7.0
41,3,0.06703084707260132,-1.0
42,0,0.5548286437988281,6.099999904632568
42,1,0.8574235439300537,4.099999904632568
42,2,-1.7371324300765991,8.699999809265137
42,3,-2.0264339447021484,1.0
42,4,0.07991157472133636,11.600000381469727
42,5,-1.530376672744751,-0.30000001192092896
42,6,-0.668220043182373,4.5
42,7,-0.3713487386703491,3.200000047683716
42,8,-0.6760413646697998,-10.699999809265137
42,9,-0.13071221113204956,2.700000047683716
42,10,-0.2541978657245636,1.100000023841858
42,11,-0.4616590142250061,-6.300000190734863
42,12,-0.4981147050857544,-1.899999976158142
42,13,-0.2887280285358429,4.099999904632568
42,14,-0.08922621607780457,1.899999976158142
42,15,0.41884398460388184,4.5
42,16,0.1329609751701355,5.199999809265137
42,17,-0.6796212196350098,1.100000023841858
42,18,0.7254979610443115,12.5
42,19,1.6043905019760132,3.299999952316284
42,20,0.6679535508155823,5.400000095367432
42,21,-0.7581818699836731,10.699999809265137
42,22,0.007812321186065674,1.100000023841858
43,0,2.6517534255981445,10.699999809265137
43,1,1.3041006326675415,1.2000000476837158
43,2,1.9379072189331055,2.9000000953674316
44,0,0.39187896251678467,1.2000000476837158
44,1,0.8190290927886963,5.900000095367432
44,2,0.15668044984340668,9.5
44,3,0.712451696395874,19.799999237060547
44,4,0.7255058288574219,1.7000000476837158
45,0,0.5009353756904602,-0.5
45,1,-0.23556828498840332,-0.699999988079071
45,2,-0.05606788396835327,-1.100000023841858
45,3,-0.04669749736785889,-0.30000001192092896
46,0,-1.7549378871917725,-7.0
46,1,-1.1422444581985474,-8.0
47,0,2.154693603515625,10.899999618530273
48,0,0.06684249639511108,-0.20000000298023224
48,1,0.5442365407943726,1.399999976158142
48,2,1.2501779794692993,1.600000023841858
48,3,2.0155558586120605,-0.800000011920929
48,4,2.127535343170166,-0.6000000238418579
48,5,1.718253493309021,3.4000000953674316
48,6,2.137834072113037,3.200000047683716
48,7,0.07486510276794434,0.800000011920929
48,8,1.6429085731506348,1.600000023841858
48,9,-0.24405354261398315,0.20000000298023224
48,10,2.7780165672302246,3.4000000953674316
48,11,-1.237114667892456,3.5999999046325684
48,12,2.328988552093506,2.799999952316284
48,13,0.6924099326133728,6.599999904632568
48,14,0.3793618083000183,0.4000000059604645
48,15,1.0706653594970703,6.400000095367432
48,16,0.8368473052978516,0.20000000298023224
48,17,1.1801707744598389,1.399999976158142
48,18,1.2080447673797607,3.0
48,19,-0.08599960803985596,5.0
48,20,1.0776041746139526,0.800000011920929
48,21,0.7376867532730103,4.0
48,22,0.7102624177932739,4.0
48,23,-1.0717661380767822,5.800000190734863
48,24,-1.3551008701324463,3.200000047683716
48,25,1.7716175317764282,-1.0
48,26,0.0026437044143676758,-0.800000011920929
48,27,2.579007625579834,-0.4000000059604645
48,28,-0.511461615562439,2.4000000953674316
48,29,1.6666090488433838,-0.800000011920929
48,30,1.7832872867584229,0.20000000298023224
48,31,0.6122042536735535,1.600000023841858
48,32,1.3506039381027222,0.4000000059604645
48,33,1.1008415222167969,-0.4000000059604645
48,34,1.0927008390426636,0.20000000298023224
48,35,2.097248077392578,-2.200000047683716
48,36,1.2866103649139404,0.4000000059604645
48,37,1.2937426567077637,-0.20000000298023224
48,38,1.4064502716064453,-0.4000000059604645
48,39,1.871267557144165,-0.20000000298023224
48,40,-0.6513087749481201,-0.4000000059604645
48,41,-0.7307971715927124,-2.0
48,42,4.540620803833008,-1.600000023841858
48,43,1.741186499595642,-0.4000000059604645
48,44,0.4633702039718628,-1.600000023841858
48,45,0.7677785158157349,-1.7999999523162842
48,46,0.7085305452346802,0.20000000298023224
48,47,1.2666391134262085,2.200000047683716
48,48,-0.40131276845932007,-0.20000000298023224
48,49,1.6642282009124756,-0.0
48,50,2.5250937938690186,1.0
48,51,0.29485023021698,0.20000000298023224
48,52,2.647036552429199,1.0
49,0,-0.4328669011592865,7.199999809265137
49,1,-0.5250784754753113,9.199999809265137
50,0,1.4770337343215942,12.0
50,1,1.8339004516601562,-1.3333333730697632
50,2,0.6184943914413452,-3.6666667461395264
51,0,1.156464695930481,3.299999952316284
52,0,-0.8638143539428711,-7.800000190734863
53,0,0.8208728432655334,-2.7699999809265137
54,0,0.6557783484458923,4.599999904632568
54,1,1.152408480644226,5.599999904632568
54,2,2.5910511016845703,9.0
54,3,1.1425533294677734,6.599999904632568
54,4,-0.11824716627597809,23.899999618530273
54,5,2.1162068843841553,6.300000190734863
54,6,0.9984391927719116,5.599999904632568
54,7,-0.7012282609939575,4.199999809265137
54,8,-0.49022385478019714,-14.399999618530273
54,9,-0.8889542818069458,17.200000762939453
54,10,-0.8903404474258423,12.233333587646484
54,11,-0.1883363127708435,-10.066666603088379
54,12,2.0023372173309326,0.23333333432674408
54,13,-0.10354220867156982,-14.5
54,14,-0.25434616208076477,-15.5
54,15,0.07514379918575287,2.9000000953674316
54,16,0.9622833728790283,-13.199999809265137
55,0,-0.7735614776611328,-0.4000000059604645
55,1,1.5233707427978516,2.5
55,2,-0.5353240370750427,-0.10000000149011612
55,3,-0.5411243438720703,-3.200000047683716
55,4,0.026371091604232788,9.199999809265137
55,5,-0.5182119011878967,-2.0
55,6,-0.49093762040138245,-2.299999952316284
55,7,0.15974819660186768,5.5
55,8,0.34910231828689575,-0.4000000059604645
55,9,0.37828853726387024,2.0
55,10,-0.7665169835090637,8.600000381469727
55,11,-0.10301917791366577,0.800000011920929
55,12,-0.469298779964447,2.200000047683716
55,13,-0.4474864602088928,6.099999904632568
55,14,-0.9716772437095642,-1.0
55,15,-0.8384124040603638,4.400000095367432
55,16,1.169411540031433,6.400000095367432
55,17,0.29679158329963684,7.400000095367432
55,18,0.24418243765830994,8.399999618530273
55,19,-0.009397447109222412,7.099999904632568
55,20,-0.8290039896965027,1.399999976158142
55,21,-0.2648969888687134,4.800000190734863
55,22,-1.2630250453948975,-0.20000000298023224
55,23,-0.39720988273620605,5.400000095367432
55,24,-0.770750880241394,1.5
55,25,0.6269975900650024,7.0
55,26,-0.9711019396781921,3.700000047683716
55,27,-0.9778159260749817,3.0999999046325684
56,0,0.14201968908309937,-0.5
56,1,0.7829729914665222,4.0
56,2,-1.2702672481536865,-7.699999809265137
56,3,-0.07495671510696411,-0.10000000149011612
56,4,0.2831534147262573,-2.0999999046325684
56,5,-0.39971399307250977,-2.5
56,6,-0.6320905685424805,-0.20000000298023224
56,7,-0.4327963888645172,-0.5
56,8,-0.5626344084739685,-3.9000000953674316
56,9,-0.31431517004966736,-0.5
56,10,-0.18653182685375214,-0.5
56,11,-2.014130115509033,0.800000011920929
56,12,0.8945040702819824,-0.10000000149011612
56,13,-0.3534965217113495,-0.30000001192092896
56,14,1.8569492101669312,-0.10000000149011612
56,15,0.20155882835388184,1.0
57,0,1.8604687452316284,6.800000190734863
57,1,0.7767786979675293,-1.100000023841858
57,2,0.8770668506622314,3.299999952316284
58,0,0.6399674415588379,-6.199999809265137
58,1,-0.16729284822940826,-3.3499999046325684
58,2,-1.7450320720672607,-1.600000023841858
58,3,-0.6706684827804565,1.5499999523162842
58,4,1.478564739227295,8.199999809265137
59,0,-0.019653797149658203,3.799999952316284
59,1,0.7929105758666992,4.599999904632568
59,2,0.6088855862617493,-5.0
59,3,0.608885645866394,0.10000000149011612
59,4,2.974907398223877,-1.0
59,5,2.974907875061035,-1.899999976158142
59,6,0.792910099029541,4.0
60,0,2.5194060802459717,14.0
60,1,1.431966781616211,-4.0
61,0,2.605013847351074,19.399999618530273
61,1,3.1059606075286865,17.799999237060547
61,2,-1.399296522140503,-0.0
61,3,-0.7494506239891052,-1.399999976158142
62,0,2.3323967456817627,4.5
62,1,-0.9778700470924377,2.4000000953674316
62,2,1.4294763803482056,3.4000000953674316
62,3,1.6367164850234985,2.5999999046325684
62,4,0.9154981970787048,1.2999999523162842
62,5,-0.6176728010177612,-0.30000001192092896
62,6,-0.24396368861198425,2.5999999046325684
62,7,0.7733359336853027,1.2999999523162842
62,8,-0.10035181045532227,0.20000000298023224
62,9,5.10814094543457,5.099999904632568
62,10,-0.6467674970626831,0.10000000149011612
62,11,3.0129449367523193,-0.5
62,12,0.9796369671821594,5.0
62,13,2.932795286178589,1.399999976158142
62,14,2.853187084197998,1.0
62,15,0.6125130653381348,5.199999809265137
62,16,-0.5018683671951294,-1.600000023841858
63,0,-0.5829372406005859,0.6000000238418579
63,1,0.3429829478263855,4.800000190734863
64,0,-0.8377606272697449,-0.07000000029802322
64,1,0.2636603116989136,10.0
64,2,-0.956100583076477,-20.0
64,3,1.713782787322998,9.0
64,4,2.702263355255127,11.0
64,5,-0.1659564971923828,-30.0
65,0,-0.23576784133911133,-0.800000011920929
65,1,0.7758658528327942,-4.400000095367432
65,2,-0.6424742937088013,-3.799999952316284
65,3,2.5854530334472656,-4.300000190734863
65,4,1.6643447875976562,17.0
65,5,-2.7216544151306152,-0.6000000238418579
65,6,-0.15852868556976318,7.599999904632568
65,7,2.880049228668213,3.700000047683716
66,0,-0.015523158013820648,2.299999952316284
67,0,-0.36295002698898315,-4.199999809265137
67,1,0.5299387574195862,-5.199999809265137
67,2,-0.9280014038085938,-3.0999999046325684
67,3,-0.055234745144844055,-8.0
67,4,0.3637917637825012,-0.699999988079071
67,5,2.9927659034729004,10.699999809265137
67,6,1.2874112129211426,2.200000047683716
67,7,3.050152540206909,8.399999618530273
67,8,1.8958580493927002,8.699999809265137
67,9,2.1443123817443848,5.199999809265137
67,10,2.6526851654052734,13.699999809265137
67,11,2.3359920978546143,5.199999809265137
67,12,2.124228000640869,11.899999618530273
67,13,2.130352020263672,5.599999904632568
68,0,0.01945483684539795,5.199999809265137
68,1,-0.08101260662078857,4.199999809265137
68,2,-1.4148399829864502,6.199999809265137
68,3,1.1544981002807617,1.2000000476837158
68,4,2.503039598464966,1.7999999523162842
68,5,-0.5519096255302429,5.599999904632568
68,6,1.208104133605957,6.0
69,0,-0.0040264129638671875,-4.800000190734863
69,1,-0.5296206474304199,-2.5
70,0,-0.030876874923706055,-10.0
71,0,1.6340349912643433,0.4000000059604645
71,1,-0.4348773658275604,-0.0
71,2,1.4393978118896484,5.5
71,3,1.5861001014709473,4.699999809265137
72,0,1.1742099523544312,11.800000190734863
72,1,-1.1057363748550415,7.5
72,2,2.632633924484253,4.699999809265137
73,0,1.9421499967575073,-3.0
73,1,2.0319628715515137,-6.300000190734863
73,2,0.06637704372406006,-3.799999952316284
74,0,-0.5549785494804382,4.0
74,1,1.3758556842803955,-1.0
74,2,0.9491490721702576,-3.0
74,3,-0.22679811716079712,4.0
74,4,1.375138282775879,-0.0
74,5,0.2483576536178589,1.0
74,6,1.6510908603668213,1.0
75,0,0.9217148423194885,15.0
75,1,-0.0512654185295105,3.299999952316284
75,2,1.4597162008285522,15.0
75,3,-0.3969203233718872,1.399999976158142
75,4,-0.14420536160469055,-0.30000001192092896
76,0,1.746660590171814,15.100000381469727
77,0,0.030058622360229492,1.2999999523162842
78,0,0.8802988529205322,2.5999999046325684
78,1,0.7669827938079834,2.200000047683716
78,2,0.02711617946624756,3.5
78,3,2.8808884620666504,31.600000381469727
78,4,3.2464494705200195,34.29999923706055
78,5,1.879923939704895,11.5
78,6,-0.35927653312683105,8.899999618530273
78,7,1.7337082624435425,14.899999618530273
78,8,0.4358150362968445,6.300000190734863
78,9,0.31450700759887695,3.0
78,10,1.550253987312317,10.300000190734863
78,11,0.7359824776649475,8.600000381469727
78,12,0.10759079456329346,-0.6000000238418579
78,13,2.6201040744781494,10.300000190734863
78,14,3.2211644649505615,17.0
78,15,0.5123370885848999,0.699999988079071
78,16,-0.8508632183074951,10.899999618530273
78,17,-0.8994203209877014,-3.299999952316284
78,18,0.7095522880554199,10.600000381469727
78,19,1.8728251457214355,6.699999809265137
78,20,0.8112200498580933,1.399999976158142
78,21,1.2867475748062134,10.699999809265137
78,22,2.260549306869507,14.699999809265137
78,23,-0.35845303535461426,-0.10000000149011612
78,24,0.5115216970443726,2.4000000953674316
78,25,1.744019627571106,3.200000047683716
78,26,2.8993101119995117,4.400000095367432
78,27,1.8520991802215576,5.5
78,28,2.7935054302215576,10.100000381469727
78,29,-0.4795007109642029,4.5
78,30,2.1276330947875977,13.0
78,31,1.798954725265503,8.199999809265137
78,32,2.670736312866211,17.200000762939453
78,33,-0.6774305105209351,2.5999999046325684
78,34,-0.14492106437683105,3.299999952316284
78,35,2.1433207988739014,9.300000190734863
78,36,3.243713140487671,19.899999618530273
78,37,-0.6819586753845215,0.20000000298023224
78,38,-0.22463130950927734,7.300000190734863
78,39,1.3903151750564575,-0.10000000149011612
78,40,2.747711658477783,11.899999618530273
78,41,-0.30927884578704834,4.400000095367432
78,42,0.05658125877380371,2.5
78,43,-0.30165818333625793,6.099999904632568
78,44,0.7877298593521118,6.099999904632568
78,45,0.8574522137641907,7.099999904632568
78,46,1.092982292175293,7.900000095367432
78,47,-0.3316135108470917,-1.100000023841858
78,48,-0.3011009693145752,10.100000381469727
78,49,2.8488378524780273,-0.0
78,50,-0.7493089437484741,3.0
78,51,-0.7493089437484741,1.2000000476837158
78,52,-0.7493089437484741,-0.20000000298023224
78,53,0.7095522284507751,10.5
78,54,1.1434895992279053,10.5
78,55,1.2867474555969238,9.5
78,56,1.513026237487793,8.5
78,57,2.411783218383789,22.899999618530273
78,58,3.27352237701416,27.133333206176758
78,59,2.7832248210906982,26.799999237060547
78,60,3.6006369590759277,34.29999923706055
78,61,3.5304603576660156,33.29999923706055
79,0,2.112614154815674,11.100000381469727
79,1,1.8747771978378296,12.300000190734863
79,2,1.462989330291748,-0.800000011920929
79,3,-0.7514839172363281,0.20000000298023224
79,4,1.042859435081482,9.5
79,5,1.692995309829712,6.199999809265137
79,6,-0.6278113126754761,7.900000095367432
79,7,0.6157041788101196,17.899999618530273
79,8,0.6283707618713379,8.899999618530273
80,0,-0.04842567443847656,1.5
80,1,-0.25802910327911377,1.100000023841858
80,2,0.28511500358581543,-1.399999976158142
81,0,3.641055107116699,-0.0
81,1,2.8935294151306152,0.6000000238418579
81,2,1.1854751110076904,-1.2000000476837158
81,3,-0.13429497182369232,-0.6000000238418579
82,0,-2.4940974712371826,-3.200000047683716
82,1,-1.5261175632476807,-5.5
82,2,-1.9281772375106812,4.5
83,0,3.3983702659606934,2.299999952316284
83,1,3.4757657051086426,2.9000000953674316
83,2,3.2090797424316406,5.199999809265137
83,3,3.417248249053955,5.099999904632568
83,4,1.7322940826416016,2.9000000953674316
83,5,0.9428468346595764,0.4000000059604645
83,6,1.241056203842163,4.099999904632568
83,7,-0.9364739060401917,-1.100000023841858
83,8,-0.027427271008491516,1.7999999523162842
83,9,4.137538909912109,11.199999809265137
83,10,3.8856101036071777,8.899999618530273
83,11,3.5788116455078125,11.0
83,12,3.9246249198913574,10.100000381469727
83,13,1.6778620481491089,7.5
83,14,2.718472480773926,7.5
83,15,0.45347172021865845,1.5
83,16,0.21333256363868713,1.2999999523162842
83,17,3.003216505050659,12.100000381469727
83,18,0.06088605523109436,1.0
83,19,-0.49080026149749756,0.5
83,20,-0.33017873764038086,-0.20000000298023224
83,21,-0.46605390310287476,2.5999999046325684
83,22,-0.5227428078651428,9.300000190734863
83,23,0.5231419801712036,7.5
83,24,-0.6472522616386414,9.199999809265137
83,25,2.093867540359497,0.800000011920929
83,26,0.07931876182556152,-3.0999999046325684
83,27,1.1428773403167725,-1.600000023841858
83,28,1.6386644840240479,-2.200000047683716
83,29,2.976203203201294,2.799999952316284
83,30,1.8310502767562866,11.0
83,31,3.9259934425354004,7.099999904632568
83,32,0.6652756929397583,3.700000047683716
83,33,0.5316567420959473,-2.4000000953674316
83,34,1.7395426034927368,-0.10000000149011612
83,35,1.3861923217773438,0.6000000238418579
83,36,1.1355462074279785,-1.600000023841858
83,37,1.283229947090149,-0.0
83,38,4.727601528167725,7.5
83,39,3.5061864852905273,0.800000011920929
83,40,3.5501656532287598,9.300000190734863
83,41,3.018538236618042,0.5
83,42,2.529742479324341,-0.800000011920929
83,43,2.8240885734558105,1.600000023841858
83,44,3.210031509399414,4.5
83,45,1.8276119232177734,5.699999809265137
83,46,-2.5041651725769043,-1.0
83,47,2.635587692260742,5.099999904632568
83,48,1.654203176498413,11.0
83,49,2.602301836013794,7.099999904632568
83,50,1.302457571029663,4.5
83,51,0.6526304483413696,1.100000023841858
83,52,2.0662901401519775,6.400000095367432
83,53,0.8403470516204834,5.900000095367432
83,54,3.417945146560669,10.100000381469727
83,55,2.204751968383789,10.100000381469727
83,56,2.920851945877075,8.199999809265137
83,57,1.6647521257400513,4.199999809265137
83,58,0.5919880867004395,0.6000000238418579
83,59,2.858207941055298,10.399999618530273
83,60,2.1839113235473633,10.100000381469727
83,61,3.005316734313965,3.5
83,62,2.1160054206848145,3.700000047683716
83,63,0.3932981491088867,2.0999999046325684
83,64,-0.46620017290115356,2.5999999046325684
83,65,0.600122332572937,3.0999999046325684
83,66,-1.330908179283142,1.7000000476837158
83,67,0.6387580633163452,0.4000000059604645
83,68,-0.20833519101142883,1.0
83,69,1.726943850517273,9.0
83,70,0.30081093311309814,3.0999999046325684
83,71,0.6169706583023071,1.7999999523162842
83,72,2.9041879177093506,6.199999809265137
83,73,1.244088888168335,2.0999999046325684
83,74,3.7849113941192627,17.899999618530273
83,75,2.355355739593506,0.699999988079071
83,76,0.8269798755645752,1.0
83,77,2.500286817550659,8.800000190734863
83,78,0.98990797996521,5.300000190734863
83,79,0.40875595808029175,2.5
83,80,2.8149683475494385,6.400000095367432
83,81,2.5291361808776855,10.100000381469727
83,82,0.625268816947937,2.700000047683716
83,83,-0.50067538022995,5.099999904632568
83,84,2.782421112060547,6.300000190734863
83,85,2.554818868637085,10.5
83,86,1.0617533922195435,4.900000095367432
83,87,2.210721492767334,7.400000095367432
83,88,0.9189467430114746,2.0
83,89,2.586091995239258,11.399999618530273
83,90,1.5010188817977905,0.699999988079071
83,91,1.1635767221450806,3.700000047683716
83,92,0.9927369356155396,1.5
83,93,1.966825246810913,5.199999809265137
83,94,2.3058102130889893,8.199999809265137
83,95,-0.6339576244354248,2.299999952316284
83,96,1.4102222919464111,5.199999809265137
83,97,1.7498996257781982,-0.6000000238418579
83,98,1.458937406539917,10.5
83,99,-0.18167495727539062,-1.7000000476837158
83,100,1.0976024866104126,0.6000000238418579
83,101,2.4149069786071777,4.800000190734863
83,102,-0.5840423107147217,-1.7000000476837158
83,103,-0.2275625467300415,0.10000000149011612
83,104,0.7906321883201599,4.5
83,105,-0.3001847267150879,10.600000381469727
83,106,3.6706104278564453,3.700000047683716
83,107,-1.3024368286132812,-0.5
83,108,-0.6752792596817017,-1.5
83,109,0.46544283628463745,-0.699999988079071
83,110,-1.2285871505737305,-0.8999999761581421
83,111,-0.9338705539703369,-1.2999999523162842
83,112,-0.8971984386444092,3.5999999046325684
83,113,-0.4884606599807739,2.700000047683716
83,114,-0.3338697552680969,0.699999988079071
83,115,-0.5503389239311218,0.6000000238418579
83,116,3.1691079139709473,7.599999904632568
83,117,-1.0051077604293823,0.5
83,118,-1.6664245128631592,3.0
83,119,-0.03304430842399597,0.800000011920929
83,120,0.05743896961212158,0.5
83,121,-0.002090301364660263,0.30000001192092896
83,122,1.4380983114242554,8.699999809265137
83,123,-1.9642388820648193,-3.5999999046325684
83,124,1.1511839628219604,-2.799999952316284
83,125,0.0333632230758667,0.10000000149011612
83,126,-0.8939639925956726,-1.0
83,127,-1.5016005039215088,0.4000000059604645
83,128,-1.828605055809021,0.30000001192092896
83,129,-2.3176584243774414,-0.0
83,130,-0.09974083304405212,-0.20000000298023224
83,131,0.4717257618904114,1.600000023841858
83,132,-0.30331555008888245,-0.10000000149011612
83,133,-0.5179856419563293,-0.8999999761581421
83,134,0.2900242507457733,-0.6000000238418579
83,135,-1.082273006439209,-1.100000023841858
83,136,-1.1196882724761963,-0.8999999761581421
83,137,-0.3305979371070862,0.4000000059604645
83,138,1.5731381177902222,10.300000190734863
83,139,-1.1400516033172607,-0.800000011920929
83,140,0.38168057799339294,-0.699999988079071
83,141,0.1344951093196869,-0.0
83,142,-0.18011382222175598,-0.30000001192092896
83,143,-0.37870892882347107,-0.20000000298023224
83,144,-0.10211580991744995,-0.5
83,145,0.7468846440315247,2.9000000953674316
83,146,-2.02681040763855,-1.5
83,147,-0.5040280818939209,-0.30000001192092896
83,148,-0.2439686506986618,0.4000000059604645
83,149,0.8747609257698059,0.5
83,150,-0.19988936185836792,-1.0
83,151,1.1807682514190674,4.0
83,152,1.4732176065444946,1.399999976158142
83,153,1.8853358030319214,1.0
83,154,0.33523809909820557,5.5
83,155,0.8252964019775391,-0.800000011920929
83,156,0.7513912916183472,-1.399999976158142
83,157,2.840477228164673,4.0
83,158,1.8470261096954346,3.0999999046325684
83,159,2.799778938293457,4.099999904632568
83,160,1.6241483688354492,2.5999999046325684
83,161,0.45364880561828613,0.4000000059604645
83,162,2.619182586669922,4.0
83,163,2.270646572113037,4.400000095367432
83,164,-0.3030233383178711,1.5
83,165,1.6859253644943237,3.0999999046325684
83,166,1.6041580438613892,2.9000000953674316
83,167,1.647972583770752,4.599999904632568
83,168,-0.2709237337112427,2.5999999046325684
83,169,0.9563335180282593,2.0
83,170,1.8140453100204468,9.0
83,171,1.201237678527832,5.5
83,172,2.8857765197753906,15.300000190734863
83,173,-0.45508289337158203,0.20000000298023224
83,174,1.0059128999710083,7.800000190734863
83,175,2.474069595336914,13.199999809265137
83,176,1.8811523914337158,8.300000190734863
83,177,2.245224714279175,4.699999809265137
83,178,1.319587230682373,3.700000047683716
83,179,2.1799960136413574,4.300000190734863
83,180,0.5694389343261719,0.800000011920929
83,181,2.7205491065979004,6.300000190734863
83,182,2.863837957382202,4.599999904632568
83,183,0.5144001245498657,5.0
84,0,-1.6942353248596191,-40.0
84,1,-1.3298735618591309,-40.0
84,2,-0.851182222366333,-40.0
85,0,3.0916996002197266,8.100000381469727
85,1,-0.572330892086029,0.30000001192092896
86,0,0.7250655889511108,4.699999809265137
86,1,0.533477246761322,1.600000023841858
86,2,0.9569426774978638,6.300000190734863
86,3,3.781999349594116,5.800000190734863
86,4,1.3136212825775146,4.400000095367432
86,5,0.43640100955963135,2.700000047683716
86,6,1.0517767667770386,2.5999999046325684
86,7,-0.08107799291610718,-0.30000001192092896
86,8,1.028414249420166,9.300000190734863
86,9,1.8760162591934204,7.0
86,10,0.43333563208580017,4.800000190734863
86,11,1.3603953123092651,7.900000095367432
86,12,-0.3102523386478424,1.899999976158142
86,13,2.4213104248046875,4.400000095367432
86,14,2.612891674041748,4.400000095367432
87,0,-0.7642326354980469,-1.2000000476837158
87,1,0.28422948718070984,-3.0
87,2,3.481104850769043,16.0
87,3,-0.13592541217803955,-9.199999809265137
87,4,-0.7037022113800049,0.800000011920929
87,5,-3.2048757076263428,-9.899999618530273
87,6,-1.5272068977355957,-5.599999904632568
87,7,-1.9424073696136475,-9.600000381469727
87,8,-0.1399247646331787,-7.599999904632568
87,9,-1.403221607208252,-8.699999809265137
87,10,-0.34209299087524414,-5.5
87,11,-0.4618610739707947,-9.0
87,12,-3.7345261573791504,-7.599999904632568
87,13,-3.6440811157226562,-9.600000381469727
87,14,0.39045658707618713,2.5
87,15,1.7898119688034058,5.900000095367432
87,16,0.7715232372283936,-3.9000000953674316
87,17,1.367447018623352,-0.10000000149011612
87,18,2.46506404876709,12.300000190734863
87,19,0.5811933279037476,5.699999809265137
87,20,-0.036809030920267105,-0.10999999940395355
87,21,0.6271758079528809,3.4000000953674316
87,22,0.34601902961730957,0.30000001192092896
87,23,0.34273409843444824,3.9000000953674316
87,24,2.179565668106079,11.899999618530273
87,25,2.331927537918091,13.800000190734863
87,26,2.976358652114868,12.300000190734863
87,27,0.6196966171264648,1.600000023841858
87,28,1.6846257448196411,5.0
87,29,1.6942651271820068,3.200000047683716
87,30,-1.31643807888031,0.10000000149011612
87,31,2.266115427017212,7.599999904632568
87,32,-0.6264456510543823,4.699999809265137
87,33,-0.6264458894729614,5.199999809265137
87,34,1.7618664503097534,8.0
87,35,-0.4282676577568054,-3.5
87,36,0.1764148473739624,-0.800000011920929
87,37,-0.11041022092103958,3.9000000953674316
87,38,-0.5957493782043457,0.699999988079071
87,39,0.04237857460975647,-1.5
87,40,-0.5150141716003418,1.100000023841858
87,41,-0.22045113146305084,-0.4000000059604645
87,42,-0.31635600328445435,-1.7000000476837158
87,43,-0.7843679189682007,-0.699999988079071
87,44,0.21317695081233978,4.5
87,45,-0.3491547107696533,-1.0
87,46,-1.9517629146575928,4.699999809265137
87,47,1.740714430809021,6.300000190734863
87,48,-0.42618119716644287,5.599999904632568
87,49,-0.856322705745697,-0.0
87,50,0.12204492092132568,0.10000000149011612
87,51,-0.9439244270324707,0.800000011920929
87,52,1.4335321187973022,5.699999809265137
87,53,-0.08730842173099518,2.0999999046325684
87,54,0.6049128174781799,3.200000047683716
87,55,0.2466210424900055,4.599999904632568
87,56,0.4922163188457489,1.600000023841858
87,57,2.075521230697632,15.0
87,58,0.12549111247062683,-1.2000000476837158
87,59,0.012217044830322266,0.800000011920929
87,60,0.25956976413726807,7.599999904632568
87,61,0.35448336601257324,12.100000381469727
87,62,0.4179356098175049,1.899999976158142
87,63,0.5593881607055664,5.199999809265137
87,64,0.5812340974807739,3.9000000953674316
87,65,-0.08278560638427734,1.100000023841858
87,66,-0.13592565059661865,1.2999999523162842
87,67,-0.1359255313873291,-11.699999809265137
87,68,-3.2048754692077637,1.399999976158142
87,69,-3.204875946044922,-13.100000381469727
87,70,-0.3420930504798889,4.800000190734863
87,71,-0.3420928716659546,-7.599999904632568
87,72,0.3904567062854767,5.099999904632568
87,73,1.789812445640564,7.900000095367432
87,74,0.7715229988098145,-0.4000000059604645
87,75,1.3674471378326416,0.10000000149011612
87,76,-0.4282676577568054,-1.2999999523162842
87,77,0.17641490697860718,-0.8999999761581421
87,78,0.1764148473739624,-3.5999999046325684
87,79,-0.11041034758090973,4.5
88,0,1.0186983346939087,-7.0
88,1,0.7534263134002686,8.800000190734863
88,2,-0.6559348106384277,-15.300000190734863
88,3,1.1535940170288086,-0.800000011920929
89,0,0.35578417778015137,-0.8999999761581421
89,1,-0.36000382900238037,0.10000000149011612
89,2,1.434980869293213,-1.100000023841858
89,3,-2.0417380332946777,-1.899999976158142
89,4,-0.739587664604187,-1.600000023841858
90,0,2.0755109786987305,0.30000001192092896
90,1,1.3820213079452515,1.0
90,2,-0.3081928491592407,-0.30000001192092896
90,3,1.3140782117843628,-2.5999999046325684
90,4,1.9466934204101562,-0.10000000149011612
90,5,2.624865770339966,3.299999952316284
90,6,2.4445860385894775,0.10000000149011612
90,7,0.30406126379966736,14.300000190734863
90,8,0.4514596462249756,1.7999999523162842
90,9,0.862109899520874,1.7999999523162842
90,10,1.195291519165039,4.599999904632568
90,11,0.3533289432525635,2.700000047683716
90,12,0.7047897577285767,6.099999904632568
90,13,0.9584630727767944,1.100000023841858
90,14,-0.04543602466583252,1.7999999523162842
90,15,0.5473664402961731,3.9000000953674316
90,16,2.7642717361450195,2.0999999046325684
90,17,0.7998143434524536,1.7000000476837158
90,18,0.4782449007034302,-0.5
90,19,1.8176606893539429,4.599999904632568
90,20,0.923265814781189,5.5
90,21,2.3232645988464355,7.199999809265137
90,22,2.241859197616577,0.8999999761581421
90,23,2.361257553100586,0.800000011920929
90,24,-0.4099625051021576,-1.5
90,25,2.625556468963623,0.4000000059604645
90,26,2.3188958168029785,1.100000023841858
90,27,0.632495105266571,0.5
90,28,-1.883718490600586,0.5
90,29,1.4482066631317139,3.0
90,30,0.7258332967758179,2.200000047683716
90,31,2.22198486328125,8.100000381469727
90,32,0.5263038873672485,1.600000023841858
90,33,3.0950701236724854,12.5
90,34,1.3936519622802734,15.0
90,35,4.215850830078125,2.700000047683716
90,36,-0.13512873649597168,0.30000001192092896
90,37,1.0345841646194458,5.800000190734863
90,38,2.9605326652526855,12.5
90,39,0.9742234945297241,3.5999999046325684
90,40,3.8370471000671387,5.199999809265137
90,41,1.5645197629928589,2.5999999046325684
90,42,5.084889888763428,12.699999809265137
90,43,-0.24860405921936035,-0.0
90,44,1.0162410736083984,4.199999809265137
90,45,4.406748294830322,11.800000190734863
90,46,3.491929531097412,6.900000095367432
90,47,1.33074152469635,4.400000095367432
90,48,2.5290656089782715,13.800000190734863
90,49,2.337583065032959,8.699999809265137
90,50,0.43149304389953613,1.399999976158142
90,51,-0.3771253526210785,2.200000047683716
90,52,-0.5688254237174988,0.5
90,53,3.1798176765441895,12.399999618530273
90,54,0.7816994190216064,-0.6000000238418579
90,55,-1.2473735809326172,-0.20000000298023224
90,56,1.3589816093444824,-0.4000000059604645
90,57,0.9338569641113281,0.10000000149011612
90,58,0.26970022916793823,4.699999809265137
90,59,-0.006107032299041748,-3.0999999046325684
90,60,0.2825844883918762,-5.699999809265137
90,61,-1.4344589710235596,-4.5
90,62,-0.9606168270111084,-3.700000047683716
90,63,0.2324714958667755,-1.399999976158142
90,64,-1.6896597146987915,-0.8999999761581421
90,65,1.4343252182006836,1.600000023841858
90,66,1.4634217023849487,3.5
90,67,1.7386572360992432,0.699999988079071
90,68,1.6305413246154785,4.300000190734863
90,69,-0.09631264209747314,-1.399999976158142
90,70,0.13975295424461365,-1.100000023841858
90,71,-0.07450014352798462,-1.2000000476837158
90,72,-1.9695932865142822,-1.0
90,73,1.8848445415496826,4.699999809265137
90,74,1.7425708770751953,4.199999809265137
90,75,2.142854690551758,1.100000023841858
90,76,-0.3817535638809204,-3.200000047683716
90,77,2.5119411945343018,2.9000000953674316
90,78,0.8168827295303345,2.799999952316284
90,79,1.5871328115463257,4.699999809265137
90,80,0.30243587493896484,2.0999999046325684
90,81,0.9639925956726074,0.800000011920929
90,82,-1.8078386783599854,6.5
90,83,0.6699544787406921,0.8999999761581421
90,84,-0.12207666039466858,-1.5
90,85,-1.6055583953857422,-0.5
90,86,-0.6284772157669067,0.20000000298023224
90,87,0.256239652633667,-1.600000023841858
90,88,-0.21291929483413696,-2.700000047683716
90,89,-0.3836084008216858,-0.20000000298023224
90,90,-0.4734800457954407,-1.600000023841858
90,91,-0.6758022904396057,-0.20000000298023224
90,92,0.8217176795005798,-1.2000000476837158
90,93,0.3886636793613434,-2.9000000953674316
90,94,-0.7759430408477783,0.5
90,95,1.0431103706359863,4.5
90,96,1.0431104898452759,7.699999809265137
90,97,1.7826943397521973,4.0
90,98,0.3126099109649658,2.5999999046325684
90,99,1.2659858465194702,4.599999904632568
90,100,0.32220926880836487,4.5
90,101,-0.6338433027267456,2.700000047683716
90,102,-0.6338433623313904,2.700000047683716
90,103,1.1343761682510376,7.5
90,104,-0.19055476784706116,-3.4000000953674316
90,105,0.10613358020782471,0.20000000298023224
90,106,0.25882160663604736,1.0
90,107,0.2588217854499817,1.0
90,108,0.5191088318824768,4.099999904632568
90,109,1.2202069759368896,1.2999999523162842
90,110,0.7230947017669678,4.400000095367432
90,111,-0.6577111482620239,1.2000000476837158
90,112,0.3132609724998474,1.100000023841858
90,113,0.2445736676454544,1.399999976158142
90,114,-0.9516424536705017,0.8999999761581421
90,115,0.681982696056366,0.699999988079071
90,116,0.6819823384284973,0.699999988079071
90,117,-0.30043497681617737,-1.7000000476837158
90,118,-0.4823540449142456,-0.6000000238418579
90,119,-0.46104931831359863,-2.0
90,120,0.10386006534099579,1.0
90,121,0.07550309598445892,0.30000001192092896
90,122,0.1792370229959488,1.2000000476837158
90,123,-0.9235591888427734,0.8999999761581421
90,124,2.3949477672576904,2.299999952316284
90,125,2.7688167095184326,2.299999952316284
90,126,2.723994493484497,3.0
90,127,2.4691412448883057,1.600000023841858
90,128,0.3566548824310303,1.100000023841858
90,129,0.08071327209472656,1.5
90,130,3.75852632522583,8.899999618530273
90,131,0.2517740726470947,0.6000000238418579
90,132,4.106402397155762,8.199999809265137
90,133,-0.006613731384277344,-0.20000000298023224
90,134,0.43017578125,3.0
90,135,0.27135932445526123,0.699999988079071
90,136,0.45145952701568604,-0.5333333611488342
90,137,0.8621097207069397,-0.5
90,138,1.195291519165039,1.5
90,139,0.353329062461853,-0.0
90,140,0.7047897577285767,0.8500000238418579
90,141,0.5473663210868835,0.6499999761581421
91,0,0.6836939454078674,4.599999904632568
92,0,-0.2204674780368805,1.899999976158142
92,1,0.1927916407585144,-1.7000000476837158
92,2,0.2677391767501831,8.899999618530273
92,3,0.2618281841278076,7.099999904632568
92,4,0.47516655921936035,2.299999952316284
92,5,0.6807780265808105,5.0
92,6,0.6472978591918945,3.299999952316284
92,7,-0.03384208679199219,-0.10000000149011612
93,0,-0.5213901996612549,1.2999999523162842
93,1,0.19803780317306519,0.6000000238418579
93,2,2.798835277557373,1.5
93,3,0.24588274955749512,2.799999952316284
93,4,1.1588125228881836,2.299999952316284
94,0,-0.12354397773742676,1.5
94,1,-0.751589834690094,0.5
94,2,-1.2698637247085571,0.5
94,3,0.24140030145645142,1.0
94,4,0.6192681789398193,-0.0
94,5,0.5810028910636902,-0.0
94,6,-0.8263397812843323,-1.0
94,7,0.6498936414718628,1.0
94,8,-0.8834466934204102,-0.0
94,9,-1.1882232427597046,0.5
94,10,-0.8867965936660767,-0.0
94,11,-0.009647905826568604,-0.0
94,12,-0.9639347791671753,-0.0
94,13,-0.8196954131126404,-0.5
94,14,-1.0399891138076782,-0.0
94,15,-0.18213202059268951,-1.0
94,16,-0.5072034597396851,-0.5
94,17,-1.4475524425506592,1.0
94,18,2.2429749965667725,3.0
94,19,2.1636221408843994,-1.0
94,20,1.7488244771957397,-0.0
94,21,1.5949134826660156,3.0
94,22,-0.49309879541397095,-0.5
94,23,-0.20599901676177979,1.0
94,24,0.4144524037837982,0.5
94,25,-0.9376830458641052,1.5
94,26,-0.3939342498779297,0.5
94,27,-1.0744268894195557,-0.0
94,28,-1.3148903846740723,-2.0
94,29,-1.060487151145935,-1.5
94,30,0.8842668533325195,1.5
94,31,1.409989356994629,1.0
94,32,-0.40121495723724365,-1.5
94,33,0.25972235202789307,-0.5
94,34,-0.08827900886535645,-0.5
94,35,-0.9709427356719971,-0.0
94,36,-1.1258704662322998,-0.0
94,37,-0.9096881747245789,-0.0
94,38,-3.120858669281006,2.0
94,39,0.2648872435092926,-0.5
94,40,0.3990655541419983,1.5
94,41,0.0020269155502319336,0.5
94,42,0.2049580216407776,1.0
94,43,-1.1667265892028809,-0.5
94,44,-0.5192240476608276,0.5
94,45,-0.8133794069290161,1.0
94,46,-0.4892137944698334,-0.0
94,47,0.10025382041931152,0.5
94,48,-0.06500004231929779,-1.0
94,49,-1.6551272869110107,-2.5
94,50,-2.5681772232055664,-0.0
94,51,-1.9928319454193115,-2.0
94,52,0.4594523310661316,-0.0
94,53,0.6373692750930786,-0.0
94,54,-0.21077072620391846,-0.0
94,55,-0.11374974250793457,-0.0
94,56,-2.2889132499694824,1.5
94,57,-1.0190346240997314,1.0
94,58,-2.0577988624572754,1.0
94,59,0.2286529242992401,1.5
94,60,-1.7229856252670288,-0.0
94,61,0.28355976939201355,-0.0
94,62,0.38449543714523315,1.0
94,63,-1.295466423034668,-0.0
94,64,0.5416308045387268,-0.0
94,65,0.4254004955291748,0.5
94,66,1.6895304918289185,1.5
94,67,-1.4066357612609863,-0.0
94,68,-0.6953898072242737,0.5
94,69,-1.8909958600997925,-0.0
94,70,-1.2772598266601562,-0.0
94,71,-2.014955997467041,-0.0
94,72,-0.9347009658813477,-0.5
94,73,-1.1021289825439453,-0.0
94,74,-2.0488908290863037,-2.5
94,75,-1.5748413801193237,-0.0
94,76,-1.570572853088379,-0.5
94,77,-1.706971526145935,-0.0
94,78,-0.24606025218963623,-0.0
94,79,0.557207465171814,0.5
94,80,0.9131605625152588,2.0
94,81,1.6822516918182373,2.0
94,82,-4.57913064956665,0.5
94,83,-4.052058696746826,2.5
94,84,-3.5216360092163086,2.5
94,85,1.000483512878418,-0.0
94,86,0.1432889699935913,1.0
94,87,-0.11530689895153046,-0.0
94,88,0.9174012541770935,2.0
94,89,0.6982385516166687,2.0
94,90,0.540224552154541,1.5
94,91,3.2837367057800293,2.0
94,92,-2.3896875381469727,1.5
94,93,0.6961530447006226,-0.0
94,94,-0.22098594903945923,-0.5
94,95,0.3174484372138977,-0.0
94,96,0.08754229545593262,-0.0
94,97,0.4475691318511963,1.0
94,98,0.599355936050415,0.5
94,99,1.355873703956604,-0.0
94,100,-0.8815876245498657,-16.5
94,101,1.2117853164672852,-9.5
94,102,1.1167478561401367,-11.0
94,103,-1.4131700992584229,-8.5
94,104,-2.149827718734741,-14.0
94,105,-1.9934649467468262,-15.0
94,106,-3.1059694290161133,-14.0
94,107,-0.29443326592445374,-16.5
94,108,-0.5175838470458984,-11.0
94,109,0.2843949496746063,-10.5
94,110,0.539765477180481,-7.5
94,111,0.36253392696380615,-7.5
94,112,-0.14502276480197906,-9.5
94,113,2.5801849365234375,-13.0
94,114,1.2468056678771973,-10.5
94,115,1.6443626880645752,-11.0
94,116,-0.5650334358215332,-10.5
94,117,-0.6745124459266663,-10.5
94,118,0.6785662770271301,-7.5
94,119,-0.839932918548584,-11.5
94,120,-0.35251370072364807,-9.5
94,121,-1.0926058292388916,-9.0
94,122,0.42156487703323364,-10.0
95,0,1.8382681608200073,3.0
95,1,0.34638941287994385,-4.0
95,2,-0.0766444206237793,-4.0
96,0,3.6025233268737793,5.5
96,1,2.209059476852417,3.700000047683716
96,2,1.018721580505371,4.300000190734863
97,0,2.7069902420043945,-1.2999999523162842
97,1,1.794289469718933,-0.20000000298023224
97,2,1.3414745330810547,9.100000381469727
97,3,1.3826026916503906,5.400000095367432
97,4,2.105044364929199,5.5
97,5,-0.6936110258102417,-0.800000011920929
98,0,0.5279234647750854,10.399999618530273
98,1,1.2442307472229004,11.100000381469727
98,2,0.10272002220153809,9.300000190734863
98,3,-1.3847606182098389,5.800000190734863
98,4,-1.3847606182098389,7.050000190734863
98,5,-1.3847606182098389,7.25
98,6,-1.3847606182098389,6.099999904632568
98,7,-1.3847606182098389,6.0
98,8,-1.3847603797912598,5.900000095367432
98,9,-1.384760856628418,6.300000190734863
99,0,-1.6230099201202393,-11.5
99,1,-0.2636997699737549,-2.4000000953674316
100,0,-3.116583824157715,1.7999999523162842
100,1,2.8196325302124023,1.399999976158142
100,2,2.191175937652588,0.20000000298023224
100,3,-0.16260728240013123,-0.10000000149011612
100,4,0.5935758352279663,-0.800000011920929
100,5,0.4207853674888611,-1.0
100,6,1.6000149250030518,1.0
100,7,-1.1636556386947632,1.5
100,8,1.9847708940505981,1.2999999523162842
100,9,2.503601551055908,5.5
100,10,1.4626985788345337,1.2000000476837158
100,11,0.8455820083618164,-0.5
100,12,0.682691216468811,-0.0
100,13,2.0550763607025146,0.10000000149011612
101,0,3.1139049530029297,20.079999923706055
101,1,0.9929918050765991,3.630000114440918
101,2,3.3509116172790527,11.84000015258789
101,3,1.9193956851959229,11.979999542236328
102,0,0.5126196146011353,24.0
102,1,0.28780198097229004,1.399999976158142
102,2,0.7832202911376953,4.599999904632568
102,3,4.3280534744262695,32.0
102,4,1.6117804050445557,6.800000190734863
102,5,2.7574141025543213,14.0
102,6,2.7143173217773438,41.0
102,7,-0.6309778094291687,-7.0
102,8,2.2301206588745117,17.0
102,9,3.399052143096924,13.199999809265137
102,10,2.146674156188965,13.600000381469727
102,11,2.6889326572418213,8.399999618530273
102,12,1.7205649614334106,16.0
102,13,-2.156604051589966,-6.699999809265137
102,14,-2.2065234184265137,-4.599999904632568
102,15,-1.5379923582077026,-1.7000000476837158
102,16,-1.5167585611343384,-2.4000000953674316
102,17,0.6347028017044067,6.599999904632568
102,18,2.6908955574035645,36.0
102,19,1.9905234575271606,-1.899999976158142
102,20,0.9111069440841675,-1.2999999523162842
102,21,0.7234314680099487,1.600000023841858
102,22,1.9079759120941162,-3.4000000953674316
102,23,-0.9188203811645508,-6.199999809265137
102,24,-2.1411948204040527,-2.0999999046325684
102,25,-0.5415118336677551,2.5999999046325684
102,26,2.9938480854034424,4.0
102,27,2.8501861095428467,21.0
102,28,4.606269359588623,53.0
102,29,3.31286358833313,20.899999618530273
102,30,1.1002373695373535,-6.940000057220459
102,31,3.4225778579711914,6.139999866485596
102,32,2.9033632278442383,-1.7599999904632568
102,33,3.746227741241455,11.100000381469727
102,34,2.2809324264526367,-3.9100000858306885
102,35,1.6826562881469727,-3.5999999046325684
102,36,2.1916697025299072,-5.420000076293945
102,37,2.0473711490631104,-7.210000038146973
102,38,2.3843674659729004,-4.829999923706055
102,39,2.193632125854492,-3.8499999046325684
102,40,1.4647352695465088,-5.360000133514404
102,41,1.1314424276351929,-7.75
102,42,2.2430787086486816,-8.680000305175781
102,43,3.1279125213623047,22.600000381469727
103,0,2.097578763961792,3.200000047683716
103,1,0.34357261657714844,4.800000190734863
103,2,0.6772842407226562,0.4000000059604645
103,3,-0.3456796705722809,-0.6000000238418579
103,4,-2.063398838043213,-6.599999904632568
103,5,-1.312366247177124,-7.400000095367432
103,6,-2.1365854740142822,-8.699999809265137
103,7,-0.4743615984916687,-5.0
103,8,-2.742793321609497,-4.300000190734863
103,9,-0.4040675163269043,-1.7000000476837158
103,10,-1.1708545684814453,-6.400000095367432
103,11,-0.15147638320922852,1.100000023841858
103,12,-0.876737654209137,-5.0
104,0,0.8582904934883118,1.5
104,1,2.630600690841675,1.5
104,2,-0.43941909074783325,5.5
104,3,0.24427765607833862,3.0
104,4,0.33130842447280884,-0.5
104,5,0.6016985177993774,-0.5
104,6,-1.1168444156646729,1.5
104,7,-0.148978590965271,-0.0
105,0,-0.7734187245368958,-4.5
105,1,-1.7151679992675781,0.5
105,2,-0.37721019983291626,-3.5999999046325684
105,3,0.8791041970252991,-1.899999976158142
106,0,-0.4774385094642639,-6.0
106,1,-1.820302128791809,-3.0
106,2,-0.015247352421283722,1.0
106,3,-1.219563364982605,-4.0
106,4,1.2925326824188232,6.0
106,5,1.6554981470108032,0.5
106,6,1.549190878868103,1.7000000476837158
106,7,0.19298040866851807,5.0
106,8,-0.29926538467407227,-6.0
107,0,3.179527997970581,10.600000381469727
108,0,-0.5447279810905457,-9.300000190734863
108,1,-1.4780482053756714,-9.300000190734863
108,2,-1.6416130065917969,-3.0999999046325684
108,3,-1.7507977485656738,-0.8999999761581421
108,4,-0.9166073203086853,0.6000000238418579
108,5,0.8965901136398315,-0.20000000298023224
108,6,-0.12188929319381714,0.30000001192092896
108,7,-0.5295381546020508,-0.6000000238418579
109,0,0.9392585158348083,12.399999618530273
109,1,1.1348447799682617,2.200000047683716
109,2,1.744394063949585,12.0
109,3,3.19362735748291,12.300000190734863
109,4,1.2890253067016602,11.0
109,5,0.22031860053539276,0.5
110,0,-1.9232271909713745,4.0
110,1,0.1639872044324875,8.0
111,0,-0.7312932014465332,-1.7000000476837158
111,1,-1.0961146354675293,-0.4000000059604645
111,2,-0.8058677315711975,-3.4000000953674316
111,3,-1.2186856269836426,1.100000023841858
111,4,-1.1639641523361206,-0.10000000149011612
111,5,0.2431367039680481,15.199999809265137
111,6,0.12121430039405823,13.800000190734863
111,7,0.14441612362861633,13.600000381469727
111,8,0.4070761203765869,2.299999952316284
111,9,1.1486661434173584,0.5
111,10,0.9271029829978943,1.2999999523162842
111,11,0.515125036239624,5.199999809265137
111,12,-0.08433294296264648,5.5
111,13,0.48940497636795044,5.0
111,14,0.47997158765792847,6.199999809265137
111,15,0.47997167706489563,5.900000095367432
111,16,0.47997161746025085,5.900000095367432
111,17,0.4799715280532837,5.300000190734863
111,18,0.47997140884399414,5.0
111,19,0.47997167706489563,5.800000190734863
111,20,0.479971706867218,6.5
111,21,-0.7406670451164246,-3.4000000953674316
111,22,2.2804925441741943,7.599999904632568
111,23,1.4691450595855713,9.300000190734863
111,24,3.0497732162475586,15.100000381469727
111,25,2.1821045875549316,10.399999618530273
111,26,2.431079387664795,7.900000095367432
111,27,3.687368392944336,16.600000381469727
111,28,2.7804629802703857,9.800000190734863
111,29,0.3761778473854065,4.900000095367432
111,30,1.079919695854187,13.199999809265137
111,31,0.839435338973999,2.9000000953674316
111,32,-0.0835656225681305,-1.600000023841858
111,33,-0.208449125289917,0.6000000238418579
111,34,-0.3052394986152649,1.2999999523162842
111,35,-0.10201559215784073,-0.0
111,36,2.448779821395874,8.600000381469727
111,37,-1.6880489587783813,2.0999999046325684
111,38,-0.7406671047210693,-2.4000000953674316
111,39,-0.7406669855117798,-2.8499999046325684
111,40,-0.740666925907135,-3.200000047683716
111,41,-0.7406669855117798,-3.299999952316284
111,42,0.37247443199157715,3.200000047683716
111,43,-0.8406931757926941,-1.7000000476837158
111,44,-0.22735823690891266,4.599999904632568
111,45,1.6477023363113403,21.600000381469727
111,46,0.839435338973999,-7.900000095367432
111,47,-0.7631545066833496,6.0
111,48,0.08149158954620361,-3.4000000953674316
111,49,-0.3052394986152649,1.600000023841858
111,50,0.26155519485473633,2.0999999046325684
111,51,0.34008872509002686,1.2999999523162842
111,52,0.058669596910476685,4.0
112,0,0.585284411907196,3.200000047683716
112,1,2.139381170272827,3.200000047683716
113,0,0.626365602016449,8.5
113,1,1.7674518823623657,-5.599999904632568
113,2,-1.0909756422042847,1.2999999523162842
114,0,3.298978328704834,21.899999618530273
114,1,2.276897430419922,12.0
114,2,3.0642428398132324,31.700000762939453
114,3,2.4946208000183105,26.899999618530273
114,4,1.7511714696884155,0.6000000238418579
114,5,3.9661617279052734,40.70000076293945
114,6,2.755629539489746,18.600000381469727
114,7,3.7370669841766357,29.299999237060547
114,8,2.546586036682129,12.600000381469727
114,9,2.459967613220215,41.5
114,10,1.9912508726119995,7.599999904632568
114,11,0.41129112243652344,-2.0999999046325684
114,12,3.0521368980407715,13.5
114,13,2.6065964698791504,6.5
114,14,2.9703423976898193,24.899999618530273
114,15,3.3960533142089844,6.599999904632568
114,16,2.7168569564819336,27.100000381469727
114,17,4.146306037902832,15.899999618530273
114,18,1.4293533563613892,6.0
114,19,3.4760842323303223,34.5
114,20,2.442185640335083,12.300000190734863
114,21,2.677757740020752,5.699999809265137
114,22,3.0267465114593506,14.300000190734863
114,23,2.9731812477111816,18.899999618530273
114,24,3.5288119316101074,22.299999237060547
114,25,1.8856871128082275,10.899999618530273
114,26,4.371830463409424,40.900001525878906
114,27,2.3545923233032227,8.399999618530273
114,28,1.854851245880127,11.600000381469727
114,29,1.5868792533874512,2.5999999046325684
114,30,2.365792751312256,16.700000762939453
114,31,2.599548101425171,8.899999618530273
114,32,1.5707874298095703,14.600000381469727
114,33,2.8964762687683105,27.200000762939453
114,34,2.074636220932007,1.2999999523162842
114,35,2.602236747741699,27.100000381469727
114,36,2.207829475402832,22.600000381469727
114,37,0.5275815725326538,7.199999809265137
114,38,3.0832881927490234,33.5
114,39,0.7333847284317017,2.200000047683716
114,40,2.9335577487945557,35.900001525878906
114,41,2.6439287662506104,34.79999923706055
114,42,1.4437544345855713,4.900000095367432
114,43,-0.0197603702545166,2.200000047683716
114,44,3.5127885341644287,43.79999923706055
114,45,2.1322836875915527,5.5
114,46,1.0190796852111816,1.2999999523162842
114,47,4.390011310577393,43.0
114,48,2.1400527954101562,10.699999809265137
114,49,1.642751693725586,10.5
114,50,0.5598868131637573,2.0
114,51,0.49222368001937866,4.699999809265137
114,52,-0.43517398834228516,3.200000047683716
114,53,0.4321759343147278,0.6399999856948853
114,54,-0.28233253955841064,2.700000047683716
114,55,0.15719854831695557,1.159999966621399
114,56,-0.26715537905693054,0.20000000298023224
114,57,-0.12357854843139648,0.8999999761581421
114,58,-0.2987056374549866,-0.27000001072883606
114,59,1.734764814376831,13.0
114,60,-0.011003993451595306,-0.46000000834465027
114,61,-0.40081652998924255,-1.7899999618530273
114,62,-0.38878345489501953,0.10000000149011612
114,63,-0.14217102527618408,-0.6299999952316284
114,64,0.26381799578666687,5.900000095367432
114,65,-0.8570723533630371,-4.960000038146973
114,66,-0.42061686515808105,2.440000057220459
114,67,0.13733446598052979,-3.200000047683716
114,68,1.2127060890197754,6.199999809265137
114,69,2.4663705825805664,20.700000762939453
114,70,2.065131664276123,18.700000762939453
114,71,1.8931387662887573,21.5
114,72,1.7752280235290527,5.300000190734863
114,73,1.838019847869873,6.800000190734863
114,74,0.8561268448829651,-5.400000095367432
114,75,1.8443268537521362,4.5
114,76,1.1181561946868896,2.5999999046325684
114,77,0.48602843284606934,-2.5
114,78,-0.452600359916687,14.5
114,79,1.7609684467315674,9.800000190734863
114,80,2.2765331268310547,18.700000762939453
114,81,-0.34398019313812256,-1.899999976158142
114,82,2.648710250854492,17.100000381469727
114,83,3.0089218616485596,7.099999904632568
114,84,0.30356359481811523,0.20000000298023224
114,85,1.8370000123977661,-0.8999999761581421
114,86,3.8345372676849365,-1.5
114,87,2.359593152999878,21.600000381469727
114,88,0.8980308771133423,4.400000095367432
114,89,1.2734057903289795,3.200000047683716
114,90,2.814302682876587,25.600000381469727
114,91,1.8477113246917725,8.300000190734863
115,0,0.20914976298809052,3.799999952316284
115,1,0.18875406682491302,4.599999904632568
115,2,-1.4508720636367798,0.6000000238418579
115,3,-1.4193388223648071,-7.900000095367432
115,4,0.1221972405910492,3.5
115,5,-1.4193388223648071,-7.949999809265137
115,6,0.12219732999801636,7.900000095367432
116,0,-0.9878557920455933,-1.100000023841858
116,1,-0.5677099227905273,-1.7999999523162842
116,2,0.19649876654148102,3.299999952316284
116,3,-0.18901276588439941,-3.200000047683716
116,4,-0.48278623819351196,-1.7000000476837158
116,5,-2.48160457611084,-4.699999809265137
116,6,-1.7355016469955444,1.7000000476837158
116,7,-1.3070541620254517,2.5
116,8,0.3562888503074646,-2.700000047683716
117,0,1.1551848649978638,3.5999999046325684
117,1,1.0178089141845703,1.899999976158142
117,2,1.3379848003387451,7.0
117,3,3.2925150394439697,9.5
117,4,2.022709846496582,7.800000190734863
118,0,1.4536163806915283,6.800000190734863
118,1,-0.5904501676559448,-0.800000011920929
118,2,-1.4102650880813599,2.0
119,0,2.0847585201263428,8.800000190734863
119,1,0.7356021404266357,-0.5
119,2,2.176713705062866,8.5
119,3,2.512237071990967,9.899999618530273
119,4,1.9429872035980225,11.399999618530273
119,5,1.3193780183792114,4.300000190734863
119,6,1.445385456085205,17.100000381469727
119,7,2.5040767192840576,19.0
119,8,3.4640793800354004,19.0
119,9,0.8712418079376221,12.300000190734863
119,10,0.7257439494132996,3.5
119,11,1.5952439308166504,3.700000047683716
119,12,1.3426076173782349,1.7000000476837158
119,13,0.44231855869293213,2.4000000953674316
119,14,1.4680728912353516,11.100000381469727
119,15,1.6968166828155518,16.100000381469727
119,16,0.07300019264221191,8.899999618530273
119,17,1.4330193996429443,13.899999618530273
119,18,1.3803099393844604,10.300000190734863
119,19,1.5418673753738403,11.300000190734863
119,20,-0.19057095050811768,10.800000190734863
120,0,1.4326457977294922,5.0
120,1,3.4229137897491455,5.0
121,0,1.387779951095581,-0.0
121,1,1.3877800703048706,3.299999952316284
121,2,-0.6596538424491882,-1.0
121,3,-0.6596540212631226,3.299999952316284
122,0,0.3333231210708618,-0.699999988079071
122,1,3.2574710845947266,5.0
122,2,0.9606141448020935,5.800000190734863
122,3,1.9930932521820068,-1.399999976158142
122,4,1.267316460609436,0.20000000298023224
122,5,-0.02292238175868988,-0.699999988079071
122,6,0.4594569802284241,4.599999904632568
122,7,0.6933187246322632,-0.30000001192092896
122,8,-1.688697099685669,1.5
122,9,1.8800129890441895,6.599999904632568
122,10,2.468362331390381,9.350000381469727
122,11,4.998023986816406,13.600000381469727
122,12,2.5538015365600586,8.600000381469727
122,13,2.8793461322784424,10.149999618530273
122,14,0.033578574657440186,2.049999952316284
123,0,-1.2747163772583008,4.300000190734863
123,1,1.479973316192627,8.5
123,2,0.9007868766784668,4.199999809265137
123,3,0.06330883502960205,2.9000000953674316
123,4,1.4928890466690063,8.199999809265137
123,5,-0.24519026279449463,3.299999952316284
123,6,1.2664451599121094,1.7000000476837158
123,7,3.1880383491516113,4.800000190734863
123,8,3.14023494720459,4.400000095367432
123,9,0.6716411113739014,4.400000095367432
123,10,1.4282348155975342,5.099999904632568
123,11,0.6821882724761963,3.0999999046325684
123,12,2.5853981971740723,1.7999999523162842
123,13,0.4774996042251587,3.0
123,14,0.4774995744228363,-8.100000381469727
123,15,1.1776738166809082,1.899999976158142
123,16,1.1776740550994873,-4.300000190734863
123,17,2.8789143562316895,3.299999952316284
123,18,4.243162155151367,-0.800000011920929
123,19,4.24910831451416,-1.7999999523162842
123,20,3.1226048469543457,-0.20000000298023224
123,21,3.4700045585632324,4.5
123,22,0.7656794190406799,1.5
123,23,-0.64605712890625,-3.700000047683716
123,24,2.174276351928711,-7.599999904632568
123,25,0.2659059762954712,-7.599999904632568
123,26,0.32796475291252136,2.5999999046325684
123,27,0.9637309312820435,2.299999952316284
123,28,1.7250990867614746,6.699999809265137
123,29,2.534769296646118,4.300000190734863
123,30,0.9396105408668518,4.599999904632568
123,31,0.9124135375022888,6.400000095367432
123,32,2.155714511871338,3.299999952316284
123,33,2.087521553039551,4.300000190734863
123,34,-3.064606189727783,-1.899999976158142
123,35,0.1452365517616272,1.600000023841858
123,36,1.5618605613708496,6.300000190734863
123,37,0.4728928506374359,7.599999904632568
123,38,1.641656517982483,5.199999809265137
123,39,1.2350366115570068,-2.299999952316284
123,40,1.0041528940200806,-1.399999976158142
123,41,2.3997371196746826,-0.800000011920929
123,42,2.6993191242218018,2.299999952316284
123,43,0.3948174715042114,2.700000047683716
123,44,-0.201180100440979,2.0
123,45,-0.1792283058166504,0.6000000238418579
124,0,0.5527815222740173,0.10000000149011612
125,0,0.523921012878418,5.800000190734863
125,1,2.504338502883911,9.800000190734863
125,2,0.11471021175384521,1.2999999523162842
125,3,-0.8272657990455627,4.800000190734863
125,4,2.039635419845581,10.800000190734863
125,5,0.4481329917907715,5.800000190734863
125,6,0.4910954236984253,7.0
126,0,-1.5793310403823853,1.2999999523162842
126,1,-1.5793309211730957,2.299999952316284
126,2,-1.5793309211730957,1.5
126,3,1.1637964248657227,5.699999809265137
126,4,1.1637964248657227,9.699999809265137
126,5,1.1637965440750122,10.699999809265137
126,6,-0.6437066793441772,-1.2000000476837158
126,7,-0.6437067985534668,4.0
126,8,-0.6437068581581116,4.300000190734863
126,9,-1.268843412399292,-7.099999904632568
126,10,-1.268843412399292,-4.199999809265137
126,11,-1.2688435316085815,-3.799999952316284
126,12,-0.7045882940292358,-0.10000000149011612
126,13,-0.7045884132385254,-1.2000000476837158
126,14,-0.7045882940292358,-2.799999952316284
127,0,-0.4164411425590515,6.699999809265137
127,1,-0.06139576435089111,13.5
127,2,-0.7325106859207153,-0.20000000298023224
128,0,-1.5132620334625244,-0.800000011920929
128,1,-0.7151173949241638,-1.7999999523162842
128,2,-1.7382408380508423,-7.599999904632568
128,3,-1.0369246006011963,-11.300000190734863
128,4,-0.46775248646736145,-2.5
128,5,-0.46775269508361816,-5.599999904632568
128,6,3.057152509689331,4.300000190734863
128,7,2.7338132858276367,15.199999809265137
128,8,-0.017681360244750977,5.199999809265137
128,9,0.13670110702514648,1.899999976158142
128,10,0.006363272666931152,4.199999809265137
128,11,-0.0784604549407959,5.0
128,12,0.10731890052556992,3.200000047683716
128,13,-0.4442756474018097,5.099999904632568
128,14,2.207437753677368,13.699999809265137
128,15,2.240870475769043,35.400001525878906
128,16,2.240870475769043,16.200000762939453
128,17,-0.01045846939086914,-1.2999999523162842
128,18,2.7195491790771484,25.399999618530273
128,19,2.7195496559143066,13.899999618530273
128,20,0.6505370140075684,4.0
128,21,0.4647659659385681,-4.5
128,22,0.5288144946098328,1.7000000476837158
128,23,1.0398988723754883,-0.8999999761581421
128,24,0.16773849725723267,-12.899999618530273
128,25,-0.1042172908782959,-13.399999618530273
128,26,-0.1933344006538391,-2.0
128,27,0.6746459007263184,10.699999809265137
128,28,0.9040846228599548,8.0
128,29,1.3613678216934204,-8.800000190734863
128,30,1.8057034015655518,5.0
128,31,2.0749738216400146,4.900000095367432
128,32,1.74443519115448,4.900000095367432
128,33,1.4611315727233887,5.699999809265137
128,34,1.857919454574585,5.199999809265137
128,35,1.8376340866088867,6.5
128,36,1.9911326169967651,6.800000190734863
128,37,-0.8932867050170898,-4.300000190734863
128,38,0.39038974046707153,-1.100000023841858
128,39,-0.12321829795837402,-1.0
128,40,-0.017681598663330078,12.300000190734863
128,41,0.13670110702514648,7.0
128,42,-0.07846030592918396,-1.625
128,43,-0.07846046984195709,1.3250000476837158
128,44,0.10731875151395798,-2.424999952316284
128,45,0.10731872171163559,0.25
128,46,-0.44427549839019775,1.850000023841858
128,47,-0.44427555799484253,10.100000381469727
128,48,-0.010458707809448242,1.7000000476837158
128,49,1.0398986339569092,-12.300000190734863
128,50,1.0398987531661987,-12.971428871154785
128,51,1.0398988723754883,-17.200000762939453
128,52,0.6746459007263184,-1.5499999523162842
128,53,0.9040846228599548,-5.300000190734863
128,54,0.9040846228599548,-4.550000190734863
128,55,0.3903898596763611,-6.800000190734863
128,56,3.340674877166748,21.700000762939453
128,57,-0.12321805953979492,2.0999999046325684
129,0,0.6019575595855713,5.400000095367432
129,1,2.373770236968994,-7.900000095367432
129,2,0.9549648761749268,1.100000023841858
129,3,1.4757671356201172,4.0
130,0,1.4403460025787354,10.600000381469727
130,1,-1.2203344106674194,11.800000190734863
130,2,0.6914204359054565,2.299999952316284
130,3,-0.0015942156314849854,3.200000047683716
131,0,-0.2816345691680908,-3.299999952316284
131,1,1.064542531967163,5.199999809265137
131,2,-0.6790657043457031,1.225000023841858
132,0,4.574863433837891,32.70000076293945
132,1,4.502362251281738,25.600000381469727
132,2,4.804231643676758,46.099998474121094
132,3,1.1604710817337036,14.0
132,4,2.9555933475494385,29.100000381469727
132,5,1.269350528717041,19.100000381469727
132,6,0.7824557423591614,7.199999809265137
132,7,3.1811609268188477,39.70000076293945
132,8,2.2288148403167725,7.400000095367432
133,0,-1.7237974405288696,-10.600000381469727
133,1,-0.32111120223999023,-3.700000047683716
133,2,4.8579607009887695,41.0
133,3,-1.0947535037994385,8.0
133,4,-0.525314450263977,-0.0
133,5,1.006713628768921,9.399999618530273
133,6,1.4671238660812378,12.800000190734863
134,0,-0.35178887844085693,3.5999999046325684
134,1,0.7942471504211426,4.800000190734863
134,2,-0.1605386734008789,0.8999999761581421
134,3,-1.1693974733352661,1.600000023841858
135,0,0.28172242641448975,1.5
135,1,2.107017993927002,3.5
136,0,1.5071091651916504,2.0
136,1,3.351381540298462,4.0
136,2,3.929137706756592,-0.0
137,0,1.910442590713501,18.700000762939453
137,1,1.8491907119750977,10.0
138,0,0.3983871340751648,1.399999976158142
138,1,0.2994215488433838,6.5
138,2,0.12830114364624023,4.699999809265137
138,3,0.000263214111328125,-1.399999976158142
138,4,0.3886604607105255,1.2999999523162842
138,5,3.1889536380767822,15.5
138,6,0.9903208017349243,9.100000381469727
138,7,1.7883919477462769,5.800000190734863
138,8,1.6131056547164917,4.599999904632568
138,9,0.16763389110565186,2.9000000953674316
138,10,3.0575664043426514,28.5
138,11,2.2404379844665527,12.699999809265137
138,12,0.20626968145370483,3.799999952316284
138,13,1.919682264328003,14.100000381469727
138,14,0.2994213104248047,14.800000190734863
138,15,2.424452066421509,21.299999237060547
138,16,0.12830114364624023,7.199999809265137
138,17,0.15485668182373047,-1.399999976158142
138,18,2.4592549800872803,24.600000381469727
138,19,0.00026345252990722656,-1.100000023841858
138,20,0.36162227392196655,12.600000381469727
138,21,-0.23977014422416687,5.199999809265137
138,22,1.341238260269165,10.800000190734863
138,23,0.3886604309082031,5.800000190734863
138,24,3.1889538764953613,22.5
138,25,2.4910717010498047,9.100000381469727
138,26,0.04734086990356445,0.5
138,27,3.674623489379883,21.5
138,28,1.7883919477462769,8.399999618530273
138,29,0.3799857795238495,2.9000000953674316
138,30,0.16763412952423096,4.699999809265137
138,31,0.6879074573516846,2.799999952316284
138,32,0.7421876192092896,8.300000190734863
138,33,2.2404377460479736,16.799999237060547
139,0,0.02089741826057434,4.5
139,1,2.564469337463379,2.0
140,0,-0.42959025502204895,2.0999999046325684
141,0,3.0281171798706055,7.300000190734863
142,0,0.0,0.0
143,0,-1.8059254884719849,2.200000047683716
143,1,-1.5167686939239502,2.700000047683716
144,0,-2.321974992752075,-0.5
144,1,-2.26777982711792,-1.399999976158142
144,2,-3.9798073768615723,-7.0
144,3,-2.147897720336914,0.6000000238418579
145,0,-0.6996911764144897,-4.199999809265137
145,1,0.3137556314468384,-5.5
145,2,2.7359158992767334,14.050000190734863
145,3,2.616988182067871,13.25
145,4,0.266430139541626,15.350000381469727
145,5,-1.6146841049194336,11.649999618530273
145,6,0.35333263874053955,11.649999618530273
145,7,0.12238116562366486,10.949999809265137
145,8,0.2691025733947754,16.950000762939453
145,9,-0.47567927837371826,-0.6499999761581421
145,10,0.5730345249176025,14.75
145,11,-0.7047999501228333,16.149999618530273
146,0,-0.088529072701931,0.30000001192092896
146,1,0.3401123583316803,-0.800000011920929
147,0,-0.5640770792961121,5.0
147,1,0.03552756458520889,10.0
147,2,-1.11798095703125,-7.900000095367432
148,0,0.3208458423614502,12.899999618530273
148,1,0.3208460807800293,12.0
148,2,1.9962531328201294,25.5
148,3,1.9962528944015503,27.399999618530273
148,4,0.41594767570495605,30.299999237060547
148,5,0.3208460807800293,15.949999809265137
149,0,0.9847800731658936,-3.9000000953674316
150,0,1.6592199802398682,7.0
150,1,1.8386716842651367,7.5
150,2,0.09914290904998779,3.700000047683716
150,3,1.0728814601898193,7.699999809265137
150,4,1.5299240350723267,7.699999809265137
150,5,1.6468398571014404,10.199999809265137
150,6,1.6121852397918701,9.100000381469727
150,7,-0.2966313362121582,7.5
151,0,0.23242223262786865,-7.350149154663086
151,1,0.5884695649147034,-3.131230115890503
151,2,-0.5124852657318115,-4.29488468170166
151,3,1.7732326984405518,-8.281296730041504
151,4,-2.2629518508911133,8.893050193786621
151,5,-0.0634569525718689,4.835141181945801
151,6,1.632086157798767,-3.462137222290039
151,7,0.13279283046722412,2.5757534503936768
151,8,-0.19048747420310974,0.29012879729270935
151,9,2.2429490089416504,-0.10534509271383286
151,10,-1.2719759941101074,-3.2084238529205322
151,11,2.6747522354125977,-0.49708229303359985
151,12,2.4163308143615723,0.6265522241592407
151,13,0.1666194051504135,2.369516134262085
151,14,0.8865171074867249,0.3102354407310486
151,15,1.795846700668335,0.3074924349784851
151,16,0.5247007012367249,2.0283851623535156
151,17,0.10716903209686279,2.0739173889160156
151,18,-2.7014949321746826,5.173018455505371
151,19,-0.8594220876693726,0.5793101787567139
151,20,0.5454082489013672,-2.2478833198547363
151,21,-1.3256471157073975,-1.4993642568588257
151,22,-1.8496755361557007,-1.574733018875122
151,23,-3.3754425048828125,-3.7902064323425293
151,24,0.2684085965156555,-1.4714491367340088
151,25,-1.614121913909912,-1.9678725004196167
151,26,-0.28101643919944763,-1.4111555814743042
151,27,-1.8734769821166992,-1.0272867679595947
151,28,0.4231582283973694,1.8659714460372925
151,29,-0.9791873693466187,-0.8107312917709351
151,30,1.0327564477920532,-0.08538201451301575
151,31,0.38673293590545654,1.7727348804473877
151,32,-1.7436000108718872,1.9159507751464844
151,33,0.2263202667236328,0.7344528436660767
151,34,0.13035976886749268,3.4062747955322266
151,35,0.2492518424987793,-0.9355356693267822
151,36,0.8282533884048462,2.614037036895752
151,37,1.4186358451843262,-2.0631210803985596
151,38,1.0008912086486816,5.874128341674805
151,39,1.0769872665405273,-6.240763187408447
151,40,1.0367016792297363,-3.6357250213623047
151,41,1.240433692932129,2.3506643772125244
151,42,0.0671154260635376,3.301365613937378
151,43,1.0718674659729004,4.476385116577148
151,44,1.5640287399291992,2.030642032623291
151,45,2.1397526264190674,-0.44568413496017456
151,46,2.6994476318359375,-4.132529258728027
151,47,0.1550654023885727,1.6628769636154175
151,48,2.714217185974121,5.703871726989746
151,49,2.0349950790405273,0.4159921705722809
151,50,0.05107676982879639,1.7249839305877686
152,0,2.9137916564941406,1.899999976158142
152,1,1.3381308317184448,7.099999904632568
152,2,0.013546399772167206,5.5
152,3,0.026251867413520813,-0.699999988079071
152,4,-1.1840407848358154,-2.0999999046325684
152,5,-1.1170519590377808,-0.20000000298023224
152,6,-0.27042150497436523,13.0
152,7,-0.5290604829788208,-1.0
152,8,0.1671750545501709,2.0
152,9,1.296027421951294,-2.5999999046325684
152,10,2.6713573932647705,-4.300000190734863
152,11,1.9026894569396973,-4.099999904632568
152,12,0.4204378128051758,-0.6000000238418579
152,13,1.981502890586853,5.300000190734863
152,14,-1.4286444187164307,-0.800000011920929
152,15,3.1957547664642334,5.0
152,16,3.3367855548858643,-0.10000000149011612
152,17,3.4360125064849854,4.900000095367432
152,18,1.7039897441864014,-0.8999999761581421
152,19,1.274890661239624,2.5
152,20,1.2748908996582031,1.7999999523162842
152,21,0.914264440536499,-1.7000000476837158
152,22,1.9793626070022583,8.5
152,23,1.8535677194595337,5.699999809265137
152,24,1.5265833139419556,1.399999976158142
152,25,1.5265833139419556,3.0
152,26,2.097827434539795,2.299999952316284
152,27,2.097827911376953,5.800000190734863
152,28,0.5200153589248657,-0.8999999761581421
152,29,1.1532313823699951,2.299999952316284
152,30,0.6679171919822693,6.400000095367432
152,31,1.9180214405059814,4.599999904632568
152,32,1.549635648727417,6.0
152,33,0.14233016967773438,0.10000000149011612
152,34,0.14233005046844482,1.2000000476837158
152,35,1.6812196969985962,8.0
152,36,1.8495677709579468,5.900000095367432
152,37,-1.9563517570495605,0.20000000298023224
152,38,0.05920368432998657,2.299999952316284
152,39,0.20416100323200226,1.600000023841858
152,40,-1.1291439533233643,-1.100000023841858
152,41,0.033848077058792114,0.10000000149011612
152,42,2.751861333847046,10.600000381469727
152,43,2.4032022953033447,0.800000011920929
152,44,-0.12114468216896057,5.5
152,45,-0.12114426493644714,2.799999952316284
152,46,3.1858816146850586,13.0
152,47,1.922633409500122,12.699999809265137
152,48,0.8471802473068237,3.4000000953674316
152,49,-1.4593167304992676,-1.600000023841858
152,50,-1.2814592123031616,-3.299999952316284
152,51,-2.2758750915527344,-3.0
152,52,-2.475393056869507,-3.5999999046325684
152,53,-1.1307415962219238,-1.399999976158142
152,54,-0.38899970054626465,1.600000023841858
152,55,-1.4299205541610718,-0.20000000298023224
152,56,0.9632793664932251,5.0
152,57,0.9632793664932251,1.0
152,58,1.2954851388931274,0.800000011920929
152,59,1.2954851388931274,0.30000001192092896
152,60,-0.134434312582016,1.7000000476837158
152,61,-0.13443461060523987,0.4000000059604645
152,62,-0.11946892738342285,1.0
152,63,0.1565990149974823,1.0
152,64,1.1689190864562988,1.0
152,65,0.7300851345062256,4.0
152,66,-0.4183761477470398,2.0
152,67,-0.5193977952003479,2.0
152,68,0.9260562062263489,3.0
152,69,0.6739362478256226,1.0
152,70,0.6163489818572998,1.0
152,71,-0.4078443944454193,1.600000023841858
152,72,-0.9606256484985352,3.0
152,73,0.13565628230571747,3.9000000953674316
152,74,-1.3822680711746216,-1.2000000476837158
152,75,-1.2834457159042358,-0.10000000149011612
152,76,-0.8444077372550964,-0.30000001192092896
152,77,2.321394920349121,2.5999999046325684
152,78,2.16774320602417,7.0
152,79,1.1728352308273315,-2.799999952316284
152,80,1.137815237045288,-4.199999809265137
152,81,-0.284883975982666,-5.099999904632568
152,82,1.8021024465560913,2.0
152,83,-0.44558703899383545,-1.5
152,84,0.06047940254211426,0.10000000149011612
152,85,-0.9283603429794312,-1.600000023841858
152,86,-1.798485279083252,-0.699999988079071
152,87,0.38082897663116455,6.599999904632568
152,88,1.1820757389068604,5.400000095367432
152,89,-0.22345298528671265,4.900000095367432
152,90,-0.3883320093154907,4.199999809265137
152,91,0.1690184473991394,5.800000190734863
152,92,1.1071090698242188,9.199999809265137
152,93,1.7789011001586914,4.199999809265137
152,94,0.8696252107620239,7.900000095367432
152,95,0.7569417953491211,11.0
152,96,0.9782183766365051,5.0
152,97,-0.0193789005279541,1.7000000476837158
152,98,1.4307188987731934,5.099999904632568
152,99,0.13882744312286377,2.5
152,100,0.6815455555915833,6.0
152,101,3.498190402984619,0.8999999761581421
152,102,-0.05080573260784149,-0.8999999761581421
152,103,0.22602398693561554,-0.20000000298023224
152,104,-0.5054250955581665,-0.5
152,105,1.481062412261963,1.7999999523162842
152,106,-0.5296916961669922,-0.4000000059604645
152,107,-0.8935011625289917,-0.20000000298023224
152,108,-1.0108742713928223,-0.30000001192092896
152,109,0.39565709233283997,0.10000000149011612
152,110,0.43244823813438416,0.20000000298023224
152,111,1.2076395750045776,5.099999904632568
152,112,0.47689688205718994,4.599999904632568
152,113,3.4933059215545654,2.299999952316284
152,114,3.520918607711792,2.9000000953674316
152,115,3.520918846130371,3.200000047683716
152,116,3.235626220703125,5.5
152,117,3.235626220703125,5.199999809265137
152,118,2.9137916564941406,2.9000000953674316
152,119,3.515810966491699,5.099999904632568
152,120,1.8002070188522339,2.890000104904175
152,121,0.8809741139411926,0.4399999976158142
152,122,1.0944139957427979,4.099999904632568
152,123,1.3381309509277344,9.133333206176758
152,124,-0.8129857778549194,-0.7099999785423279
152,125,-0.8129860162734985,-1.100000023841858
152,126,0.004643425345420837,1.7699999809265137
152,127,0.02625191956758499,-1.465000033378601
152,128,0.026251740753650665,-1.100000023841858
152,129,4.102592468261719,11.199999809265137
152,130,3.8195955753326416,8.899999618530273
152,131,3.537274122238159,14.300000190734863
152,132,3.53727388381958,11.0
152,133,3.876699686050415,10.100000381469727
152,134,1.688700556755066,7.489999771118164
152,135,2.6709635257720947,7.5
152,136,0.4513193368911743,1.5299999713897705
152,137,0.19650375843048096,1.2699999809265137
152,138,3.0489144325256348,18.200000762939453
152,139,3.0489144325256348,15.300000190734863
152,140,3.0489141941070557,12.399999618530273
152,141,3.0489144325256348,12.25
152,142,-1.184040904045105,-0.800000011920929
152,143,-1.1840406656265259,-1.0800000429153442
152,144,-1.1840406656265259,-1.0266666412353516
152,145,0.064450204372406,0.9900000095367432
152,146,-1.117051601409912,-0.4000000059604645
152,147,-0.564414381980896,0.5199999809265137
152,148,-0.39024296402931213,-0.12999999523162842
152,149,-0.39024293422698975,-0.1599999964237213
152,150,-0.16139012575149536,2.5999999046325684
152,151,0.3013881742954254,20.399999618530273
152,152,-0.4929712414741516,16.100000381469727
152,153,-0.5104239583015442,13.899999618530273
152,154,-0.16688543558120728,9.300000190734863
152,155,0.8339962959289551,7.46999979019165
152,156,0.20766013860702515,19.299999237060547
152,157,-0.24743783473968506,-0.699999988079071
152,158,1.6984658241271973,0.800000011920929
152,159,-0.2588275671005249,-3.0999999046325684
152,160,0.5537107586860657,-1.600000023841858
152,161,1.0778846740722656,-2.200000047683716
152,162,1.7693991661071777,0.8100000023841858
152,163,1.7693991661071777,2.75
152,164,3.927917003631592,10.199999809265137
152,165,3.927917003631592,6.900000095367432
152,166,1.7606608867645264,1.2999999523162842
152,167,1.7606608867645264,1.2999999523162842
152,168,0.7100025415420532,0.30000001192092896
152,169,0.7100023031234741,3.700000047683716
152,170,0.4579271078109741,-3.950000047683716
152,171,0.45792698860168457,-2.4000000953674316
152,172,1.8509682416915894,-0.10000000149011612
152,173,1.5036416053771973,0.6000000238418579
152,174,1.1300413608551025,-1.3700000047683716
152,175,1.1300413608551025,-1.5800000429153442
152,176,1.407637596130371,-1.4700000286102295
152,177,1.4076377153396606,-0.03999999910593033
152,178,4.657308101654053,9.699999809265137
152,179,3.7159783840179443,12.300000190734863
152,180,3.7159783840179443,9.300000190734863
152,181,3.273165702819824,1.5
152,182,3.273165702819824,0.5
152,183,2.7842135429382324,-0.6000000238418579
152,184,2.7842137813568115,-0.8399999737739563
152,185,2.7842140197753906,-0.5099999904632568
152,186,3.014181137084961,2.4000000953674316
152,187,3.014181137084961,1.600000023841858
152,188,3.4227685928344727,6.099999904632568
152,189,3.4227683544158936,4.5
152,190,1.6729886531829834,5.699999809265137
152,191,-1.4286441802978516,-0.4000000059604645
152,192,-2.1447653770446777,-0.7900000214576721
152,193,-2.144765615463257,-1.0299999713897705
152,194,3.1957547664642334,5.099999904632568
152,195,3.1957550048828125,6.099999904632568
152,196,3.112536907196045,5.099999904632568
152,197,1.7039897441864014,1.399999976158142
152,198,1.64597487449646,11.0
152,199,2.49345326423645,10.699999809265137
152,200,1.2077120542526245,4.5
152,201,0.6271476745605469,1.100000023841858
152,202,2.128610849380493,8.399999618530273
152,203,3.427129030227661,10.100000381469727
152,204,2.940624713897705,8.199999809265137
152,205,1.2748908996582031,3.799999952316284
152,206,0.9142640233039856,-2.566666603088379
152,207,1.9793628454208374,6.5
152,208,1.853567361831665,4.823333263397217
152,209,1.8535677194595337,3.6600000858306885
152,210,1.5265833139419556,3.9288887977600098
152,211,1.5265834331512451,1.309999942779541
152,212,2.097827434539795,7.199999809265137
152,213,0.5200154185295105,-2.803333282470703
152,214,0.5200154185295105,-2.4749999046325684
152,215,0.5200154185295105,-1.690000057220459
152,216,1.1532312631607056,0.8999999761581421
152,217,0.667917013168335,10.595000267028809
152,218,1.9180216789245605,7.0
152,219,1.5496352910995483,6.993333339691162
152,220,1.5496357679367065,4.320000171661377
152,221,0.14233016967773438,2.0999999046325684
152,222,1.6812198162078857,16.399999618530273
152,223,1.8495677709579468,9.5
152,224,1.4909796714782715,5.800000190734863
152,225,2.7625505924224854,10.399999618530273
152,226,2.148954153060913,10.100000381469727
152,227,3.0504486560821533,4.699999809265137
152,228,2.1008243560791016,3.700000047683716
152,229,0.4332125186920166,2.0999999046325684
152,230,-1.956351637840271,-0.0
152,231,-0.641587495803833,2.5999999046325684
152,232,0.059203773736953735,0.699999988079071
152,233,0.2041611522436142,-0.20000000298023224
152,234,-1.1291441917419434,1.5
152,235,0.5700827240943909,2.950000047683716
152,236,0.5700826644897461,3.0999999046325684
152,237,0.5700829029083252,3.0799999237060547
152,238,-1.474128246307373,8.543333053588867
152,239,-1.4741283655166626,1.6799999475479126
152,240,0.6616406440734863,3.4000000953674316
152,241,0.6616406440734863,0.4000000059604645
152,242,0.033847957849502563,-0.30000001192092896
152,243,-0.25716230273246765,2.200000047683716
152,244,-0.25716233253479004,1.0
152,245,1.1390588283538818,-0.8999999761581421
152,246,1.1390587091445923,1.0
152,247,1.7772270441055298,12.125
152,248,0.39990735054016113,3.0999999046325684
152,249,0.6212164163589478,1.7999999523162842
152,250,3.0201597213745117,9.225000381469727
152,251,3.0201597213745117,6.099999904632568
152,252,1.2678173780441284,2.0999999046325684
152,253,2.751861572265625,17.0
152,254,4.173862934112549,14.899999618530273
152,255,4.173862934112549,15.0
152,256,4.173862934112549,17.899999618530273
152,257,4.173863410949707,19.0
152,258,2.403202533721924,0.699999988079071
152,259,2.4032018184661865,0.699999988079071
152,260,0.8210804462432861,1.0
152,261,2.4588756561279297,12.300000190734863
152,262,0.5682296752929688,2.5
152,263,2.813924551010132,8.494999885559082
152,264,2.813924551010132,6.300000190734863
152,265,2.813924789428711,6.400000095367432
152,266,2.594102144241333,13.399999618530273
152,267,3.6430037021636963,38.20000076293945
152,268,-0.5815803408622742,5.099999904632568
152,269,2.8350467681884766,8.100000381469727
152,270,2.5736594200134277,13.399999618530273
152,271,1.0735015869140625,4.900000095367432
152,272,2.2140848636627197,9.699999809265137
152,273,0.9371930360794067,2.0
152,274,3.155203104019165,34.29999923706055
152,275,2.486137866973877,15.65999984741211
152,276,2.486137866973877,11.449999809265137
152,277,1.4801630973815918,1.100000023841858
152,278,1.4801634550094604,0.699999988079071
152,279,3.6259689331054688,29.200000762939453
152,280,3.6259689331054688,20.299999237060547
152,281,1.0439021587371826,4.0
152,282,1.0439022779464722,3.700000047683716
152,283,0.954426646232605,2.0
152,284,0.954426646232605,1.399999976158142
152,285,1.8142764568328857,6.599999904632568
152,286,1.814276099205017,5.199999809265137
152,287,2.4783289432525635,35.0
152,288,2.4783287048339844,20.299999237060547
152,289,2.4783284664154053,10.100000381469727
152,290,-0.6287455558776855,2.5399999618530273
152,291,-0.6287457942962646,2.305000066757202
152,292,1.4619147777557373,7.099999904632568
152,293,1.7036831378936768,-0.6000000238418579
152,294,1.5681781768798828,10.5
152,295,-0.20375311374664307,-1.7000000476837158
152,296,1.0994900465011597,0.5799999833106995
152,297,2.40909743309021,4.800000190734863
152,298,-0.583501935005188,-1.7000000476837158
152,299,-0.16542696952819824,0.10000000149011612
152,300,0.7197866439819336,5.699999809265137
152,301,-0.31686651706695557,10.600000381469727
152,302,3.7344422340393066,3.700000047683716
152,303,-1.3447504043579102,-0.49000000953674316
152,304,-1.4593164920806885,0.20000000298023224
152,305,-1.4593164920806885,-0.8999999761581421
152,306,-1.1307417154312134,0.20000000298023224
152,307,-1.1307417154312134,-0.9399999976158142
152,308,-1.1307415962219238,-1.399999976158142
152,309,-0.6480143070220947,-0.8999999761581421
152,310,-0.6480141878128052,-1.399999976158142
152,311,-0.6480143666267395,-1.5
152,312,0.43256431818008423,2.299999952316284
152,313,0.43256425857543945,-0.699999988079071
152,314,-0.8044669032096863,0.5
152,315,-0.8044669032096863,0.49000000953674316
152,316,-1.2292876243591309,-1.2000000476837158
152,317,-1.2292873859405518,-0.8999999761581421
152,318,-1.2292873859405518,-0.8799999952316284
152,319,-0.9062857031822205,-1.1399999856948853
152,320,-0.9062857627868652,-1.2799999713897705
152,321,-0.7034143209457397,3.5999999046325684
152,322,-0.3889998197555542,1.7000000476837158
152,323,0.15659895539283752,-0.0
152,324,0.1565987765789032,-0.0
152,325,1.168919324874878,2.0
152,326,0.7300848960876465,2.0
152,327,0.9260559678077698,2.0
152,328,0.9260560870170593,1.0
152,329,0.6739360094070435,1.0
152,330,-0.4078443646430969,3.5
152,331,-0.9606256484985352,2.0999999046325684
152,332,0.1356562376022339,7.199999809265137
152,333,-0.24788549542427063,2.700000047683716
152,334,-0.32849305868148804,0.7099999785423279
152,335,-0.540408194065094,0.6399999856948853
152,336,-1.3822681903839111,-1.0
152,337,-1.3822680711746216,-0.20000000298023224
152,338,3.37581729888916,12.899999618530273
152,339,3.3758175373077393,7.599999904632568
152,340,-1.065941333770752,0.5299999713897705
152,341,-1.6894851922988892,3.0
152,342,-1.2834454774856567,0.6000000238418579
152,343,-0.02145981788635254,0.7400000095367432
152,344,-0.021459609270095825,0.8299999833106995
152,345,-0.8444077372550964,0.8999999761581421
152,346,0.062468260526657104,0.07999999821186066
152,347,0.06246820092201233,0.5299999713897705
152,348,2.321394920349121,-0.6000000238418579
152,349,0.05004896596074104,0.4300000071525574
152,350,0.050049033015966415,0.3400000035762787
152,351,1.4712588787078857,4.300000190734863
152,352,1.4712592363357544,5.099999904632568
152,353,1.5688945055007935,8.699999809265137
152,354,1.5688945055007935,6.599999904632568
152,355,1.5688945055007935,7.699999809265137
152,356,4.036452770233154,5.199999809265137
152,357,4.036452770233154,9.5
152,358,2.824892997741699,4.099999904632568
152,359,2.824892520904541,7.0
152,360,1.9759515523910522,11.199999809265137
152,361,1.9759516716003418,11.5
152,362,3.267508029937744,7.5
152,363,3.267508029937744,7.099999904632568
152,364,2.167743444442749,12.884166717529297
152,365,2.16774320602417,12.844444274902344
152,366,2.167743444442749,8.300000190734863
152,367,-0.2721177339553833,5.599999904632568
152,368,-0.2721177339553833,7.900000095367432
152,369,0.2492004632949829,0.699999988079071
152,370,0.2492004632949829,0.20000000298023224
152,371,0.3200716972351074,7.199999809265137
152,372,0.32007157802581787,8.600000381469727
152,373,0.4071061611175537,5.199999809265137
152,374,0.4071061611175537,7.099999904632568
152,375,3.0752735137939453,8.0
152,376,3.075273036956787,8.0
152,377,2.384840965270996,16.600000381469727
152,378,2.3848416805267334,15.5
152,379,1.1098580360412598,1.2000000476837158
152,380,1.1098580360412598,1.399999976158142
152,381,2.413456916809082,6.599999904632568
152,382,2.413456916809082,7.0
152,383,1.889879584312439,7.199999809265137
152,384,1.8898794651031494,7.599999904632568
152,385,0.4501866102218628,4.800000190734863
152,386,0.45018672943115234,6.400000095367432
152,387,2.0497119426727295,11.0
152,388,2.0497121810913086,12.800000190734863
152,389,2.086696147918701,12.300000190734863
152,390,2.086696147918701,13.199999809265137
152,391,-1.9516454935073853,-3.640000104904175
152,392,1.1728355884552002,-4.800000190734863
152,393,-0.44558703899383545,0.30000001192092896
152,394,-0.44558727741241455,-0.46000000834465027
152,395,-0.4455866813659668,-1.3600000143051147
152,396,0.06047964096069336,0.30000001192092896
152,397,-0.9283604621887207,8.258000373840332
152,398,-0.9283604621887207,-0.9800000190734863
152,399,-1.4776320457458496,0.3499999940395355
152,400,-1.7882273197174072,0.3199999928474426
152,401,-2.278994083404541,-0.0
152,402,-0.021753162145614624,-0.18000000715255737
152,403,0.49031081795692444,1.5499999523162842
152,404,-0.27101731300354004,-0.11999999731779099
152,405,-0.41931894421577454,-0.9100000262260437
152,406,0.2750333845615387,-0.5699999928474426
152,407,-1.020586609840393,-1.090000033378601
152,408,-1.0922819375991821,-0.9200000166893005
152,409,-0.313205361366272,0.4000000059604645
152,410,1.6910076141357422,10.319999694824219
152,411,-1.159805178642273,-0.75
152,412,0.3514695465564728,-0.6800000071525574
152,413,0.1730208694934845,-0.029999999329447746
152,414,-0.07896921038627625,-0.28999999165534973
152,415,-0.3289220929145813,-0.15000000596046448
152,416,-0.03839302062988281,-0.5400000214576721
152,417,0.6853549480438232,4.099999904632568
152,418,0.6853553056716919,2.700000047683716
152,419,0.6853550672531128,2.9000000953674316
152,420,-2.0057260990142822,0.800000011920929
152,421,-2.005725860595703,-1.5
152,422,-0.4823306202888489,0.10000000149011612
152,423,-0.4823305904865265,-0.30000001192092896
152,424,-0.27710646390914917,0.4300000071525574
152,425,-1.798485279083252,1.7000000476837158
152,426,-1.7984857559204102,0.6000000238418579
152,427,-1.798485279083252,0.30000001192092896
152,428,-1.7984853982925415,-0.10000000149011612
152,429,0.8443537950515747,0.5
152,430,-0.18145042657852173,-0.9300000071525574
152,431,-0.18145036697387695,-0.9700000286102295
152,432,1.2536237239837646,4.0
152,433,1.452392339706421,1.399999976158142
152,434,1.8659422397613525,1.0
152,435,0.38082897663116455,5.5
152,436,0.7888349294662476,-0.800000011920929
152,437,0.756942093372345,11.0
152,438,0.756942093372345,5.800000190734863
152,439,0.7569419145584106,3.0
152,440,0.7722185850143433,-1.350000023841858
152,441,0.7722187042236328,-1.350000023841858
152,442,2.824579954147339,10.100000381469727
152,443,2.824580192565918,4.0
152,444,1.8360323905944824,3.0999999046325684
152,445,1.8360331058502197,3.0999999046325684
152,446,2.764836311340332,7.699999809265137
152,447,2.764836072921753,4.099999904632568
152,448,1.59762442111969,2.0999999046325684
152,449,1.59762442111969,2.799999952316284
152,450,0.4371335506439209,2.5999999046325684
152,451,0.4371335506439209,0.4000000059604645
152,452,2.6476998329162598,10.0
152,453,2.6476998329162598,4.0
152,454,2.197456121444702,6.599999904632568
152,455,-0.35076165199279785,1.5
152,456,1.5651808977127075,3.0999999046325684
152,457,1.6613246202468872,3.700000047683716
152,458,1.6613245010375977,2.9000000953674316
152,459,1.718430519104004,4.769999980926514
152,460,1.7184308767318726,4.630000114440918
152,461,-0.2896747589111328,2.319999933242798
152,462,-0.28967487812042236,2.5999999046325684
152,463,-0.05080549791455269,-0.8650000095367432
152,464,-0.05080562084913254,-0.6899999976158142
152,465,0.43244844675064087,0.33000001311302185
152,466,1.8606151342391968,11.0
152,467,1.8606151342391968,8.899999618530273
152,468,1.2076398134231567,5.5
152,469,3.006162643432617,15.300000190734863
152,470,-0.4995133876800537,0.17499999701976776
152,471,2.5624475479125977,13.199999809265137
152,472,1.927114486694336,10.079999923706055
152,473,1.927114486694336,8.300000190734863
152,474,2.203728199005127,4.699999809265137
152,475,1.3756699562072754,3.700000047683716
152,476,2.217376947402954,4.900000095367432
152,477,0.5630958080291748,0.800000011920929
152,478,2.9102396965026855,4.550000190734863
152,479,0.43232494592666626,5.0
153,0,0.9629641771316528,6.199999809265137
154,0,-0.2963121235370636,3.0
155,0,1.1354007720947266,8.100000381469727
156,0,-1.4294697046279907,0.699999988079071
156,1,1.904900312423706,-5.5
156,2,0.3066568970680237,-1.100000023841858
156,3,-0.19995179772377014,4.099999904632568
156,4,2.0525035858154297,-3.299999952316284
156,5,3.2555692195892334,-12.899999618530273
156,6,0.21510064601898193,-18.600000381469727
156,7,-0.5462248921394348,-5.599999904632568
156,8,1.3441991806030273,-16.600000381469727
156,9,0.5881205797195435,-24.0
157,0,-0.625873327255249,-0.20000000298023224
157,1,-0.582836389541626,-4.199999809265137
158,0,-1.1436171531677246,-0.4000000059604645
158,1,-1.1436172723770142,-0.0
158,2,-2.1435673236846924,-3.200000047683716
158,3,0.07217979431152344,-2.5
158,4,5.314736366271973,6.099999904632568
158,5,4.163552761077881,5.0
158,6,1.520704984664917,1.5
158,7,3.0039680004119873,8.899999618530273
158,8,4.047516822814941,11.800000190734863
158,9,-0.08945345878601074,-6.199999809265137
158,10,4.259543418884277,19.5
158,11,0.7285144329071045,-4.300000190734863
158,12,1.2106157541275024,-1.600000023841858
158,13,4.725693702697754,5.900000095367432
158,14,4.612232685089111,5.400000095367432
158,15,3.894057273864746,3.9000000953674316
158,16,2.527545928955078,5.800000190734863
158,17,2.0734753608703613,2.700000047683716
158,18,-0.6915464401245117,-7.800000190734863
158,19,2.2489936351776123,7.599999904632568
158,20,0.7991328239440918,-13.699999809265137
158,21,-0.6495683789253235,-3.4000000953674316
158,22,-1.491185188293457,-8.199999809265137
158,23,-0.28675517439842224,-3.200000047683716
158,24,0.325005441904068,-9.199999809265137
158,25,1.817662000656128,-6.800000190734863
158,26,0.031134366989135742,-3.0999999046325684
158,27,1.3633720874786377,-7.0
158,28,2.4824604988098145,-4.599999904632568
158,29,2.3446149826049805,-5.5
158,30,1.4011852741241455,-3.200000047683716
158,31,1.8432836532592773,-4.800000190734863
158,32,1.5619317293167114,-3.9000000953674316
158,33,1.7261523008346558,-3.9000000953674316
158,34,2.4651763439178467,-4.099999904632568
158,35,1.025296688079834,-3.799999952316284
158,36,-0.5804795026779175,-0.4000000059604645
158,37,0.7104255557060242,-5.5
158,38,-0.05232894420623779,1.600000023841858
158,39,-1.353391170501709,-2.700000047683716
158,40,0.936896562576294,0.800000011920929
158,41,1.4988605976104736,1.0
158,42,0.8823634386062622,0.800000011920929
158,43,0.7863258123397827,-1.0
158,44,0.8785076141357422,-1.7999999523162842
158,45,0.10229551792144775,2.9000000953674316
158,46,1.1055771112442017,7.699999809265137
158,47,0.445789098739624,-0.10000000149011612
158,48,1.1360445022583008,-0.8999999761581421
158,49,-0.42627012729644775,-1.0
158,50,0.3773050606250763,0.6000000238418579
158,51,-0.6173093318939209,-4.099999904632568
158,52,0.2994758188724518,-1.2999999523162842
158,53,-0.2659628093242645,0.20000000298023224
158,54,-0.20761191844940186,-0.10000000149011612
158,55,-0.09923452138900757,-0.10000000149011612
158,56,-0.343567430973053,-0.4000000059604645
158,57,-2.663799285888672,-6.800000190734863
158,58,-1.5577178001403809,-3.200000047683716
158,59,0.06717991828918457,0.6000000238418579
158,60,0.0671798586845398,2.0999999046325684
158,61,-1.7934085130691528,-1.100000023841858
158,62,-0.9547248482704163,-0.800000011920929
158,63,-2.6442065238952637,-1.600000023841858
158,64,-1.1777750253677368,1.5
158,65,-1.177775502204895,1.5
158,66,0.8174593448638916,8.0
158,67,0.8174594640731812,8.0
158,68,-1.4874659776687622,1.600000023841858
158,69,-1.4874660968780518,1.600000023841858
158,70,-0.9183555841445923,0.699999988079071
158,71,-0.9183557033538818,0.699999988079071
158,72,-2.9498462677001953,-1.899999976158142
158,73,-2.9498462677001953,-1.899999976158142
158,74,2.839238405227661,12.699999809265137
158,75,-0.6504487991333008,-2.0999999046325684
158,76,0.29471707344055176,-3.299999952316284
158,77,-2.1435670852661133,-2.4000000953674316
158,78,-0.6915469169616699,-5.5
158,79,-0.6915464401245117,-7.800000190734863
158,80,0.7991337776184082,-8.100000381469727
158,81,0.79913330078125,-14.800000190734863
158,82,-0.6495682001113892,-3.799999952316284
158,83,-1.4911859035491943,-1.5
158,84,-0.28675544261932373,2.5999999046325684
158,85,0.32500532269477844,-2.4000000953674316
158,86,1.8176621198654175,-2.9000000953674316
158,87,1.8176623582839966,-5.5
158,88,0.031134724617004395,-2.4000000953674316
158,89,1.3633722066879272,-1.7000000476837158
158,90,2.4824609756469727,-2.299999952316284
158,91,2.3446152210235596,-3.799999952316284
158,92,1.4011855125427246,-0.10000000149011612
158,93,1.4011856317520142,-6.400000095367432
158,94,1.843284010887146,-1.600000023841858
158,95,1.5619316101074219,-0.8999999761581421
158,96,1.7261524200439453,-0.4000000059604645
158,97,2.4651761054992676,-1.100000023841858
158,98,1.0252965688705444,0.30000001192092896
158,99,-0.5804797410964966,-1.7999999523162842
158,100,0.7104253768920898,1.2000000476837158
158,101,-0.05232882499694824,1.2000000476837158
158,102,-1.353391170501709,-0.30000001192092896
158,103,0.9368963837623596,3.700000047683716
158,104,1.4988608360290527,0.20000000298023224
158,105,0.8823636770248413,-0.800000011920929
158,106,0.7863255739212036,0.20000000298023224
158,107,0.878507137298584,-2.299999952316284
158,108,1.1055772304534912,2.299999952316284
158,109,0.44578924775123596,-1.7000000476837158
158,110,0.44578906893730164,-0.0
158,111,-0.42627012729644775,-1.2999999523162842
158,112,0.3773050308227539,-2.200000047683716
158,113,-0.6173092126846313,-3.4000000953674316
158,114,0.2994758188724518,0.10000000149011612
158,115,-0.26596274971961975,-2.0999999046325684
158,116,-0.2659628391265869,-0.10000000149011612
158,117,3.4503300189971924,12.100000381469727
158,118,-0.2076117992401123,0.20000000298023224
158,119,-0.09923458099365234,-0.5
158,120,-0.3435675799846649,-0.30000001192092896
158,121,-2.663799524307251,-5.699999809265137
158,122,-1.5577179193496704,-2.9000000953674316
158,123,2.1897008419036865,9.600000381469727
158,124,-1.7934088706970215,-0.800000011920929
158,125,-0.9547246098518372,-1.0
158,126,2.065683364868164,5.599999904632568
158,127,-2.6442065238952637,-0.4000000059604645
158,128,2.839238166809082,7.599999904632568
158,129,-0.6504490375518799,-2.4000000953674316
158,130,0.29471707344055176,-3.700000047683716
159,0,0.04622143507003784,13.0
159,1,-2.657595157623291,14.0
159,2,-3.7212653160095215,-11.0
159,3,3.667186737060547,13.699999809265137
159,4,3.466665744781494,16.100000381469727
159,5,0.6871746778488159,0.4000000059604645
159,6,2.2013025283813477,2.0
159,7,-2.301237106323242,5.0
160,0,-0.5908049941062927,-0.20000000298023224
160,1,-0.524760901927948,0.4000000059604645
160,2,0.7594098448753357,6.900000095367432
161,0,-0.4100017845630646,4.0
161,1,-0.689887285232544,18.0
162,0,0.1041024923324585,-4.0
162,1,4.096375465393066,-1.0
162,2,-0.2775184214115143,-3.0
162,3,0.6451724767684937,2.0
162,4,2.8780722618103027,3.0
162,5,2.708771228790283,4.0
162,6,2.4903323650360107,-3.0
162,7,3.110548496246338,4.0
162,8,2.9939064979553223,-4.0
163,0,-0.249436616897583,-1.7000000476837158
163,1,-0.934506893157959,-2.9000000953674316
163,2,-0.6725414395332336,-1.0
164,0,1.4098678827285767,-20.0
165,0,3.1001696586608887,27.399999618530273
165,1,0.7068347930908203,10.300000190734863
165,2,2.4341306686401367,17.299999237060547
166,0,1.186139702796936,15.300000190734863
166,1,2.650132179260254,21.600000381469727
166,2,0.05382236838340759,2.5999999046325684
166,3,1.0933969020843506,18.0
166,4,0.750536322593689,7.699999809265137
166,5,1.3380787372589111,15.899999618530273
166,6,1.6526232957839966,19.399999618530273
166,7,2.8350648880004883,29.700000762939453
166,8,1.3008699417114258,14.899999618530273
166,9,0.11778658628463745,5.5
166,10,0.44707441329956055,2.9000000953674316
166,11,0.9100581407546997,5.5
166,12,0.5995691418647766,12.0
166,13,0.15175259113311768,1.399999976158142
166,14,0.21262836456298828,4.5
166,15,0.7359516620635986,18.399999618530273
166,16,1.3789832592010498,16.5
166,17,-0.5938321948051453,4.099999904632568
166,18,1.8390724658966064,9.5
166,19,0.24520134925842285,1.100000023841858
166,20,1.5307388305664062,5.599999904632568
166,21,2.050381898880005,8.600000381469727
166,22,2.8795664310455322,23.799999237060547
166,23,4.347447872161865,39.20000076293945
166,24,3.1866397857666016,28.100000381469727
166,25,0.26363158226013184,16.399999618530273
167,0,1.0592399835586548,6.900000095367432
167,1,0.5444937348365784,-9.800000190734863
167,2,-0.3525608777999878,-4.099999904632568
168,0,-1.1531882286071777,-5.900000095367432
168,1,-1.3384957313537598,-4.5
169,0,-0.5763422250747681,5.900000095367432
170,0,-0.13681724667549133,-0.800000011920929
170,1,-0.6497055292129517,1.399999976158142
171,0,1.496781826019287,0.6000000238418579
171,1,2.6191861629486084,3.4000000953674316
171,2,2.3750264644622803,3.0
171,3,3.0580058097839355,3.5999999046325684
171,4,1.610525131225586,0.5
171,5,2.646123170852661,-0.30000001192092896
171,6,1.4967814683914185,2.299999952316284
171,7,1.496781587600708,-0.10000000149011612
171,8,1.496781587600708,-0.30000001192092896
171,9,2.6191861629486084,3.299999952316284
171,10,2.6191859245300293,3.5999999046325684
171,11,2.6191861629486084,5.400000095367432
171,12,2.6191861629486084,7.099999904632568
171,13,2.3750264644622803,3.200000047683716
171,14,2.3750267028808594,3.5999999046325684
171,15,2.3750267028808594,3.6500000953674316
171,16,2.3750267028808594,7.5
171,17,3.0580055713653564,4.099999904632568
171,18,3.0580060482025146,2.9000000953674316
171,19,3.0580062866210938,5.25
171,20,3.0580058097839355,5.199999809265137
171,21,1.6105247735977173,-0.20000000298023224
171,22,1.6105246543884277,-0.6000000238418579
171,23,1.6105252504348755,-0.46666666865348816
171,24,2.646123170852661,-0.0
171,25,2.646122694015503,-0.20000000298023224
171,26,2.646122694015503,0.13333334028720856
171,27,2.646122694015503,-0.5
172,0,1.7797980308532715,-0.10000000149011612
173,0,1.0526115894317627,-4.599999904632568
173,1,4.900427341461182,-2.200000047683716
174,0,2.1658520698547363,3.0
174,1,2.3987514972686768,8.0
175,0,1.402724266052246,-5.0
175,1,-1.2817373275756836,-3.0
176,0,1.0296307802200317,-0.25
176,1,-0.9469049572944641,2.1700000762939453
176,2,-0.8742499351501465,1.25
176,3,0.9391293525695801,-0.4000000059604645
176,4,0.5546903610229492,0.07000000029802322
176,5,-0.29161572456359863,2.259999990463257
177,0,0.44235503673553467,-2.0
177,1,2.1612751483917236,16.299999237060547
177,2,2.158353805541992,12.0
177,3,2.4068050384521484,13.5
178,0,-1.5991096496582031,-14.300000190734863
178,1,-0.9818965792655945,-10.300000190734863
178,2,-0.9690881967544556,-8.399999618530273
178,3,1.6176180839538574,-4.400000095367432
178,4,1.2335923910140991,-8.699999809265137
178,5,1.8955858945846558,7.800000190734863
178,6,-3.417941093444824,-4.099999904632568
178,7,-1.5458595752716064,-16.5
178,8,-3.0010714530944824,-12.800000190734863
178,9,-0.4230424463748932,-2.0
178,10,1.658315896987915,13.100000381469727
178,11,2.1446280479431152,-14.766666412353516
178,12,0.30247336626052856,-32.79999923706055
178,13,-0.23251523077487946,-31.200000762939453
178,14,-0.7856757044792175,-31.700000762939453
178,15,-3.0788064002990723,-16.433332443237305
178,16,2.6088807582855225,-19.799999237060547
178,17,2.449275016784668,-26.600000381469727
178,18,-1.6004302501678467,-31.299999237060547
178,19,-2.044640302658081,-31.5
178,20,1.864070177078247,-21.600000381469727
178,21,-0.5786967277526855,-32.0
179,0,-3.2425458431243896,-5.099999904632568
179,1,0.06842398643493652,-16.0
179,2,4.00826358795166,-9.5
179,3,0.07345263659954071,-4.300000190734863
179,4,-1.5388503074645996,-3.200000047683716
179,5,-0.030790328979492188,-8.399999618530273
179,6,-0.7750933170318604,-4.400000095367432
179,7,-0.030790328979492188,-5.699999809265137
180,0,-0.9354336857795715,2.0
180,1,-1.359844446182251,-0.0
181,0,0.6013929843902588,5.800000190734863
181,1,2.7564303874969482,9.800000190734863
181,2,0.1565890610218048,1.2999999523162842
181,3,-0.35133805871009827,4.800000190734863
181,4,1.8760124444961548,10.800000190734863
181,5,0.3182588815689087,5.800000190734863
181,6,0.6964673399925232,7.0
182,0,1.7949271202087402,-0.10000000149011612
183,0,1.4487241506576538,-1.7000000476837158
183,1,-0.21398580074310303,5.5
183,2,1.4487242698669434,-0.8500000238418579
183,3,1.4487241506576538,-1.2999999523162842
183,4,-0.21398580074310303,5.5
183,5,-0.21398556232452393,6.0
184,0,0.8709475994110107,-2.0
184,1,0.21122974157333374,-3.5
184,2,0.09555920958518982,-3.0
184,3,-0.8664485812187195,-3.5
184,4,-0.4239037036895752,-3.5
184,5,0.6427724361419678,-1.5
185,0,-0.4022122919559479,-7.0
185,1,-3.170130491256714,-4.0
186,0,5.543677806854248,7.599999904632568
186,1,3.5633373260498047,1.5
186,2,0.5830897092819214,3.5999999046325684
186,3,-0.2672753930091858,2.299999952316284
186,4,1.7852894067764282,6.900000095367432
186,5,1.9368265867233276,1.399999976158142
186,6,0.2690804600715637,-0.0
186,7,-0.7693181037902832,1.7999999523162842
187,0,0.9113997220993042,-3.5999999046325684
187,1,1.3231838941574097,-4.699999809265137
187,2,0.10119771957397461,-3.0999999046325684
187,3,0.3851171135902405,-2.0
187,4,0.16497588157653809,-0.0
187,5,0.2556573748588562,-1.899999976158142
187,6,0.562533974647522,-1.2000000476837158
187,7,1.3095436096191406,-0.5
187,8,0.45010173320770264,-0.10000000149011612
187,9,0.8013529181480408,0.20000000298023224
187,10,1.3100731372833252,-0.699999988079071
187,11,0.6720691323280334,-2.299999952316284
187,12,-0.24912166595458984,-0.5
187,13,0.13926756381988525,1.2000000476837158
187,14,-0.5552411675453186,-0.0
187,15,-0.05250170826911926,-1.0
187,16,-0.6229045987129211,0.10000000149011612
187,17,1.9265727996826172,4.599999904632568
187,18,2.981689929962158,5.699999809265137
187,19,2.5617806911468506,2.9000000953674316
187,20,0.868418276309967,1.2000000476837158
187,21,-2.0231456756591797,-2.0
187,22,2.653141975402832,11.600000381469727
187,23,1.3115495443344116,6.5
187,24,-0.22138071060180664,1.2000000476837158
187,25,1.0245944261550903,6.0
187,26,2.900237798690796,13.100000381469727
187,27,2.900237560272217,13.100000381469727
187,28,0.7873023748397827,2.4000000953674316
187,29,-0.11433553695678711,-0.800000011920929
187,30,-1.0769542455673218,1.7999999523162842
187,31,1.1914873123168945,2.799999952316284
187,32,0.2564826011657715,1.0
187,33,0.013268247246742249,1.2000000476837158
187,34,-1.2164223194122314,-1.7999999523162842
187,35,-0.6994214057922363,0.4000000059604645
187,36,0.03553396463394165,0.10000000149011612
187,37,-0.13258486986160278,-0.6000000238418579
187,38,-0.7455441951751709,0.4000000059604645
187,39,2.118302583694458,6.099999904632568
187,40,0.8000156879425049,-2.5999999046325684
187,41,1.6849253177642822,0.20000000298023224
187,42,1.477608323097229,8.100000381469727
187,43,1.7772786617279053,5.800000190734863
187,44,-0.035160064697265625,0.699999988079071
188,0,-0.7630541920661926,4.199999809265137
188,1,-0.18306002020835876,2.700000047683716
188,2,-0.23746907711029053,4.199999809265137
188,3,-0.4612080454826355,2.200000047683716
189,0,0.24794676899909973,3.299999952316284
189,1,1.262338638305664,7.400000095367432
189,2,-0.8711167573928833,4.800000190734863
189,3,0.21515882015228271,0.10000000149011612
189,4,0.5508780479431152,0.6000000238418579
189,5,0.35989969968795776,-3.200000047683716
189,6,-0.874096155166626,-2.799999952316284
189,7,-0.42538535594940186,-1.7999999523162842
189,8,-1.1097286939620972,-1.5
189,9,-0.8268213272094727,-0.800000011920929
189,10,-1.758874535560608,0.8999999761581421
189,11,1.150399923324585,-0.30000001192092896
189,12,0.3425259590148926,0.800000011920929
189,13,1.0599641799926758,-0.8999999761581421
189,14,-0.8700404763221741,0.699999988079071
189,15,0.23064839839935303,1.7000000476837158
189,16,0.8243624567985535,1.0
189,17,0.9999645948410034,1.2999999523162842
190,0,-0.016715019941329956,-2.9000000953674316
190,1,-1.869993805885315,-1.0
190,2,-0.15340173244476318,0.699999988079071
191,0,0.07488079369068146,-19.799999237060547
191,1,2.4342849254608154,-32.70000076293945
192,0,-3.714076042175293,-1.399999976158142
192,1,0.13898426294326782,-1.2000000476837158
192,2,2.4415676593780518,2.700000047683716
192,3,1.294613003730774,1.2000000476837158
192,4,2.747171640396118,5.5
192,5,2.317937135696411,2.9000000953674316
192,6,3.030691146850586,5.199999809265137
192,7,2.201049566268921,2.4000000953674316
192,8,3.566174268722534,2.4000000953674316
192,9,2.7084145545959473,5.5
192,10,0.9031339287757874,2.5
192,11,0.6407251358032227,-1.600000023841858
192,12,1.3661518096923828,-1.5
192,13,-0.3586716651916504,-3.9000000953674316
192,14,-0.27640533447265625,-1.399999976158142
192,15,-1.161138892173767,6.900000095367432
192,16,-0.7815561890602112,-0.10000000149011612
192,17,3.0543789863586426,-7.599999904632568
192,18,2.062002420425415,3.0999999046325684
192,19,-1.8683844804763794,3.0999999046325684
192,20,-0.9371427297592163,1.7999999523162842
192,21,1.3712117671966553,2.799999952316284
192,22,3.8689446449279785,3.0999999046325684
192,23,-0.9011067152023315,6.0
192,24,-0.9037247896194458,-0.0
192,25,2.702427864074707,1.7000000476837158
192,26,-1.6181955337524414,1.100000023841858
192,27,3.5594918727874756,5.599999904632568
192,28,0.4632558822631836,0.30000001192092896
192,29,3.624498128890991,13.199999809265137
192,30,1.061436414718628,5.900000095367432
192,31,3.0189878940582275,8.300000190734863
192,32,0.7663636207580566,-1.7000000476837158
192,33,0.8893015384674072,10.300000190734863
192,34,0.6490275859832764,2.5999999046325684
192,35,1.5785205364227295,4.300000190734863
192,36,0.04919838905334473,2.799999952316284
192,37,-0.10415375232696533,-0.699999988079071
192,38,1.816016435623169,0.6000000238418579
192,39,1.3686386346817017,-0.800000011920929
192,40,2.956573486328125,8.5
192,41,4.167208671569824,11.100000381469727
192,42,0.019515514373779297,12.5
192,43,-0.33663561940193176,7.400000095367432
192,44,1.514460802078247,5.400000095367432
192,45,0.8904213905334473,3.5999999046325684
193,0,3.0311567783355713,4.840000152587891
193,1,1.4006431102752686,-2.6600000858306885
193,2,0.42566806077957153,-0.8299999833106995
194,0,0.08463349938392639,56.400001525878906
194,1,2.7706806659698486,9.0
194,2,2.218834400177002,29.299999237060547
194,3,0.03136718273162842,16.5
194,4,1.3630400896072388,16.100000381469727
194,5,1.1340830326080322,11.699999809265137
194,6,0.5063586235046387,4.699999809265137
194,7,2.127272129058838,4.199999809265137
194,8,1.866720199584961,-0.20000000298023224
194,9,2.0066134929656982,4.800000190734863
194,10,-1.2264325618743896,3.700000047683716
194,11,-1.2264326810836792,4.199999809265137
194,12,-1.2094982862472534,2.299999952316284
194,13,-0.9419571161270142,6.099999904632568
194,14,-1.1455402374267578,5.900000095367432
194,15,-1.6260162591934204,1.899999976158142
194,16,-0.9556609988212585,-2.200000047683716
194,17,-0.3881644606590271,6.099999904632568
194,18,-1.0796136856079102,4.699999809265137
194,19,-1.0252810716629028,4.900000095367432
194,20,-0.9213836193084717,1.399999976158142
194,21,-0.4341161251068115,3.5
194,22,0.13230377435684204,-1.2999999523162842
194,23,-0.9422390460968018,1.2999999523162842
194,24,-0.5209773778915405,1.100000023841858
194,25,-0.450631707906723,6.300000190734863
194,26,-1.469261646270752,7.5
194,27,-1.0918080806732178,6.599999904632568
194,28,-0.9833453893661499,-0.0
194,29,-0.641033947467804,60.29999923706055
194,30,0.14587455987930298,39.400001525878906
194,31,-0.26163309812545776,37.599998474121094
194,32,-0.46923938393592834,-0.0
194,33,-0.5312880277633667,4.699999809265137
194,34,1.5606073141098022,-0.0
194,35,-1.0070067644119263,-0.0
194,36,-0.9753289818763733,17.0
194,37,-0.10297524929046631,68.0
194,38,-0.36035382747650146,0.30000001192092896
194,39,-0.8791263103485107,10.800000190734863
194,40,-0.702083945274353,24.399999618530273
194,41,-2.3332409858703613,36.70000076293945
194,42,-0.15808813273906708,-0.0
194,43,1.0764822959899902,16.200000762939453
194,44,1.7162585258483887,18.0
194,45,-0.7933156490325928,-1.399999976158142
194,46,0.7815017104148865,2.5999999046325684
194,47,-0.4210384786128998,1.2999999523162842
194,48,-0.6302922368049622,11.199999809265137
194,49,2.7706804275512695,14.699999809265137
194,50,4.534754276275635,38.0
194,51,0.7900565266609192,21.0
194,52,1.3630399703979492,13.100000381469727
194,53,1.5161700248718262,7.300000190734863
194,54,1.1340831518173218,15.399999618530273
194,55,2.127272367477417,21.0
194,56,2.127272367477417,17.200000762939453
194,57,-1.1424394845962524,1.399999976158142
194,58,-0.5379635691642761,1.5
194,59,1.866720199584961,10.899999618530273
194,60,2.0066134929656982,15.100000381469727
194,61,-1.2264325618743896,2.5999999046325684
194,62,-0.9663445949554443,0.10000000149011612
194,63,-0.6498721241950989,3.0
194,64,-0.9833453893661499,-0.6000000238418579
194,65,0.7061413526535034,-0.30000001192092896
194,66,-0.13782942295074463,4.599999904632568
194,67,0.6119494438171387,12.100000381469727
194,68,1.9377310276031494,15.800000190734863
194,69,0.8650795221328735,32.0
194,70,0.8282763361930847,29.0
194,71,0.23058973252773285,21.0
194,72,-0.46923941373825073,9.0
194,73,-0.09495529532432556,9.800000190734863
194,74,0.3941417932510376,2.5
194,75,0.7555633187294006,5.5
194,76,-0.908634603023529,7.5
194,77,-0.5312878489494324,1.899999976158142
194,78,-0.8875586986541748,3.9000000953674316
194,79,1.5606069564819336,13.199999809265137
194,80,-1.0070066452026367,-0.0
194,81,-0.9715306162834167,3.5999999046325684
194,82,-0.009907782077789307,0.8999999761581421
194,83,1.9927947521209717,11.899999618530273
194,84,-0.36035388708114624,0.20000000298023224
194,85,-0.32677537202835083,0.4000000059604645
194,86,-0.47234347462654114,0.699999988079071
194,87,-0.15808823704719543,9.0
194,88,-0.9490755796432495,9.0
194,89,3.6939539909362793,33.0
194,90,1.0764822959899902,8.300000190734863
195,0,0.7652935981750488,2.0
195,1,-0.21840131282806396,-4.5
195,2,-0.4317212402820587,-0.10000000149011612
195,3,-0.5786048173904419,-0.10000000149011612
195,4,0.7876378893852234,-6.5
195,5,0.5150461196899414,-3.5
195,6,-1.1282861232757568,-2.700000047683716
195,7,-0.38979101181030273,-1.399999976158142
195,8,-0.4840644598007202,-4.800000190734863
195,9,-0.9284214973449707,-2.700000047683716
196,0,-0.6708992719650269,0.20000000298023224
196,1,0.1648947149515152,0.1666666716337204
196,2,0.5153114795684814,0.20000000298023224
196,3,0.9635499715805054,2.633333444595337
196,4,-0.8858802318572998,0.30000001192092896
196,5,-0.2988284230232239,1.0333333015441895
196,6,0.2865297198295593,0.23333333432674408
196,7,-0.36582812666893005,0.20000000298023224
196,8,1.6160277128219604,0.03333333507180214
197,0,5.881933689117432,17.0
197,1,2.4837636947631836,13.0
197,2,1.035081148147583,6.0
197,3,4.896771430969238,24.0
198,0,-1.2996948957443237,1.2000000476837158
198,1,2.4494125843048096,1.2000000476837158
198,2,-1.3945798873901367,0.10000000149011612
198,3,-1.9608476161956787,0.8999999761581421
199,0,2.560288429260254,-9.729999542236328
199,1,-0.12107576429843903,-19.399999618530273
199,2,0.48716312646865845,-14.449999809265137
199,3,-0.8210462331771851,-19.719999313354492
199,4,-1.1337110996246338,-17.950000762939453
199,5,-0.606638491153717,-20.549999237060547
199,6,2.0623438358306885,-19.979999542236328
199,7,0.5676150321960449,-19.110000610351562
200,0,0.10851967334747314,-9.5
200,1,1.4042032957077026,-5.5
200,2,1.2651019096374512,-14.25
200,3,1.2892049551010132,-8.0
200,4,0.29011619091033936,-5.0
200,5,0.21018081903457642,-6.0
200,6,-0.8877909183502197,-4.0
200,7,-0.31039828062057495,-3.5
200,8,0.58502197265625,-3.0
200,9,0.35009288787841797,-7.0
201,0,2.075239419937134,1.600000023841858
201,1,-0.4295981526374817,-1.0
201,2,-0.36146730184555054,-0.6000000238418579
201,3,-0.13541626930236816,1.7999999523162842
202,0,3.415133476257324,7.0
202,1,-3.221571683883667,15.666666984558105
203,0,1.9316946268081665,-0.20000000298023224
203,1,-0.23897957801818848,-4.400000095367432
203,2,-0.8905081748962402,-4.300000190734863
203,3,-0.03756338357925415,-1.2000000476837158
203,4,-0.026774346828460693,-0.8999999761581421
203,5,0.736398458480835,0.4000000059604645
203,6,-1.739485740661621,-1.600000023841858
203,7,-0.665925920009613,1.0
203,8,0.3054177165031433,-1.0
203,9,-0.1615142822265625,-2.200000047683716
204,0,0.4590257406234741,1.0
205,0,2.6735689640045166,2.0
206,0,-1.7457996606826782,-17.0
207,0,-1.0109305381774902,0.5
207,1,0.36333057284355164,5.5
208,0,-0.7492103576660156,-0.5
208,1,0.19478580355644226,0.5
208,2,-0.09304296970367432,2.5999999046325684
209,0,2.1360058784484863,16.0
209,1,1.887924075126648,19.66666603088379
209,2,-4.0009684562683105,23.66666603088379
209,3,1.9294171333312988,11.333333015441895
209,4,-3.2686517238616943,28.25
210,0,2.2230467796325684,6.900000095367432
210,1,0.421862930059433,4.800000190734863
210,2,0.13347607851028442,9.0
210,3,-0.25693634152412415,1.600000023841858
210,4,1.6534090042114258,6.800000190734863
210,5,-0.15474247932434082,0.8999999761581421
210,6,1.8778600692749023,-1.7999999523162842
210,7,2.7831709384918213,9.0
210,8,-0.998568594455719,4.400000095367432
210,9,0.9578908085823059,11.600000381469727
210,10,-0.10312098264694214,-0.10000000149011612
210,11,2.1036503314971924,3.200000047683716
210,12,1.0396997928619385,1.7999999523162842
210,13,1.0446974039077759,4.0
210,14,0.4990658760070801,11.699999809265137
210,15,-0.513412356376648,1.100000023841858
210,16,-0.2809790074825287,2.4000000953674316
210,17,0.8394030928611755,5.699999809265137
210,18,1.2789812088012695,3.9000000953674316
210,19,0.4767044186592102,2.5999999046325684
210,20,2.302175998687744,4.0
210,21,1.5646235942840576,9.899999618530273
210,22,0.3329702615737915,1.7999999523162842
210,23,2.7081716060638428,0.10000000149011612
210,24,3.331655263900757,2.9000000953674316
211,0,-0.17778578400611877,0.6000000238418579
211,1,2.3318979740142822,0.5
211,2,2.905843734741211,0.8999999761581421
211,3,2.585007667541504,-0.10000000149011612
211,4,0.4113255739212036,2.5
211,5,1.980100154876709,5.199999809265137
211,6,1.1737523078918457,0.4000000059604645
212,0,-2.1039018630981445,-6.599999904632568
212,1,-1.4460537433624268,-7.400000095367432
212,2,-2.236281633377075,-9.300000190734863
212,3,-0.5402732491493225,-5.0
212,4,-2.7215981483459473,-4.300000190734863
212,5,-0.48037242889404297,-1.7000000476837158
212,6,-1.22628915309906,-6.400000095367432
212,7,-0.16513001918792725,1.100000023841858
212,8,-0.9308221936225891,-5.0
213,0,1.129054307937622,7.5
213,1,1.298013687133789,7.5
214,0,1.155425786972046,-5.0
214,1,-1.336769938468933,-3.0
215,0,0.1972276270389557,1.0
215,1,0.31285691261291504,6.333333492279053
215,2,-2.589327335357666,-12.100000381469727
216,0,1.8977100849151611,2.5
217,0,2.4403324127197266,12.0
217,1,2.4403319358825684,10.033333778381348
217,2,2.4403321743011475,7.300000190734863
217,3,3.3654775619506836,15.949999809265137
217,4,3.3654775619506836,13.533333778381348
217,5,3.3654773235321045,11.199999809265137
218,0,-0.35284847021102905,10.994000434875488
218,1,0.6331298351287842,13.503999710083008
218,2,0.10318541526794434,16.187999725341797
218,3,-0.01771843433380127,10.972000122070312
219,0,0.48277175426483154,2.0
220,0,0.1398395299911499,-4.150000095367432
220,1,0.3864869475364685,-6.800000190734863
221,0,2.7264597415924072,6.599999904632568
221,1,2.2850852012634277,5.900000095367432
222,0,-0.1743859350681305,-4.599999904632568
222,1,-0.17438602447509766,-12.0
222,2,-0.1743859052658081,-23.899999618530273
222,3,-0.15131765604019165,-5.400000095367432
222,4,-0.15131771564483643,-11.199999809265137
222,5,-0.15131759643554688,-23.600000381469727
222,6,-0.3351936340332031,-15.0
223,0,0.5393236875534058,6.099999904632568
223,1,-0.40241724252700806,3.0
223,2,1.0834341049194336,-14.399999618530273
223,3,-0.28511300683021545,-15.333333015441895
223,4,-4.0787224769592285,-9.699999809265137
223,5,2.0197789669036865,-1.100000023841858
223,6,0.5364800691604614,-7.900000095367432
223,7,0.9244433045387268,4.099999904632568
223,8,-1.811812400817871,8.699999809265137
223,9,-2.113278865814209,1.0
223,10,0.06941497325897217,11.600000381469727
223,11,-1.5747449398040771,-0.30000001192092896
223,12,-0.5463021397590637,4.5
223,13,-0.46642377972602844,3.200000047683716
223,14,-0.7551121711730957,-10.699999809265137
223,15,-0.16954803466796875,2.700000047683716
223,16,-0.1509537547826767,1.100000023841858
223,17,-0.3800790309906006,-6.300000190734863
223,18,-0.448247492313385,-1.899999976158142
223,19,-0.29694581031799316,4.099999904632568
223,20,-0.11647465825080872,1.899999976158142
223,21,0.14284713566303253,4.5
223,22,-0.08294711261987686,5.199999809265137
223,23,-0.938092827796936,1.100000023841858
223,24,0.8318722248077393,12.5
223,25,1.6034337282180786,3.299999952316284
223,26,0.6556421518325806,5.400000095367432
223,27,-0.47548744082450867,10.699999809265137
223,28,0.1775023639202118,1.100000023841858
224,0,-0.07866331934928894,-1.5499999523162842
224,1,-1.4342769384384155,-9.300000190734863
225,0,1.1075137853622437,6.550000190734863
226,0,1.3662092685699463,5.849999904632568
226,1,-0.9615182876586914,0.6000000238418579
226,2,0.6959413886070251,2.299999952316284
226,3,1.902016043663025,10.0
226,4,0.5925897359848022,3.25
226,5,-0.5613800287246704,-0.0
226,6,-0.10866417735815048,-1.899999976158142
226,7,0.8334536552429199,5.0
227,0,-1.1777852773666382,0.5
227,1,-0.015477508306503296,0.5
227,2,0.40134671330451965,4.849999904632568
228,0,0.48425209522247314,-0.11999999731779099
228,1,-1.4549611806869507,0.07000000029802322
229,0,-1.8166823387145996,-7.0
230,0,-0.8986690044403076,0.699999988079071
230,1,-0.1412336230278015,0.05000000074505806
231,0,0.02322027087211609,-0.0
232,0,-0.2694029211997986,1.4333332777023315
232,1,1.2569917440414429,0.9666666388511658
232,2,-0.08011516183614731,1.9666666984558105
232,3,0.502105176448822,2.200000047683716
232,4,-0.010262258350849152,3.0
232,5,1.7022488117218018,3.5
232,6,-1.3880047798156738,0.20000000298023224
232,7,1.753561019897461,0.8666666746139526
232,8,-0.13098770380020142,0.46666666865348816
232,9,0.19901043176651,1.0
232,10,1.0820175409317017,1.2666666507720947
232,11,-0.2941141724586487,0.13333334028720856
232,12,-1.1828869581222534,2.0333333015441895
232,13,-0.37293803691864014,3.4666666984558105
232,14,-0.05684720724821091,0.699999988079071
232,15,1.5797741413116455,3.5999999046325684
233,0,1.762618064880371,15.0
233,1,2.4712963104248047,16.0
233,2,-1.3719642162322998,9.0
233,3,-0.30787575244903564,-4.0
234,0,-0.7452191114425659,3.0
234,1,-1.140712857246399,6.199999809265137
234,2,0.9418359994888306,4.400000095367432
234,3,0.7666620016098022,3.0
235,0,-0.40448805689811707,-1.7000000476837158
236,0,0.6199786067008972,2.799999952316284
236,1,-0.7079474925994873,0.5
236,2,-0.5980757474899292,-2.5
236,3,0.5233514308929443,2.0999999046325684
236,4,-1.4086382389068604,-0.0
236,5,-0.16158470511436462,-0.30000001192092896
236,6,2.9273829460144043,-0.800000011920929
236,7,-2.4123568534851074,1.7999999523162842
236,8,2.4689416885375977,3.799999952316284
236,9,-1.2956702709197998,1.5
236,10,-1.762943983078003,2.299999952316284
236,11,2.730806350708008,6.0
236,12,-0.9694474339485168,-0.5
236,13,-0.7639248967170715,-1.2999999523162842
236,14,0.6264666318893433,1.2999999523162842
236,15,0.795311689376831,2.799999952316284
236,16,-0.952433705329895,-2.0
236,17,-1.1347824335098267,1.0
236,18,-1.2051054239273071,-0.5
236,19,-0.7727913856506348,-0.30000001192092896
236,20,2.6903269290924072,2.5
236,21,1.3053343296051025,1.7999999523162842
236,22,-0.2390303611755371,1.5
236,23,-0.1654222011566162,4.0
236,24,-0.3448010981082916,0.800000011920929
236,25,-0.4079008102416992,1.2999999523162842
236,26,1.0390397310256958,2.299999952316284
236,27,1.866316795349121,7.5
236,28,-0.7068156003952026,-0.0
236,29,0.5254022479057312,-7.300000190734863
236,30,0.7737762928009033,-1.7999999523162842
236,31,-2.086164712905884,10.0
236,32,-0.7428898811340332,-0.30000001192092896
236,33,0.37075018882751465,2.299999952316284
236,34,0.31116002798080444,-0.0
236,35,-0.2068248987197876,-0.20000000298023224
236,36,-0.17952600121498108,0.30000001192092896
236,37,-0.5660343170166016,-0.20000000298023224
236,38,-0.9157078266143799,-0.800000011920929
236,39,-0.9805487394332886,-1.5
236,40,-1.9670405387878418,-5.800000190734863
236,41,-0.43046510219573975,-2.5
236,42,1.697659969329834,6.0
236,43,-1.9318699836730957,-6.800000190734863
236,44,0.5264621376991272,-13.199999809265137
236,45,0.42727532982826233,-0.0
236,46,0.015253543853759766,-2.799999952316284
237,0,-1.3146756887435913,-1.3333333730697632
237,1,-0.5868613719940186,-2.066666603088379
237,2,-0.22661495208740234,-0.5666666626930237
237,3,-1.612257719039917,-0.8999999761581421
237,4,-1.3089767694473267,-2.1666667461395264
237,5,-0.5049301981925964,-1.9666666984558105
237,6,0.2930606007575989,-1.0666667222976685
237,7,0.038976699113845825,-0.36666667461395264
237,8,1.1982429027557373,-1.5
237,9,1.128328561782837,-1.4666666984558105
237,10,0.3411543369293213,-1.899999976158142
237,11,-1.8959717750549316,-0.800000011920929
237,12,2.844719886779785,1.2000000476837158
238,0,2.295231819152832,17.700000762939453
238,1,1.4869091510772705,6.0
238,2,0.5068525671958923,8.300000190734863
238,3,2.643798351287842,26.100000381469727
238,4,1.3871620893478394,16.100000381469727
238,5,-0.19947350025177002,-3.4000000953674316
238,6,3.0172152519226074,9.600000381469727
238,7,2.6151630878448486,9.699999809265137
238,8,-0.6691626906394958,0.8999999761581421
238,9,1.0642062425613403,8.100000381469727
238,10,1.4862710237503052,4.400000095367432
238,11,2.5893144607543945,11.399999618530273
238,12,0.010233908891677856,-1.0
238,13,-1.294305682182312,-0.800000011920929
238,14,1.082075834274292,20.799999237060547
238,15,0.6045190095901489,9.300000190734863
238,16,1.4568344354629517,9.800000190734863
238,17,0.7475306987762451,14.600000381469727
238,18,2.4726009368896484,6.800000190734863
238,19,0.04685187339782715,22.600000381469727
238,20,0.6881504058837891,5.300000190734863
238,21,-1.5843262672424316,-6.400000095367432
238,22,2.204608917236328,11.199999809265137
238,23,2.4041638374328613,10.899999618530273
238,24,0.6438422203063965,2.5999999046325684
238,25,1.436505675315857,5.5
238,26,-0.14341871440410614,5.5
238,27,2.5651307106018066,19.399999618530273
238,28,-0.8357186317443848,-0.20000000298023224
238,29,0.26799148321151733,1.2999999523162842
238,30,0.026316165924072266,7.699999809265137
238,31,1.6066465377807617,7.099999904632568
238,32,-0.8055055141448975,1.899999976158142
238,33,0.6164753437042236,4.599999904632568
238,34,1.8585025072097778,11.0
238,35,0.6199789047241211,0.20000000298023224
238,36,-0.3479657471179962,2.0999999046325684
238,37,2.452542304992676,1.5
238,38,2.7780299186706543,2.5999999046325684
238,39,-0.6329512596130371,1.7000000476837158
238,40,1.387709140777588,8.5
238,41,-0.13854986429214478,-0.20000000298023224
238,42,-0.8107023239135742,0.4000000059604645
238,43,2.492361068725586,14.300000190734863
238,44,3.698242425918579,15.699999809265137
238,45,3.8899834156036377,24.200000762939453
238,46,0.9124913215637207,7.800000190734863
238,47,2.476656198501587,4.400000095367432
238,48,2.0126118659973145,23.600000381469727
238,49,2.700924873352051,5.699999809265137
238,50,1.1791263818740845,0.6000000238418579
238,51,2.240018367767334,24.700000762939453
238,52,0.433108925819397,5.800000190734863
238,53,2.229649543762207,13.300000190734863
238,54,0.26310038566589355,7.199999809265137
238,55,0.17557311058044434,5.699999809265137
239,0,1.2860443592071533,7.900000095367432
239,1,-0.46839386224746704,4.900000095367432
240,0,0.6190703511238098,-2.5
240,1,-0.18015354871749878,-5.300000190734863
240,2,1.2203588485717773,-6.199999809265137
240,3,1.0542025566101074,0.4000000059604645
240,4,-1.2394790649414062,-11.600000381469727
240,5,0.4171544909477234,-5.800000190734863
240,6,1.5024266242980957,5.300000190734863
240,7,0.4508523941040039,-5.900000095367432
240,8,1.0732327699661255,0.30000001192092896
240,9,0.9630458354949951,-4.0
240,10,-0.5965648293495178,-5.099999904632568
240,11,0.7797777652740479,9.800000190734863
240,12,0.847147524356842,-10.399999618530273
240,13,0.6263322234153748,-5.300000190734863
240,14,-0.5508328080177307,-6.0
240,15,-0.28517091274261475,2.0999999046325684
240,16,1.1995363235473633,2.0999999046325684
240,17,1.2695062160491943,2.799999952316284
240,18,1.3237550258636475,-1.7000000476837158
240,19,2.382913589477539,18.100000381469727
240,20,1.3251935243606567,5.699999809265137
241,0,2.362257957458496,24.0
242,0,0.23755884170532227,-2.5
242,1,-0.7615749835968018,-2.9000000953674316
242,2,-1.345286250114441,0.75
242,3,0.9862825274467468,-2.9000000953674316
242,4,-0.684899091720581,-0.15000000596046448
243,0,-0.333435982465744,-0.75
243,1,-0.8619695901870728,3.75
243,2,0.42064452171325684,4.75
244,0,1.580287218093872,10.0
245,0,0.8188767433166504,4.199999809265137
245,1,1.644117832183838,8.300000190734863
245,2,0.4295649528503418,11.699999809265137
245,3,1.6773669719696045,5.199999809265137
245,4,1.3120417594909668,3.4000000953674316
245,5,2.5058395862579346,-0.800000011920929
246,0,0.43071091175079346,7.300000190734863
247,0,-1.0578174591064453,-0.6000000238418579
247,1,0.05499058961868286,2.0999999046325684
247,2,0.3123628497123718,1.399999976158142
247,3,-0.35715702176094055,-0.20000000298023224
247,4,1.4321351051330566,1.7000000476837158
248,0,1.2310837507247925,-2.6666667461395264
248,1,1.2310833930969238,0.3499999940395355
248,2,1.169396162033081,15.533333778381348
248,3,3.60205340385437,16.100000381469727
248,4,1.4053798913955688,7.699999809265137
249,0,-0.1041412353515625,4.400000095367432
250,0,0.19051527976989746,3.4000000953674316
250,1,-0.24027401208877563,5.599999904632568
250,2,-1.4229111671447754,8.800000190734863
251,0,0.08971786499023438,-9.399999618530273
251,1,0.7141268253326416,-11.600000381469727
252,0,2.423853635787964,-0.0
252,1,1.6456023454666138,-2.0999999046325684
253,0,1.1722899675369263,-4.0
254,0,2.466517686843872,4.380000114440918
254,1,-0.01395338773727417,1.0724999904632568
254,2,-1.0448817014694214,4.519999980926514
254,3,-2.4444611072540283,2.5833332538604736
254,4,-0.3480956554412842,4.996666431427002
254,5,-0.4003729224205017,4.619999885559082
255,0,0.09067362546920776,7.0
256,0,-0.387474000453949,-0.8999999761581421
256,1,-0.41909268498420715,3.133333444595337
257,0,-0.5593974590301514,-1.2999999523162842
258,0,1.4342851638793945,-1.725000023841858
258,1,1.4342851638793945,-3.375
258,2,1.4342851638793945,-3.075000047683716
258,3,1.4342849254608154,-3.25
259,0,-1.4630749225616455,1.0666667222976685
259,1,-0.5946384072303772,3.866666555404663
259,2,2.8120055198669434,11.033333778381348
260,0,1.008042812347412,-1.75
261,0,0.14760661125183105,-2.049999952316284
261,1,-2.2429003715515137,-0.20000000298023224
262,0,-0.1509261578321457,-1.7000000476837158
262,1,-0.8877694606781006,-2.9000000953674316
262,2,-0.6129426956176758,-1.0
263,0,1.4408236742019653,7.5
263,1,1.6966149806976318,13.300000190734863
264,0,-1.5952534675598145,-2.549999952316284
264,1,0.09128344058990479,-2.0
264,2,-1.753490924835205,-1.5499999523162842
264,3,-1.2409031391143799,-3.25
265,0,-0.3796239197254181,-0.0
265,1,-0.8080923557281494,0.3333333432674408
266,0,-1.0494464635849,3.0
266,1,-0.2594835162162781,0.30000001192092896
266,2,-1.3743876218795776,-11.533333778381348
267,0,-1.1227779388427734,4.900000095367432
267,1,1.0061771869659424,3.0
268,0,0.6176128387451172,2.5999999046325684
269,0,-3.3196682929992676,-17.25
269,1,-3.3196682929992676,-14.881667137145996
269,2,-3.3196685314178467,-13.229999542236328
269,3,-3.3196680545806885,-14.4350004196167
269,4,-0.4073265790939331,0.49666666984558105
269,5,-0.40732669830322266,1.7324999570846558
269,6,-0.40732645988464355,-1.2766666412353516
269,7,-0.4073265790939331,-1.9700000286102295
269,8,1.7875860929489136,4.079999923706055
269,9,1.7875864505767822,4.199999809265137
269,10,1.7875860929489136,5.179999828338623
269,11,3.0358567237854004,13.569999694824219
269,12,3.0358567237854004,14.399999618530273
269,13,0.8358602523803711,7.300000190734863
269,14,0.8358603715896606,3.9000000953674316
269,15,0.8358601331710815,4.800000190734863
269,16,-0.9943294525146484,-2.3499999046325684
269,17,-0.9943293333053589,-0.30000001192092896
269,18,-0.9943294525146484,0.47999998927116394
269,19,1.7759524583816528,4.300000190734863
269,20,1.775952696800232,3.5999999046325684
269,21,1.775952696800232,4.329999923706055
269,22,0.11209147423505783,-1.659999966621399
269,23,0.11209142953157425,-1.159999966621399
269,24,0.11209146678447723,-0.18000000715255737
269,25,-0.8752028942108154,-3.4600000381469727
269,26,-0.8752025961875916,-3.0799999237060547
269,27,-0.8752025961875916,-2.5899999141693115
269,28,-0.5796349048614502,-0.9800000190734863
269,29,-0.579634964466095,-1.9900000095367432
269,30,-0.5796349048614502,-1.059999942779541
269,31,-0.20812126994132996,0.699999988079071
269,32,-0.20812131464481354,0.1899999976158142
269,33,-0.20812129974365234,0.8700000047683716
269,34,0.49380362033843994,2.309999942779541
269,35,0.4938035011291504,1.7799999713897705
269,36,0.49380359053611755,2.4200000762939453
269,37,0.36357787251472473,-3.7100000381469727
269,38,0.3635779619216919,-0.6499999761581421
269,39,0.36357784271240234,-0.17000000178813934
269,40,0.06310611218214035,0.4300000071525574
269,41,0.06310613453388214,0.46000000834465027
269,42,0.06310610473155975,1.0499999523162842
269,43,0.5656434297561646,1.399999976158142
269,44,0.5656434297561646,1.1699999570846558
269,45,0.5656433701515198,1.75
269,46,1.336978554725647,13.199999809265137
269,47,1.3369786739349365,13.699999809265137
269,48,0.7461118698120117,13.5
269,49,0.7461118102073669,12.399999618530273
269,50,2.094130039215088,27.700000762939453
269,51,2.094129800796509,25.399999618530273
269,52,-0.24360889196395874,2.4000000953674316
269,53,-0.24360883235931396,1.8300000429153442
269,54,0.5444259643554688,4.5
269,55,0.5444259643554688,5.300000190734863
269,56,0.6529951095581055,12.600000381469727
269,57,0.6529949307441711,11.699999809265137
270,0,1.3302128314971924,0.20000000298023224
270,1,2.0717484951019287,1.7333333492279053
270,2,0.4255349040031433,0.6333333253860474
270,3,-0.19636273384094238,-0.20000000298023224
270,4,-0.43021267652511597,-0.30000001192092896
270,5,0.3812617063522339,0.23333333432674408
270,6,0.19171568751335144,0.6333333253860474
270,7,2.0482311248779297,1.5666667222976685
270,8,0.6134291291236877,-0.36666667461395264
270,9,1.7078132629394531,1.9666666984558105
270,10,2.0712835788726807,1.7333333492279053
270,11,0.5550957918167114,-0.06666667014360428
270,12,0.9660048484802246,0.20000000298023224
270,13,2.2909622192382812,0.30000001192092896
270,14,1.3645668029785156,-1.2000000476837158
270,15,0.4253544211387634,-0.0
270,16,2.9360828399658203,0.3333333432674408
270,17,1.803849458694458,-1.0333333015441895
270,18,1.2290620803833008,0.10000000149011612
270,19,0.1405256986618042,0.5666666626930237
270,20,0.3279322385787964,0.30000001192092896
270,21,2.6238462924957275,3.633333444595337
270,22,1.347341537475586,2.1666667461395264
270,23,1.844092845916748,2.3333332538604736
270,24,-0.28460314869880676,-2.9666666984558105
270,25,-0.3414326608181,0.30000001192092896
270,26,1.4392681121826172,1.9666666984558105
270,27,1.847414255142212,2.0333333015441895
270,28,0.7777040600776672,0.23333333432674408
270,29,-0.8928076028823853,0.6333333253860474
270,30,1.1050548553466797,2.866666555404663
270,31,1.666513442993164,0.9666666388511658
270,32,-0.05957609415054321,1.4333332777023315
270,33,0.9762234687805176,-0.1666666716337204
270,34,1.6648266315460205,2.866666555404663
270,35,0.6422733068466187,0.20000000298023224
270,36,0.6577391028404236,2.799999952316284
270,37,-0.8835326433181763,-0.2666666805744171
270,38,-0.3364722728729248,4.866666793823242
270,39,3.6424362659454346,6.900000095367432
270,40,-0.011362195014953613,-0.2666666805744171
270,41,1.5745242834091187,0.800000011920929
270,42,0.3848777413368225,-0.10000000149011612
270,43,3.0597453117370605,12.066666603088379
270,44,0.02751752734184265,1.0333333015441895
270,45,3.341282844543457,-3.299999952316284
270,46,0.23508217930793762,0.30000001192092896
270,47,2.315013885498047,0.6333333253860474
270,48,2.8176050186157227,6.9666666984558105
270,49,-0.7648972272872925,1.2333333492279053
270,50,-0.04583963751792908,1.2000000476837158
270,51,-0.3762214481830597,0.10000000149011612
270,52,-1.8912873268127441,-0.23333333432674408
270,53,0.8652790188789368,-0.20000000298023224
270,54,1.865749716758728,5.666666507720947
270,55,0.029068052768707275,0.699999988079071
270,56,-0.4010768234729767,1.6333333253860474
270,57,-0.9561032056808472,0.3333333432674408
270,58,-1.396697998046875,0.4000000059604645
270,59,1.7636576890945435,0.9333333373069763
270,60,-0.09419921040534973,0.4333333373069763
270,61,-0.3204619288444519,0.20000000298023224
270,62,-0.42466241121292114,-0.36666667461395264
270,63,-0.04578365385532379,0.8666666746139526
270,64,0.32190629839897156,0.9333333373069763
270,65,-0.20592369139194489,0.2666666805744171
270,66,0.47192278504371643,1.7999999523162842
270,67,0.17266958951950073,2.9666666984558105
270,68,-0.32814526557922363,0.03333333507180214
270,69,0.3249054551124573,0.1666666716337204
270,70,-0.14723676443099976,0.46666666865348816
270,71,0.5372976064682007,0.4000000059604645
270,72,-0.28561079502105713,0.13333334028720856
270,73,0.17363105714321136,-0.13333334028720856
270,74,0.910373866558075,0.9666666388511658
270,75,-0.18088901042938232,1.1666666269302368
270,76,-0.7363842725753784,0.10000000149011612
270,77,-0.1182255893945694,0.9333333373069763
270,78,-0.06787869334220886,1.600000023841858
270,79,-0.024108469486236572,-0.5666666626930237
270,80,-0.1551012396812439,0.800000011920929
270,81,-0.08414286375045776,0.7333333492279053
270,82,0.6124531626701355,2.8333332538604736
270,83,-0.28952333331108093,0.4000000059604645
270,84,-0.024266153573989868,1.100000023841858
270,85,0.025586403906345367,-0.0
270,86,2.043731689453125,2.5
270,87,2.452711820602417,9.366666793823242
270,88,0.4115290343761444,1.100000023841858
270,89,3.0634541511535645,10.300000190734863
270,90,2.9639854431152344,4.133333206176758
270,91,4.491974830627441,4.666666507720947
270,92,3.7901296615600586,10.633333206176758
270,93,3.352092981338501,2.3333332538604736
270,94,4.723606109619141,4.366666793823242
270,95,4.8012213706970215,6.0333333015441895
270,96,4.81886625289917,6.833333492279053
270,97,4.81886625289917,2.9000000953674316
270,98,-1.090331792831421,-1.3333333730697632
270,99,0.14154404401779175,-0.0
270,100,3.5028505325317383,7.5333333015441895
270,101,-1.4695411920547485,-0.10000000149011612
270,102,-1.4353069067001343,0.1666666716337204
270,103,-2.426743984222412,-0.10000000149011612
270,104,1.7069028615951538,2.9666666984558105
270,105,0.6344636678695679,1.5666667222976685
270,106,-0.19714239239692688,0.5666666626930237
270,107,-2.1556906700134277,0.5
270,108,1.7917509078979492,2.200000047683716
270,109,0.6324774026870728,0.13333334028720856
270,110,2.2457761764526367,18.100000381469727
270,111,-0.5494647026062012,-1.7333333492279053
270,112,1.1183030605316162,0.30000001192092896
270,113,1.442312240600586,1.8666666746139526
270,114,-2.432142734527588,0.30000001192092896
270,115,-1.1376267671585083,0.699999988079071
270,116,0.038302451372146606,0.6000000238418579
270,117,-7.966160774230957e-05,1.6666666269302368
270,118,-0.9876925945281982,2.700000047683716
270,119,1.6545162200927734,0.8666666746139526
270,120,0.6646479964256287,0.1666666716337204
270,121,3.083599805831909,2.933333396911621
270,122,2.8437182903289795,-0.30000001192092896
270,123,1.6970847845077515,0.9666666388511658
270,124,1.944724440574646,3.4666666984558105
270,125,1.7957639694213867,0.30000001192092896
270,126,3.196948289871216,1.4333332777023315
270,127,3.4976437091827393,5.400000095367432
270,128,3.2221152782440186,1.6333333253860474
270,129,3.512451171875,3.566666603088379
270,130,3.9224188327789307,0.06666667014360428
270,131,3.2934656143188477,6.133333206176758
270,132,0.13969528675079346,2.3333332538604736
270,133,3.434995174407959,4.833333492279053
270,134,3.434995412826538,3.366666555404663
270,135,2.771005392074585,4.266666889190674
270,136,1.3499265909194946,0.20000000298023224
270,137,3.538386821746826,13.333333015441895
270,138,1.6608129739761353,7.300000190734863
270,139,1.8938493728637695,7.666666507720947
270,140,2.448611259460449,2.200000047683716
270,141,2.915766477584839,2.3333332538604736
270,142,1.6204156875610352,1.0333333015441895
270,143,3.2355175018310547,5.633333206176758
270,144,3.023951768875122,3.299999952316284
270,145,3.065509796142578,4.366666793823242
270,146,-0.601058840751648,0.30000001192092896
270,147,0.8502317667007446,0.8666666746139526
270,148,-1.6168782711029053,-0.0
270,149,-0.8434011936187744,0.3333333432674408
270,150,-1.0257389545440674,0.5666666626930237
270,151,-0.4249587655067444,4.233333110809326
270,152,0.871375322341919,1.1666666269302368
270,153,-0.740625262260437,-0.10000000149011612
270,154,-0.34490281343460083,0.36666667461395264
270,155,2.4749183654785156,3.633333444595337
270,156,0.40256252884864807,4.633333206176758
270,157,0.3501540422439575,0.5666666626930237
270,158,0.09240607172250748,1.6666666269302368
270,159,-0.11094239354133606,0.7666666507720947
270,160,-0.2256745547056198,0.10000000149011612
270,161,-0.2977554202079773,0.6333333253860474
270,162,-0.6198381185531616,1.7333333492279053
270,163,-0.2977553606033325,-0.1666666716337204
270,164,-1.0638444423675537,0.4333333373069763
270,165,-0.9087196588516235,0.8666666746139526
270,166,0.5874775052070618,2.066666603088379
270,167,2.2018628120422363,10.899999618530273
270,168,-0.036003947257995605,7.0333333015441895
270,169,-0.23921158909797668,5.9666666984558105
270,170,-1.605777621269226,0.699999988079071
270,171,-0.8036898374557495,1.2333333492279053
270,172,-0.5247212648391724,0.9666666388511658
270,173,2.803129196166992,3.366666555404663
270,174,1.337080717086792,0.800000011920929
270,175,2.5876994132995605,2.5
270,176,4.00538444519043,7.4666666984558105
270,177,1.0513463020324707,0.7333333492279053
270,178,2.894874334335327,1.100000023841858
270,179,2.5806350708007812,0.6333333253860474
270,180,2.180285930633545,12.266666412353516
270,181,1.5712437629699707,3.3333332538604736
270,182,4.280012607574463,4.599999904632568
270,183,0.24490787088871002,2.9000000953674316
270,184,0.9564832448959351,0.20000000298023224
270,185,2.3230888843536377,3.566666603088379
270,186,4.217914581298828,3.2333333492279053
270,187,4.563581943511963,5.366666793823242
270,188,0.1436970978975296,4.233333110809326
270,189,3.7368340492248535,9.966666221618652
270,190,0.9186805486679077,2.0333333015441895
270,191,1.9637317657470703,0.7666666507720947
270,192,1.6723058223724365,-0.13333334028720856
270,193,2.885436773300171,3.633333444595337
270,194,3.1133413314819336,1.899999976158142
270,195,2.9975130558013916,8.133333206176758
270,196,2.7213759422302246,1.6333333253860474
270,197,0.9386681914329529,3.866666555404663
270,198,1.4831753969192505,3.5999999046325684
270,199,0.04759503901004791,0.23333333432674408
270,200,2.226426601409912,4.766666889190674
270,201,2.7418997287750244,1.3666666746139526
270,202,2.1054086685180664,6.599999904632568
270,203,2.3042428493499756,4.566666603088379
270,204,-1.8626599311828613,0.03333333507180214
270,205,-1.2566416263580322,0.20000000298023224
270,206,-1.470575213432312,-0.4333333373069763
270,207,0.8345633745193481,-0.0
270,208,-1.8439297676086426,0.30000001192092896
270,209,1.646877646446228,2.2666666507720947
270,210,-0.5915486812591553,0.06666667014360428
270,211,3.2000603675842285,24.133333206176758
270,212,2.157270908355713,1.0333333015441895
270,213,1.944380521774292,1.5333333015441895
270,214,-0.7288769483566284,2.6666667461395264
270,215,-1.1587231159210205,1.2000000476837158
270,216,-0.7288768291473389,1.1666666269302368
270,217,-1.2564454078674316,3.933333396911621
270,218,-0.5101453065872192,0.1666666716337204
270,219,1.2117576599121094,5.5333333015441895
270,220,1.4960696697235107,1.8333333730697632
270,221,1.6149293184280396,2.0
270,222,-0.5988112688064575,-0.10000000149011612
270,223,0.4003078043460846,2.633333444595337
270,224,-0.26032301783561707,0.23333333432674408
270,225,-0.33613321185112,-0.36666667461395264
270,226,-0.44423964619636536,1.7333333492279053
270,227,-0.3765578269958496,0.7666666507720947
270,228,0.8209349513053894,0.699999988079071
270,229,0.3574755787849426,0.6666666865348816
270,230,-0.22287911176681519,0.7666666507720947
270,231,0.38347965478897095,2.5999999046325684
270,232,-0.3507586121559143,-0.06666667014360428
270,233,-0.4919946789741516,1.0666667222976685
270,234,1.385236144065857,0.7333333492279053
270,235,-0.17514368891716003,-0.06666667014360428
270,236,1.3125724792480469,1.8666666746139526
270,237,-0.5635764002799988,2.0999999046325684
270,238,-1.444210410118103,0.36666667461395264
270,239,1.3381803035736084,-0.20000000298023224
270,240,-0.3274102807044983,4.266666889190674
270,241,-0.9193453788757324,-0.1666666716337204
270,242,0.3265135586261749,0.4333333373069763
270,243,-0.11721895635128021,0.4000000059604645
270,244,0.13323631882667542,-0.36666667461395264
270,245,-0.22470954060554504,0.7666666507720947
270,246,-0.7634104490280151,1.0333333015441895
270,247,-1.1398587226867676,1.7000000476837158
270,248,-0.6450545191764832,0.1666666716337204
270,249,-1.1057692766189575,0.4000000059604645
270,250,0.3222108483314514,4.866666793823242
270,251,-0.18991303443908691,0.3333333432674408
270,252,1.088305950164795,1.7999999523162842
270,253,-1.292473316192627,0.7666666507720947
270,254,-0.948323667049408,1.0333333015441895
270,255,-0.9725102186203003,1.2999999523162842
270,256,0.1301845759153366,2.0
270,257,-0.28320491313934326,-0.13333334028720856
270,258,0.7036669254302979,-0.03333333507180214
270,259,1.5303947925567627,4.133333206176758
270,260,1.4568674564361572,1.5333333015441895
270,261,-1.3683573007583618,0.06666667014360428
270,262,-1.7320502996444702,0.6333333253860474
270,263,-0.5634797811508179,-0.46666666865348816
270,264,1.8454675674438477,0.9666666388511658
270,265,2.2796096801757812,4.266666889190674
270,266,1.1595135927200317,-1.2333333492279053
270,267,1.7340261936187744,4.5333333015441895
270,268,0.6995980739593506,1.5333333015441895
270,269,0.7202061414718628,1.0
270,270,-0.08638304471969604,1.9666666984558105
270,271,0.47680729627609253,1.2333333492279053
270,272,-0.5002561211585999,0.6333333253860474
270,273,0.5928633213043213,0.5
270,274,-0.14935307204723358,1.5
270,275,2.121086597442627,0.9666666388511658
270,276,1.254260540008545,-0.0
270,277,0.8909007906913757,0.5333333611488342
270,278,1.8809256553649902,3.133333444595337
270,279,1.2267868518829346,5.866666793823242
270,280,0.8902268409729004,5.366666793823242
270,281,1.8809254169464111,0.1666666716337204
270,282,2.722691059112549,9.5
270,283,-0.023194894194602966,1.3666666746139526
270,284,-0.8881105184555054,-0.4333333373069763
270,285,0.9887917041778564,0.6666666865348816
270,286,2.6537580490112305,3.5
270,287,-0.2335551530122757,0.2666666805744171
270,288,1.6391592025756836,5.266666889190674
270,289,0.6952804327011108,1.8333333730697632
270,290,0.7471604347229004,2.0
270,291,1.7295427322387695,3.0333333015441895
270,292,2.129077434539795,0.20000000298023224
270,293,3.2100958824157715,-0.6666666865348816
270,294,0.539900004863739,0.6666666865348816
270,295,2.1358869075775146,5.9666666984558105
270,296,2.045902729034424,-0.2666666805744171
270,297,2.361774444580078,2.1666667461395264
270,298,0.05863574147224426,2.133333444595337
270,299,2.1390483379364014,2.3333332538604736
270,300,2.2652196884155273,0.23333333432674408
270,301,0.5237364768981934,1.0
270,302,2.078392267227173,6.0
270,303,3.5509092807769775,6.5333333015441895
270,304,0.8581050038337708,-0.46666666865348816
270,305,-0.09187275171279907,-0.10000000149011612
270,306,3.299211263656616,3.366666555404663
270,307,2.8935115337371826,3.5999999046325684
270,308,3.8009328842163086,8.866666793823242
270,309,2.7814202308654785,6.800000190734863
270,310,1.3338127136230469,2.3333332538604736
270,311,3.9344890117645264,5.933333396911621
270,312,2.554903030395508,1.3333333730697632
270,313,2.768472194671631,6.699999809265137
270,314,0.6870263814926147,4.333333492279053
270,315,1.0090858936309814,3.366666555404663
271,0,1.4141037464141846,7.0
271,1,-0.12704777717590332,10.0
272,0,0.6557435393333435,-5.099999904632568
272,1,-1.8044190406799316,-7.5
272,2,-0.19181209802627563,-7.699999809265137
273,0,0.2127126157283783,2.8333332538604736
273,1,0.12951698899269104,3.3333332538604736
273,2,0.4679819643497467,10.333333015441895
273,3,0.13798868656158447,9.0
273,4,-1.3303452730178833,4.9666666984558105
273,5,-1.0943061113357544,4.666666507720947
273,6,1.1558632850646973,4.133333206176758
273,7,-0.13226443529129028,5.4666666984558105
273,8,0.31024253368377686,3.5
273,9,0.3102424740791321,2.2333333492279053
273,10,2.485424518585205,17.0
273,11,1.3581671714782715,6.166666507720947
274,0,-0.8538293838500977,7.0
275,0,2.5529353618621826,4.0
275,1,1.1290839910507202,-13.0
276,0,2.745436429977417,5.733333110809326
276,1,3.402369499206543,5.666666507720947
276,2,-0.08255147933959961,0.13333334028720856
276,3,1.117202877998352,0.7666666507720947
276,4,1.6725094318389893,3.4000000953674316
276,5,1.717578411102295,2.9000000953674316
276,6,-0.5341612696647644,4.333333492279053
276,7,3.8349456787109375,-1.1333333253860474
276,8,1.313283920288086,6.666666507720947
276,9,1.0907865762710571,2.066666603088379
276,10,0.36226212978363037,-0.800000011920929
276,11,-0.08460710942745209,0.20000000298023224
276,12,-0.516089916229248,7.0
276,13,1.3693740367889404,0.7333333492279053
276,14,-0.13164880871772766,0.10000000149011612
276,15,1.8138278722763062,6.12666654586792
276,16,0.048407167196273804,3.200000047683716
276,17,2.4149723052978516,14.333333015441895
276,18,3.5496304035186768,1.9666666984558105
276,19,3.0212595462799072,8.600000381469727
277,0,0.3716045618057251,-1.0
277,1,-2.3483805656433105,-14.0
277,2,-1.4846856594085693,-11.0
277,3,-1.4846855401992798,-12.0
277,4,-1.603968620300293,-14.5
277,5,-0.08536505699157715,-2.0
277,6,-0.7949424982070923,-10.0
277,7,-0.3244365453720093,-6.5
277,8,-0.8397701382637024,-7.5
277,9,-0.3640618920326233,-5.0
277,10,-0.1798420548439026,2.0
278,0,-0.3465368151664734,0.25
279,0,2.9789373874664307,-0.33000001311302185
280,0,1.0935953855514526,6.599999904632568
