protein_idx,mut_index,pred,true
0,0,1.2863366603851318,1.7899999618530273
0,1,0.9892033338546753,1.149999976158142
0,2,-0.10404479503631592,-5.300000190734863
0,3,0.05672559142112732,-5.199999809265137
0,4,-0.25568392872810364,-6.800000190734863
0,5,0.18734584748744965,3.700000047683716
0,6,0.8898439407348633,4.550000190734863
0,7,-0.2065882682800293,2.4000000953674316
0,8,0.4408906400203705,4.550000190734863
0,9,0.10621357709169388,0.699999988079071
0,10,0.35611477494239807,-0.550000011920929
0,11,0.27662545442581177,-0.8100000023841858
0,12,0.5054070949554443,-0.1899999976158142
0,13,0.06575092673301697,0.6600000262260437
0,14,0.9359320402145386,-0.46000000834465027
0,15,0.6170848608016968,0.3700000047683716
0,16,1.7111799716949463,0.7099999785423279
0,17,-0.7429628372192383,0.15000000596046448
0,18,0.5121291875839233,1.0
0,19,-0.18278387188911438,-0.9599999785423279
0,20,0.4066762328147888,0.6000000238418579
0,21,0.44327312707901,0.14000000059604645
0,22,3.5194857120513916,3.319999933242798
0,23,1.838030457496643,1.9600000381469727
0,24,1.7580268383026123,1.5800000429153442
0,25,0.40768343210220337,0.8600000143051147
0,26,0.04788807034492493,1.3200000524520874
0,27,0.34825271368026733,0.7900000214576721
0,28,-0.09764757752418518,0.07999999821186066
0,29,1.0476990938186646,-0.46000000834465027
0,30,1.6681606769561768,-0.7699999809265137
0,31,0.7160887718200684,-0.550000011920929
0,32,1.7791248559951782,1.909999966621399
0,33,1.615252137184143,1.4800000190734863
0,34,0.7196657657623291,1.6699999570846558
0,35,0.5521483421325684,-0.5299999713897705
0,36,0.20148245990276337,-0.25999999046325684
0,37,1.8017520904541016,-1.6299999952316284
0,38,0.20504501461982727,0.33000001311302185
0,39,0.02161926031112671,0.1599999964237213
0,40,1.2492668628692627,1.0399999618530273
0,41,0.5282175540924072,1.2000000476837158
0,42,0.7617558240890503,1.5800000429153442
0,43,1.077387809753418,1.0099999904632568
0,44,0.29661452770233154,0.05000000074505806
0,45,0.3741556406021118,0.23000000417232513
0,46,0.7320513725280762,2.1500000953674316
0,47,0.5065324306488037,0.10999999940395355
0,48,0.25154340267181396,1.8799999952316284
0,49,0.2927117943763733,1.0499999523162842
0,50,0.9115945100784302,4.039999961853027
0,51,0.08065696060657501,-0.1899999976158142
0,52,-0.04386843740940094,0.25
0,53,-0.046004265546798706,0.07000000029802322
0,54,1.8873109817504883,1.909999966621399
0,55,0.2105644941329956,2.1500000953674316
0,56,0.15762194991111755,0.9599999785423279
0,57,0.2610843777656555,2.130000114440918
0,58,0.16906000673770905,0.8999999761581421
0,59,-0.3922772705554962,1.2000000476837158
0,60,0.6631617546081543,1.399999976158142
0,61,2.424987554550171,0.800000011920929
0,62,0.7423332929611206,2.4000000953674316
0,63,1.201265811920166,0.10000000149011612
0,64,1.016642451286316,1.600000023841858
0,65,1.0960257053375244,5.0
0,66,1.04399836063385,1.1200000047683716
0,67,1.7814576625823975,0.8999999761581421
0,68,1.4357099533081055,0.019999999552965164
0,69,1.7507953643798828,1.690000057220459
0,70,1.1194403171539307,1.440000057220459
0,71,2.2201108932495117,2.25
0,72,2.0259368419647217,1.0499999523162842
0,73,0.9798580408096313,1.2100000381469727
0,74,1.5647494792938232,0.9900000095367432
0,75,0.32311153411865234,1.6799999475479126
0,76,0.3717332184314728,-1.059999942779541
0,77,0.658977746963501,1.7899999618530273
0,78,0.21153537929058075,0.44999998807907104
0,79,0.3221800923347473,2.440000057220459
0,80,0.7065865993499756,0.4399999976158142
0,81,1.4813635349273682,0.25
0,82,0.4518023133277893,0.20000000298023224
0,83,-0.02421516180038452,0.25
0,84,1.8714104890823364,1.649999976158142
0,85,0.5965390801429749,1.5099999904632568
0,86,2.2539479732513428,1.2899999618530273
0,87,0.5207957029342651,1.7300000190734863
0,88,1.665672779083252,1.409999966621399
0,89,0.309940367937088,1.5700000524520874
0,90,1.102608561515808,1.6699999570846558
0,91,0.7858017683029175,1.840000033378601
0,92,0.42184877395629883,1.409999966621399
0,93,1.51649808883667,2.630000114440918
0,94,1.3341429233551025,1.840000033378601
0,95,1.0988202095031738,0.2800000011920929
0,96,1.1908355951309204,2.5399999618530273
0,97,1.806221842765808,1.6299999952316284
0,98,1.51057767868042,1.8700000047683716
0,99,2.8395984172821045,1.8799999952316284
0,100,1.0260908603668213,0.019999999552965164
0,101,2.0645599365234375,1.5
0,102,1.6826698780059814,-1.0399999618530273
0,103,3.225351095199585,2.240000009536743
0,104,0.8201231956481934,-0.10000000149011612
0,105,0.8293439149856567,1.350000023841858
0,106,0.38417547941207886,0.5699999928474426
0,107,0.8748692274093628,0.4300000071525574
0,108,0.8569005727767944,0.8399999737739563
0,109,0.4840761721134186,1.1399999856948853
0,110,0.5202209949493408,1.2300000190734863
0,111,0.3187256455421448,0.6000000238418579
0,112,0.550525426864624,0.7300000190734863
0,113,0.5460524559020996,0.5699999928474426
0,114,0.822333574295044,0.8999999761581421
0,115,0.8066779375076294,-0.23000000417232513
0,116,0.7893804311752319,0.6499999761581421
0,117,0.11056144535541534,-0.2199999988079071
0,118,0.5596483945846558,-0.27000001072883606
0,119,0.3516879379749298,0.6399999856948853
0,120,1.203451156616211,1.0399999618530273
0,121,0.42725226283073425,0.23999999463558197
0,122,-0.34039542078971863,-0.699999988079071
0,123,0.5130568146705627,0.4000000059604645
0,124,-0.04209515452384949,0.49000000953674316
0,125,-0.061230048537254333,-0.3799999952316284
0,126,0.17950719594955444,0.36000001430511475
0,127,1.1993227005004883,3.450000047683716
0,128,0.15942850708961487,1.4199999570846558
0,129,0.39656439423561096,0.5600000023841858
0,130,0.10663451254367828,0.23999999463558197
0,131,0.47147995233535767,0.5600000023841858
0,132,0.42204374074935913,0.8199999928474426
0,133,0.43082016706466675,0.75
0,134,0.2109101116657257,0.7400000095367432
0,135,0.019840940833091736,0.15000000596046448
0,136,0.05089518427848816,0.10999999940395355
0,137,0.10988182574510574,0.1899999976158142
0,138,0.39181748032569885,0.5099999904632568
0,139,0.09129023551940918,0.4300000071525574
0,140,0.02100774645805359,0.15000000596046448
0,141,0.1970861256122589,0.2800000011920929
0,142,0.3230641782283783,0.6399999856948853
0,143,0.2862832248210907,0.6200000047683716
0,144,0.4036868214607239,1.0700000524520874
0,145,0.524756669998169,0.75
0,146,0.10675325989723206,0.09000000357627869
0,147,0.4722178280353546,0.7599999904632568
0,148,0.09937762469053268,0.7699999809265137
0,149,0.3681643009185791,0.27000001072883606
0,150,0.2844425141811371,0.10999999940395355
0,151,0.7011517286300659,3.0399999618530273
0,152,0.35340163111686707,2.4200000762939453
0,153,-0.007413610816001892,0.800000011920929
0,154,0.3433045744895935,1.2300000190734863
0,155,-0.007621407508850098,0.8399999737739563
0,156,0.6961607933044434,4.03000020980835
0,157,0.2513390779495239,1.2799999713897705
0,158,1.0271373987197876,1.909999966621399
0,159,0.029822662472724915,0.10999999940395355
0,160,0.639682412147522,1.2200000286102295
0,161,0.40974491834640503,2.4000000953674316
0,162,0.6314241886138916,2.0999999046325684
0,163,0.3394729197025299,2.700000047683716
0,164,0.779181957244873,2.200000047683716
0,165,0.43272003531455994,4.349999904632568
0,166,0.8107786178588867,2.9100000858306885
0,167,0.6272222995758057,3.299999952316284
0,168,0.7168774604797363,2.619999885559082
0,169,1.080694556236267,2.9100000858306885
0,170,0.6823869943618774,2.7200000286102295
0,171,1.2320151329040527,2.609999895095825
0,172,0.8825403451919556,3.049999952316284
0,173,1.0475434064865112,3.2799999713897705
0,174,-0.031050637364387512,-0.7400000095367432
0,175,0.16252191364765167,0.23999999463558197
0,176,0.28953540325164795,1.9900000095367432
0,177,0.5400446653366089,2.380000114440918
0,178,-0.47573211789131165,0.6499999761581421
0,179,0.10687775164842606,1.0499999523162842
0,180,0.14567145705223083,1.7400000095367432
0,181,0.2580079734325409,1.5199999809265137
0,182,0.24440190196037292,1.090000033378601
0,183,0.37275880575180054,2.190000057220459
0,184,1.568930983543396,1.7400000095367432
0,185,0.7642515897750854,0.800000011920929
0,186,1.2739248275756836,3.5899999141693115
0,187,0.3455115854740143,1.0499999523162842
0,188,0.36091169714927673,1.1100000143051147
0,189,0.29202577471733093,0.6899999976158142
0,190,1.4549977779388428,4.710000038146973
0,191,0.5939082503318787,1.659999966621399
0,192,0.7320414781570435,1.2899999618530273
0,193,0.4203641414642334,0.9399999976158142
0,194,0.15593239665031433,0.3700000047683716
0,195,0.821847677230835,1.7100000381469727
0,196,0.5230791568756104,2.640000104904175
0,197,0.22432172298431396,0.8700000047683716
0,198,0.607723593711853,0.1599999964237213
0,199,0.2440270483493805,-0.8399999737739563
0,200,0.21027295291423798,-0.5400000214576721
0,201,0.19109204411506653,-0.4399999976158142
0,202,0.6727675199508667,0.30000001192092896
0,203,0.26640784740448,0.3499999940395355
0,204,0.05773075670003891,-0.5899999737739563
0,205,0.2132781744003296,1.340000033378601
0,206,1.2934069633483887,2.819999933242798
0,207,0.5228815078735352,0.30000001192092896
0,208,0.05581691861152649,2.2699999809265137
0,209,-0.47343388199806213,2.5399999618530273
0,210,0.5343614816665649,2.2699999809265137
0,211,0.12148928642272949,-0.4000000059604645
0,212,0.11350109428167343,1.8300000429153442
0,213,0.40743952989578247,1.6299999952316284
0,214,0.3056682348251343,1.940000057220459
0,215,0.14346693456172943,0.12999999523162842
0,216,-0.00791160762310028,-1.190000057220459
0,217,0.0069818198680877686,0.029999999329447746
0,218,0.4516841769218445,1.0399999618530273
0,219,0.20855100452899933,-0.0
0,220,0.2194080352783203,0.10000000149011612
0,221,0.04926207661628723,-0.6399999856948853
0,222,0.22845140099525452,3.200000047683716
0,223,0.15092642605304718,2.0399999618530273
0,224,0.5876965522766113,2.8299999237060547
0,225,0.2309473752975464,4.429999828338623
0,226,0.2937924861907959,1.4700000286102295
0,227,-0.13136762380599976,-0.5
0,228,-0.06069473922252655,-0.5
0,229,0.30671629309654236,0.4699999988079071
0,230,0.12071673572063446,-0.15000000596046448
0,231,0.17003515362739563,-0.07999999821186066
0,232,1.0385031700134277,1.840000033378601
0,233,0.3184189200401306,2.890000104904175
0,234,0.5670357942581177,2.2100000381469727
0,235,0.164295494556427,0.3799999952316284
0,236,0.6381422281265259,1.4800000190734863
0,237,-0.1934148371219635,-0.23999999463558197
0,238,0.14168427884578705,1.659999966621399
0,239,0.5588028430938721,1.9500000476837158
0,240,0.3104194700717926,0.03999999910593033
0,241,0.6310579776763916,0.05000000074505806
0,242,0.5721333026885986,1.4800000190734863
0,243,0.47122278809547424,1.2899999618530273
0,244,0.8096095323562622,1.7200000286102295
0,245,0.1335473209619522,0.5600000023841858
0,246,0.9839611053466797,2.309999942779541
0,247,0.49574950337409973,2.2100000381469727
0,248,0.2160859853029251,-0.10999999940395355
0,249,0.2974197566509247,0.27000001072883606
0,250,0.824472188949585,1.090000033378601
0,251,0.29726123809814453,2.059999942779541
0,252,0.43230462074279785,1.2699999809265137
0,253,0.31585049629211426,1.8700000047683716
0,254,0.3957427442073822,0.2199999988079071
0,255,0.34494200348854065,-0.23999999463558197
0,256,1.8089096546173096,2.869999885559082
0,257,1.1778734922409058,3.4600000381469727
0,258,1.2388218641281128,2.369999885559082
0,259,0.3399919867515564,1.399999976158142
0,260,0.21900638937950134,1.1100000143051147
0,261,0.6454448699951172,1.6100000143051147
0,262,0.533890962600708,2.3399999141693115
0,263,0.9406682252883911,1.0399999618530273
0,264,0.7838200330734253,1.1200000047683716
0,265,1.2890403270721436,1.2400000095367432
0,266,0.5445946455001831,0.05999999865889549
0,267,1.3341739177703857,3.490000009536743
0,268,0.6261123418807983,0.5199999809265137
0,269,0.7214454412460327,2.119999885559082
0,270,0.24817025661468506,0.4399999976158142
0,271,1.148982286453247,4.019999980926514
0,272,0.381605863571167,2.2799999713897705
0,273,0.18156355619430542,-0.05000000074505806
0,274,0.4291238784790039,1.350000023841858
0,275,0.2165636569261551,0.9700000286102295
0,276,0.6196826696395874,3.309999942779541
0,277,0.46952900290489197,1.409999966621399
0,278,1.4484317302703857,4.510000228881836
0,279,1.9671828746795654,4.010000228881836
0,280,1.0559216737747192,3.4000000953674316
0,281,0.2114754468202591,-0.6000000238418579
0,282,1.1826441287994385,3.9000000953674316
0,283,1.0002421140670776,1.1100000143051147
0,284,0.32281625270843506,3.009999990463257
0,285,0.21181334555149078,1.7000000476837158
0,286,0.20812420547008514,1.2999999523162842
0,287,0.5222748517990112,2.4000000953674316
0,288,0.2749900221824646,2.700000047683716
0,289,0.6593465805053711,2.200000047683716
0,290,1.1170893907546997,4.300000190734863
0,291,0.6250605583190918,4.099999904632568
0,292,0.40032362937927246,2.799999952316284
0,293,0.7364360094070435,1.7000000476837158
0,294,0.48134633898735046,4.699999809265137
0,295,-0.0672166496515274,2.9000000953674316
0,296,0.9298444986343384,3.4000000953674316
0,297,0.7560842037200928,4.699999809265137
0,298,0.875585675239563,3.799999952316284
0,299,0.2155953347682953,0.6000000238418579
0,300,1.0571845769882202,5.0
0,301,0.7512401342391968,3.700000047683716
0,302,0.14835217595100403,0.699999988079071
0,303,-0.0886639654636383,-0.7599999904632568
0,304,0.014927148818969727,-0.36000001430511475
0,305,0.1932593137025833,-0.10000000149011612
0,306,0.1345522254705429,0.10000000149011612
0,307,0.0634276494383812,0.699999988079071
0,308,0.5734167098999023,1.0399999618530273
0,309,0.47512686252593994,1.090000033378601
0,310,0.26850974559783936,0.7900000214576721
0,311,0.4988915026187897,1.1699999570846558
0,312,-0.6067510843276978,-0.550000011920929
0,313,-0.12487956881523132,0.05000000074505806
0,314,0.06584956496953964,-0.3799999952316284
0,315,-0.3510361611843109,-0.75
0,316,-0.24952420592308044,0.3700000047683716
0,317,1.346092700958252,2.619999885559082
0,318,-0.001026928424835205,0.25999999046325684
0,319,0.12654197216033936,0.6800000071525574
0,320,1.0857880115509033,0.5199999809265137
0,321,0.2195967137813568,0.6200000047683716
0,322,0.4907965362071991,0.44999998807907104
0,323,0.5668452382087708,0.05000000074505806
0,324,1.893861174583435,-0.03999999910593033
0,325,0.9983861446380615,0.8299999833106995
0,326,1.841841220855713,2.1700000762939453
0,327,0.920912504196167,0.9900000095367432
0,328,1.5579378604888916,2.0999999046325684
0,329,1.1567327976226807,2.200000047683716
0,330,0.454113632440567,0.6000000238418579
0,331,1.283001184463501,1.100000023841858
0,332,1.008130431175232,0.8999999761581421
0,333,1.5267555713653564,0.6499999761581421
0,334,2.667877435684204,0.9200000166893005
0,335,1.0864986181259155,0.8600000143051147
0,336,0.8695597648620605,0.6299999952316284
0,337,2.0968074798583984,1.7999999523162842
0,338,0.7539647817611694,0.6000000238418579
0,339,1.0401053428649902,1.100000023841858
0,340,1.26039457321167,1.100000023841858
0,341,0.49227476119995117,-0.6000000238418579
0,342,0.6741882562637329,-0.8999999761581421
0,343,0.973731279373169,0.10000000149011612
0,344,0.7975654602050781,0.6000000238418579
0,345,0.8949019908905029,0.6000000238418579
0,346,0.8852195739746094,-0.0
0,347,0.829160213470459,1.5
0,348,0.7308722734451294,0.800000011920929
0,349,0.9231367111206055,2.200000047683716
0,350,0.45846739411354065,1.100000023841858
0,351,0.1756080687046051,-0.10000000149011612
0,352,0.6929575204849243,1.7000000476837158
0,353,1.0671544075012207,0.800000011920929
0,354,0.9109870195388794,1.2000000476837158
0,355,0.7088887691497803,-0.0
0,356,0.32100510597229004,-0.0
0,357,0.7274821996688843,0.10000000149011612
0,358,-0.1731564700603485,-3.009999990463257
0,359,-0.3456263840198517,-1.5
0,360,-0.8332172632217407,-1.7999999523162842
0,361,-0.13095340132713318,-1.399999976158142
0,362,-0.7776579856872559,-3.799999952316284
0,363,0.05640232563018799,-1.7999999523162842
0,364,0.07682377099990845,-2.200000047683716
0,365,0.18511876463890076,-0.3499999940395355
0,366,0.19005689024925232,-2.299999952316284
0,367,0.16612565517425537,0.4000000059604645
0,368,0.20593276619911194,1.0
0,369,0.21051469445228577,0.4000000059604645
0,370,-0.5859534740447998,-0.0
0,371,-0.5412952899932861,-0.800000011920929
0,372,-0.7721292972564697,-0.8999999761581421
0,373,-0.7047874927520752,-0.8999999761581421
0,374,-0.6088571548461914,-0.6000000238418579
0,375,0.2379905879497528,-1.600000023841858
0,376,0.05005824565887451,-2.0999999046325684
0,377,0.66350257396698,-1.75
0,378,0.5352909564971924,-0.8399999737739563
0,379,0.3559361696243286,0.5400000214576721
0,380,0.5473568439483643,-0.8899999856948853
0,381,0.3503377139568329,-1.0
0,382,-0.29995444416999817,-2.299999952316284
0,383,0.6161069869995117,2.440000057220459
0,384,0.4084489345550537,-1.0
0,385,0.21940654516220093,-1.0
0,386,-0.10620316863059998,-1.0
0,387,0.38115668296813965,-0.20000000298023224
0,388,0.4713716506958008,0.699999988079071
0,389,0.44789043068885803,-0.5
0,390,0.7964613437652588,0.6000000238418579
0,391,-0.04322144389152527,-0.6000000238418579
0,392,-0.21391066908836365,1.2000000476837158
0,393,0.28285324573516846,-0.4000000059604645
0,394,0.4461296498775482,0.30000001192092896
0,395,0.30454152822494507,0.20000000298023224
0,396,0.05620651692152023,0.30000001192092896
0,397,0.8915549516677856,0.4699999988079071
0,398,-0.13035985827445984,-0.9800000190734863
0,399,0.5015995502471924,0.20999999344348907
0,400,0.13218149542808533,-1.1799999475479126
0,401,0.44661763310432434,-2.3499999046325684
0,402,1.225527048110962,1.7999999523162842
0,403,0.9702873229980469,0.949999988079071
0,404,0.6808948516845703,0.75
0,405,0.6378384828567505,0.5
0,406,0.4706993103027344,-0.05999999865889549
0,407,0.5265499353408813,0.3100000023841858
0,408,0.08069454878568649,0.3100000023841858
0,409,-0.15433841943740845,-0.4300000071525574
0,410,1.4967153072357178,-0.03999999910593033
0,411,1.3898614645004272,-0.3499999940395355
0,412,1.8308988809585571,0.47999998927116394
0,413,0.9155673980712891,-2.5
0,414,0.8545709848403931,-2.700000047683716
0,415,1.5001931190490723,-3.299999952316284
0,416,0.7972983121871948,-2.640000104904175
0,417,1.1502801179885864,4.269999980926514
0,418,0.6389554738998413,2.509999990463257
0,419,1.222705364227295,4.429999828338623
0,420,0.32623085379600525,0.7699999809265137
0,421,1.9766716957092285,0.699999988079071
0,422,1.2608473300933838,1.3300000429153442
0,423,1.9441876411437988,0.12999999523162842
0,424,0.4345678389072418,3.430000066757202
0,425,0.6534285545349121,0.5299999713897705
0,426,0.3462987244129181,2.5999999046325684
0,427,0.8643015623092651,1.7999999523162842
0,428,1.1430344581604004,1.100000023841858
0,429,0.8254916667938232,1.100000023841858
0,430,0.5828487277030945,1.100000023841858
0,431,0.11547189950942993,0.20000000298023224
0,432,0.6127220988273621,1.2000000476837158
0,433,-0.055584296584129333,0.10000000149011612
0,434,0.962415337562561,1.2999999523162842
0,435,0.025649815797805786,-0.699999988079071
0,436,0.5898891091346741,0.30000001192092896
0,437,0.1205047070980072,-0.10000000149011612
0,438,0.45362791419029236,1.100000023841858
0,439,2.2991302013397217,3.700000047683716
0,440,0.886093020439148,1.2999999523162842
0,441,0.9301369190216064,2.799999952316284
0,442,-0.1303752362728119,-0.5
0,443,-0.03132975101470947,-0.5
0,444,0.2243967354297638,0.5
0,445,0.4262326955795288,1.399999976158142
0,446,0.9107245206832886,2.299999952316284
0,447,0.882025957107544,3.5999999046325684
0,448,0.9446796178817749,1.600000023841858
0,449,1.107649564743042,2.799999952316284
0,450,0.5371788144111633,0.6000000238418579
0,451,2.1552677154541016,2.0
0,452,0.8565889596939087,0.6000000238418579
0,453,-0.31841161847114563,-0.0
0,454,-0.2249625325202942,-0.4000000059604645
0,455,0.7742137908935547,0.5
0,456,0.39741432666778564,0.10000000149011612
0,457,1.1294995546340942,1.399999976158142
0,458,0.07797358930110931,0.4000000059604645
0,459,0.5496625900268555,1.2999999523162842
0,460,1.0436590909957886,0.20000000298023224
0,461,0.802639365196228,2.799999952316284
0,462,1.5720851421356201,3.799999952316284
0,463,1.7114264965057373,2.4000000953674316
0,464,1.1309561729431152,2.799999952316284
0,465,1.5163795948028564,3.799999952316284
0,466,0.7282781600952148,2.200000047683716
0,467,0.046004846692085266,-0.20000000298023224
0,468,0.48956429958343506,0.4000000059604645
0,469,0.13518613576889038,-0.4000000059604645
0,470,0.642729640007019,0.699999988079071
0,471,0.3890655040740967,0.699999988079071
0,472,1.3123764991760254,1.7999999523162842
0,473,0.0717344582080841,-0.0
0,474,0.5298019647598267,1.2999999523162842
0,475,0.6350088715553284,-0.0
0,476,0.06708693504333496,0.30000001192092896
0,477,0.5947184562683105,1.899999976158142
0,478,-0.3599059283733368,-0.30000001192092896
0,479,0.6101865768432617,0.6000000238418579
0,480,-0.09125864505767822,-0.5
0,481,0.4747937321662903,0.5
0,482,-0.008170977234840393,-0.30000001192092896
0,483,0.1683581918478012,0.10000000149011612
0,484,1.462829828262329,0.20000000298023224
0,485,1.072714924812317,0.4000000059604645
0,486,0.1352478563785553,2.299999952316284
0,487,1.2326123714447021,1.309999942779541
0,488,0.29509681463241577,2.0999999046325684
0,489,0.36400115489959717,1.75
0,490,0.4349973499774933,1.649999976158142
0,491,0.4313484728336334,1.4500000476837158
0,492,1.039412260055542,1.9500000476837158
0,493,0.6663099527359009,1.350000023841858
0,494,2.078734874725342,2.25
0,495,0.7798255681991577,1.4500000476837158
0,496,1.4198074340820312,2.549999952316284
0,497,0.4205532670021057,1.850000023841858
0,498,0.09328717738389969,-0.44999998807907104
0,499,0.7626769542694092,2.3499999046325684
0,500,1.1239969730377197,1.649999976158142
0,501,1.1278789043426514,2.8499999046325684
0,502,0.06761914491653442,0.15000000596046448
0,503,0.9927268028259277,1.4500000476837158
0,504,2.5081045627593994,4.550000190734863
0,505,1.859031081199646,4.050000190734863
0,506,1.6975865364074707,3.6500000953674316
0,507,0.9118075370788574,2.6500000953674316
0,508,0.2787572145462036,0.15000000596046448
0,509,0.4041614532470703,1.149999976158142
0,510,0.04818202555179596,-0.15000000596046448
0,511,0.3080098330974579,0.949999988079071
0,512,0.2604108452796936,-0.15000000596046448
0,513,0.8434337377548218,0.8500000238418579
0,514,0.521399974822998,1.5499999523162842
0,515,1.425699234008789,-0.8999999761581421
0,516,-0.08409658074378967,-0.44999998807907104
0,517,1.3578693866729736,2.180000066757202
0,518,1.882307529449463,2.5
0,519,2.141131639480591,3.109999895095825
0,520,1.8215000629425049,1.559999942779541
0,521,2.110020875930786,2.390000104904175
0,522,1.04739511013031,0.3799999952316284
0,523,2.011566162109375,3.109999895095825
0,524,2.7731668949127197,2.390000104904175
0,525,2.7231063842773438,2.509999990463257
0,526,1.136611819267273,0.07000000029802322
0,527,1.820123553276062,0.7200000286102295
0,528,2.2585299015045166,2.3399999141693115
0,529,0.9087468385696411,0.36000001430511475
0,530,1.2130274772644043,1.440000057220459
0,531,1.3853824138641357,0.9599999785423279
0,532,2.0661568641662598,1.0800000429153442
0,533,0.937636137008667,-0.0
0,534,1.717719554901123,3.109999895095825
0,535,1.358427882194519,-0.9599999785423279
0,536,2.688880443572998,3.950000047683716
0,537,2.2512295246124268,3.440000057220459
0,538,0.5249375700950623,1.0499999523162842
0,539,0.5338622331619263,0.7900000214576721
0,540,0.6646679639816284,1.7200000286102295
0,541,0.6012340188026428,0.1899999976158142
0,542,0.0462171733379364,2.130000114440918
0,543,0.08420172333717346,-0.07000000029802322
0,544,0.38384342193603516,0.9300000071525574
0,545,0.2687913775444031,0.6499999761581421
0,546,0.18841324746608734,-2.6600000858306885
0,547,0.11406248062849045,0.6000000238418579
0,548,0.29748910665512085,0.1899999976158142
0,549,0.02699883282184601,-1.3899999856948853
0,550,-0.007974132895469666,-0.4300000071525574
0,551,0.197708860039711,0.9599999785423279
0,552,0.3166958689689636,0.4099999964237213
0,553,1.3617609739303589,0.9300000071525574
0,554,1.5290824174880981,1.149999976158142
0,555,1.3467166423797607,0.23999999463558197
0,556,0.7729434967041016,2.440000057220459
0,557,0.6070692539215088,0.6000000238418579
0,558,0.23761875927448273,1.1699999570846558
0,559,0.6803842782974243,2.390000104904175
0,560,0.6042057275772095,-1.4700000286102295
0,561,1.3832370042800903,-0.47999998927116394
0,562,0.20134471356868744,0.6399999856948853
0,563,0.13910606503486633,-3.549999952316284
0,564,-0.3594391644001007,1.1399999856948853
0,565,0.5499529838562012,2.7200000286102295
0,566,0.796715259552002,0.8600000143051147
0,567,0.3398810029029846,1.7200000286102295
0,568,0.7860379219055176,1.7200000286102295
0,569,0.04633846879005432,0.2800000011920929
0,570,0.03337530791759491,0.3499999940395355
0,571,1.5998631715774536,2.7300000190734863
0,572,1.6726562976837158,3.2200000286102295
0,573,0.6358075141906738,1.75
0,574,0.4747285544872284,-2.259999990463257
0,575,0.9776009321212769,1.2400000095367432
0,576,1.4104986190795898,0.8299999833106995
0,577,0.1355127990245819,-0.8999999761581421
0,578,0.9312883615493774,1.9600000381469727
0,579,0.1563185453414917,0.3100000023841858
0,580,0.8957687616348267,2.109999895095825
0,581,0.9110300540924072,2.009999990463257
0,582,0.8323310613632202,0.6800000071525574
0,583,0.18271860480308533,2.130000114440918
0,584,0.8156663179397583,1.2999999523162842
0,585,0.5314599275588989,3.7300000190734863
0,586,0.5776503086090088,0.4000000059604645
0,587,-0.2642926275730133,0.20999999344348907
0,588,2.3969950675964355,4.309999942779541
0,589,0.9916328191757202,-1.909999966621399
0,590,-0.02849622070789337,-0.3199999928474426
0,591,1.4384807348251343,4.599999904632568
0,592,0.23460009694099426,0.10000000149011612
0,593,1.4832310676574707,0.33000001311302185
0,594,0.7200820446014404,-0.8100000023841858
0,595,1.187240719795227,-0.019999999552965164
0,596,1.5731592178344727,1.0
0,597,1.1245498657226562,0.019999999552965164
0,598,1.0863224267959595,0.5299999713897705
0,599,1.109529733657837,0.6200000047683716
0,600,0.17107585072517395,0.550000011920929
0,601,0.14181974530220032,-0.14000000059604645
0,602,0.42711880803108215,1.3899999856948853
0,603,-0.18285581469535828,1.7699999809265137
0,604,0.802834153175354,1.7899999618530273
0,605,0.7171080112457275,0.28999999165534973
0,606,-0.1908310055732727,-0.44999998807907104
0,607,0.783103346824646,0.11999999731779099
0,608,0.07319208979606628,0.36000001430511475
0,609,0.3198796510696411,0.14000000059604645
0,610,0.6907126903533936,0.9300000071525574
0,611,0.6925686597824097,0.7200000286102295
0,612,0.6921956539154053,2.5399999618530273
0,613,0.14872640371322632,0.36000001430511475
0,614,2.1835873126983643,3.7100000381469727
0,615,0.8124053478240967,4.090000152587891
0,616,0.3001244366168976,0.10000000149011612
0,617,0.6227772831916809,1.7699999809265137
0,618,1.2794625759124756,1.2000000476837158
0,619,2.5183017253875732,1.7200000286102295
0,620,1.6258487701416016,0.8100000023841858
0,621,2.875864267349243,3.8299999237060547
0,622,0.5688571929931641,-0.0
0,623,1.1686134338378906,1.2899999618530273
0,624,2.6847474575042725,3.5899999141693115
0,625,2.455312490463257,2.2200000286102295
0,626,1.3667621612548828,1.100000023841858
0,627,2.049664258956909,3.7799999713897705
0,628,2.6390674114227295,2.700000047683716
0,629,1.4299675226211548,0.47999998927116394
0,630,0.2079189121723175,0.6000000238418579
0,631,0.15239444375038147,0.11999999731779099
0,632,1.976078748703003,3.7300000190734863
0,633,0.22383451461791992,-0.1899999976158142
0,634,-0.8639172315597534,-0.05000000074505806
0,635,0.5475823879241943,-0.9100000262260437
0,636,0.001831740140914917,-1.3200000524520874
0,637,0.31103992462158203,-1.149999976158142
0,638,0.23862822353839874,-0.4300000071525574
0,639,0.4818664789199829,0.25999999046325684
0,640,0.27985844016075134,1.649999976158142
0,641,0.5697191953659058,0.28999999165534973
0,642,0.07484255731105804,-0.5299999713897705
0,643,0.3616735339164734,-0.17000000178813934
0,644,0.27021294832229614,0.05000000074505806
0,645,0.6427356004714966,-0.47999998927116394
0,646,-0.3269619643688202,-0.8600000143051147
0,647,-0.09232249855995178,-0.07000000029802322
0,648,0.07412248849868774,-0.5299999713897705
0,649,0.45383894443511963,-0.07000000029802322
0,650,0.19286097586154938,-0.8899999856948853
0,651,0.2164451777935028,0.14000000059604645
0,652,0.35842543840408325,1.440000057220459
0,653,1.0434699058532715,1.3200000524520874
0,654,0.0692836344242096,0.8399999737739563
0,655,0.8154106140136719,1.5099999904632568
0,656,0.870071530342102,1.440000057220459
0,657,0.16590213775634766,0.8600000143051147
0,658,0.9893869161605835,2.299999952316284
0,659,-0.470039039850235,-1.100000023841858
0,660,-0.007091730833053589,0.05000000074505806
0,661,0.24355548620224,0.3100000023841858
0,662,0.6898359060287476,1.340000033378601
0,663,0.6591399312019348,0.3799999952316284
0,664,0.6423522233963013,1.409999966621399
0,665,0.15929090976715088,0.36000001430511475
0,666,0.3016611635684967,0.36000001430511475
0,667,0.75020432472229,0.4300000071525574
0,668,0.09117753803730011,0.28999999165534973
0,669,0.681950569152832,0.2199999988079071
0,670,-0.07617273926734924,-0.44999998807907104
0,671,-0.0665736198425293,-0.1899999976158142
0,672,0.0016374289989471436,-0.6499999761581421
0,673,0.4735734760761261,0.33000001311302185
0,674,0.18125362694263458,0.07000000029802322
0,675,0.3791675567626953,0.3799999952316284
0,676,0.12111826241016388,0.23999999463558197
0,677,1.3581552505493164,0.7400000095367432
0,678,1.5724620819091797,0.6700000166893005
0,679,1.6627932786941528,0.9800000190734863
0,680,1.496340274810791,0.5
0,681,0.004782870411872864,0.36000001430511475
0,682,-0.007490605115890503,0.5
0,683,1.4245325326919556,2.490000009536743
0,684,0.09128168970346451,0.1899999976158142
0,685,1.3979237079620361,2.319999933242798
0,686,0.004144579172134399,-0.07000000029802322
0,687,0.3583712577819824,0.9599999785423279
0,688,0.004874765872955322,0.23999999463558197
0,689,0.4346694052219391,0.15000000596046448
0,690,0.6562225818634033,0.17000000178813934
0,691,0.27433088421821594,1.2799999713897705
0,692,0.5784664154052734,0.6499999761581421
0,693,0.05696301907300949,1.3899999856948853
0,694,0.0029254555702209473,0.9399999976158142
0,695,1.2918708324432373,4.78000020980835
0,696,0.4288638234138489,0.9599999785423279
0,697,0.9068222045898438,0.23999999463558197
0,698,0.0032708942890167236,-0.23999999463558197
0,699,0.4748803675174713,-1.2400000095367432
0,700,0.7348628044128418,2.450000047683716
0,701,0.7462129592895508,0.6399999856948853
0,702,0.8175050020217896,1.1799999475479126
0,703,0.11915750056505203,0.8999999761581421
0,704,0.5035167932510376,0.8999999761581421
0,705,0.6507644653320312,0.4399999976158142
0,706,1.4086357355117798,3.950000047683716
0,707,0.997288703918457,1.9199999570846558
0,708,0.855485200881958,1.909999966621399
0,709,0.5780771970748901,1.190000057220459
0,710,2.179425001144409,4.119999885559082
0,711,0.04604537785053253,-0.019999999552965164
0,712,0.410056471824646,1.4600000381469727
0,713,-0.12532106041908264,0.3799999952316284
0,714,-0.07913124561309814,-0.2800000011920929
0,715,-0.21012136340141296,0.5699999928474426
0,716,0.48524340987205505,-1.399999976158142
0,717,0.21814864873886108,-1.7999999523162842
0,718,0.8627700805664062,-1.2000000476837158
0,719,0.27579930424690247,-0.7599999904632568
0,720,0.18507763743400574,-0.0
0,721,0.1097927913069725,-0.7200000286102295
0,722,0.2513445019721985,-0.44999998807907104
0,723,0.555727481842041,-0.1899999976158142
0,724,0.19792139530181885,-0.03999999910593033
0,725,0.3097732663154602,0.07999999821186066
0,726,0.6588602066040039,-0.27000001072883606
0,727,0.32320529222488403,-0.8700000047683716
0,728,-0.3005145788192749,-0.1899999976158142
0,729,0.15452979505062103,0.44999998807907104
0,730,0.35647886991500854,-0.3799999952316284
0,731,0.07248289883136749,0.03999999910593033
0,732,-0.07979384064674377,-0.7599999904632568
0,733,1.855726957321167,4.400000095367432
0,734,0.6120469570159912,2.4600000381469727
0,735,0.058880411088466644,0.44999998807907104
0,736,0.40439730882644653,2.2699999809265137
0,737,1.0076578855514526,0.9100000262260437
0,738,0.27515295147895813,1.059999942779541
0,739,-0.0038145482540130615,0.3799999952316284
0,740,0.3640201985836029,0.44999998807907104
0,741,-0.05816967785358429,-0.6800000071525574
0,742,0.02973628044128418,0.15000000596046448
0,743,0.10422234237194061,0.03999999910593033
0,744,0.010465025901794434,-0.23000000417232513
0,745,0.07334116846323013,0.15000000596046448
0,746,0.705582857131958,2.309999942779541
0,747,0.3801146447658539,-0.9900000095367432
0,748,0.510786771774292,0.07999999821186066
0,749,0.7079867124557495,3.069999933242798
0,750,0.42745620012283325,2.200000047683716
0,751,0.29470792412757874,0.27000001072883606
0,752,0.41593384742736816,1.7100000381469727
0,753,1.6816076040267944,1.3700000047683716
0,754,0.664042055606842,1.840000033378601
0,755,1.8167909383773804,0.9800000190734863
0,756,0.7461531162261963,2.819999933242798
0,757,-0.27744683623313904,0.75
0,758,0.013580143451690674,1.350000023841858
0,759,0.6109411716461182,-0.20000000298023224
0,760,-0.23118337988853455,1.190000057220459
0,761,1.414949655532837,2.369999885559082
0,762,1.5005626678466797,0.8899999856948853
0,763,0.6127727031707764,1.0
0,764,0.2583150267601013,1.0800000429153442
0,765,1.7462387084960938,3.5999999046325684
0,766,1.9558274745941162,4.730000019073486
0,767,1.5014352798461914,-0.1899999976158142
0,768,0.9908541440963745,1.940000057220459
0,769,2.1536078453063965,2.5299999713897705
0,770,0.9069693088531494,2.630000114440918
0,771,0.002440720796585083,1.1200000047683716
0,772,0.3252144753932953,0.800000011920929
0,773,0.5430687665939331,1.4500000476837158
0,774,0.4606006443500519,2.680000066757202
0,775,0.8759700059890747,2.0999999046325684
0,776,1.9240230321884155,3.0299999713897705
0,777,1.8242075443267822,2.799999952316284
0,778,0.6998195648193359,1.9199999570846558
0,779,0.3964194357395172,-0.03999999910593033
0,780,2.165353536605835,2.5399999618530273
0,781,-0.01890963315963745,1.1299999952316284
0,782,1.795276403427124,0.09000000357627869
0,783,1.5514252185821533,1.2799999713897705
0,784,2.0677902698516846,0.41999998688697815
0,785,1.6688891649246216,0.4099999964237213
0,786,1.8006982803344727,-0.07000000029802322
0,787,1.6780056953430176,-0.8299999833106995
0,788,1.9606506824493408,-0.46000000834465027
0,789,1.2800030708312988,-1.100000023841858
0,790,1.7783114910125732,-1.4299999475479126
0,791,-0.2139698565006256,-0.4099999964237213
0,792,0.4202335476875305,0.3799999952316284
0,793,0.7996945381164551,1.809999942779541
0,794,1.2240259647369385,3.2799999713897705
0,795,1.0344990491867065,2.690000057220459
0,796,1.381269931793213,3.759999990463257
0,797,0.97553551197052,2.640000104904175
0,798,0.9363552331924438,3.5
0,799,0.8399429321289062,2.930000066757202
0,800,0.8176076412200928,1.3600000143051147
0,801,0.7442423105239868,2.740000009536743
0,802,1.6998728513717651,2.4700000286102295
0,803,0.8209222555160522,1.340000033378601
0,804,1.718023419380188,1.8600000143051147
0,805,1.510474681854248,1.9800000190734863
0,806,0.8538283109664917,0.9700000286102295
0,807,0.34645330905914307,0.27000001072883606
0,808,0.11823403835296631,0.4399999976158142
0,809,0.825279951095581,1.9900000095367432
0,810,0.7693239450454712,2.5299999713897705
0,811,0.41543900966644287,1.5199999809265137
0,812,0.946843147277832,2.200000047683716
0,813,0.8050742149353027,3.880000114440918
0,814,1.5426833629608154,3.7200000286102295
0,815,0.03630936145782471,0.7300000190734863
0,816,0.8162832260131836,1.100000023841858
0,817,1.005168080329895,1.6399999856948853
0,818,0.42577260732650757,1.1699999570846558
0,819,0.012758105993270874,0.7099999785423279
0,820,1.2834234237670898,-0.3199999928474426
0,821,2.643254041671753,-0.20000000298023224
0,822,2.0922935009002686,-0.5899999737739563
0,823,0.7607312202453613,0.05000000074505806
0,824,1.2818259000778198,0.5099999904632568
0,825,1.0009806156158447,0.27000001072883606
0,826,0.15396873652935028,0.10000000149011612
0,827,0.2082180380821228,0.6399999856948853
0,828,0.5333523750305176,0.7900000214576721
0,829,0.7137337923049927,1.409999966621399
0,830,0.40995991230010986,-0.009999999776482582
0,831,0.18333756923675537,0.14000000059604645
0,832,0.11696962267160416,1.0499999523162842
0,833,0.5450663566589355,1.3300000429153442
0,834,0.755073070526123,1.0
0,835,0.13472697138786316,0.5699999928474426
0,836,0.9148654937744141,1.4600000381469727
0,837,0.6175092458724976,0.8799999952316284
0,838,1.4218218326568604,2.759999990463257
0,839,1.3942593336105347,2.059999942779541
0,840,0.5023720264434814,0.6399999856948853
0,841,1.3376840353012085,3.430000066757202
0,842,1.0675259828567505,2.2200000286102295
0,843,0.5067776441574097,0.6100000143051147
0,844,0.5748929977416992,2.309999942779541
0,845,1.9667342901229858,3.799999952316284
0,846,1.563652753829956,2.3399999141693115
0,847,2.4566328525543213,4.760000228881836
0,848,1.7360122203826904,4.099999904632568
0,849,2.1322672367095947,4.730000019073486
0,850,2.013401746749878,4.409999847412109
0,851,2.3149852752685547,0.11999999731779099
0,852,2.8714568614959717,2.180000066757202
0,853,1.7696328163146973,1.409999966621399
0,854,0.6758488416671753,1.2599999904632568
0,855,1.55660080909729,1.4600000381469727
0,856,2.901303291320801,3.109999895095825
0,857,0.08370444178581238,-0.1599999964237213
0,858,0.09513949602842331,0.75
0,859,0.6107869148254395,0.550000011920929
0,860,0.31264829635620117,1.0
0,861,1.3193435668945312,0.4399999976158142
0,862,2.26636004447937,1.4800000190734863
0,863,0.9312645196914673,2.1700000762939453
0,864,0.9653898477554321,2.2799999713897705
0,865,1.1694430112838745,2.2300000190734863
0,866,1.0147539377212524,0.3100000023841858
0,867,1.1310880184173584,1.9900000095367432
0,868,2.3007023334503174,3.740000009536743
0,869,0.1839008331298828,-0.1899999976158142
0,870,0.2524905204772949,0.10000000149011612
0,871,2.007589817047119,1.7999999523162842
0,872,1.6516659259796143,2.549999952316284
0,873,2.480553388595581,3.740000009536743
0,874,0.6981910467147827,2.9200000762939453
0,875,1.145873785018921,4.090000152587891
0,876,0.007929831743240356,-0.5699999928474426
0,877,0.057359591126441956,-0.46000000834465027
0,878,0.29881900548934937,-0.5099999904632568
0,879,0.8027302026748657,0.5199999809265137
0,880,-0.06592723727226257,-0.6899999976158142
0,881,0.5850629806518555,0.44999998807907104
0,882,0.565800666809082,0.17000000178813934
0,883,0.2645922005176544,0.47999998927116394
0,884,0.8155478239059448,0.8500000238418579
0,885,0.8854984045028687,3.2899999618530273
0,886,1.2642359733581543,4.21999979019165
0,887,0.26903462409973145,0.09000000357627869
0,888,0.26219016313552856,0.38999998569488525
0,889,0.7654551267623901,1.3700000047683716
0,890,0.8862603902816772,2.7300000190734863
0,891,1.952807903289795,3.430000066757202
0,892,0.06745193898677826,0.6200000047683716
0,893,0.25083714723587036,0.15000000596046448
0,894,0.06867567449808121,0.8799999952316284
0,895,1.6376285552978516,2.6500000953674316
0,896,2.322089910507202,2.630000114440918
0,897,1.1571825742721558,0.14000000059604645
0,898,0.504981279373169,0.9599999785423279
0,899,1.0359050035476685,0.23000000417232513
0,900,1.1504318714141846,1.8799999952316284
0,901,1.0593210458755493,1.7899999618530273
0,902,1.3879144191741943,4.119999885559082
0,903,0.36361661553382874,0.6000000238418579
0,904,0.8121027946472168,1.75
0,905,0.736046314239502,0.46000000834465027
0,906,0.35422593355178833,1.1299999952316284
0,907,1.1481209993362427,2.5899999141693115
0,908,0.16869202256202698,-0.6899999976158142
0,909,0.5226540565490723,-0.20999999344348907
0,910,0.5788177251815796,-1.0499999523162842
0,911,-0.09619244933128357,-0.23999999463558197
0,912,-0.1891324520111084,-0.12999999523162842
0,913,0.3347783088684082,0.2199999988079071
0,914,0.7466795444488525,0.7900000214576721
0,915,-0.015538275241851807,-0.05999999865889549
0,916,0.46099594235420227,1.3200000524520874
0,917,0.6165406703948975,1.2599999904632568
0,918,1.2315118312835693,3.2200000286102295
0,919,0.16609296202659607,0.4399999976158142
0,920,0.18332180380821228,-0.11999999731779099
0,921,0.5213959813117981,0.699999988079071
0,922,0.5876507759094238,0.25999999046325684
0,923,0.6744134426116943,0.7900000214576721
0,924,0.27263301610946655,0.75
0,925,0.18388314545154572,0.9700000286102295
0,926,0.3692532479763031,0.019999999552965164
0,927,-0.06204710900783539,0.05999999865889549
0,928,0.327220618724823,0.3799999952316284
0,929,0.6483159065246582,0.7599999904632568
0,930,0.3468138575553894,0.3400000035762787
0,931,-0.13019657135009766,0.4000000059604645
0,932,0.7443666458129883,1.600000023841858
0,933,0.14379283785820007,0.699999988079071
0,934,0.23693330585956573,0.7900000214576721
0,935,-0.02832910418510437,0.8500000238418579
0,936,-0.19143149256706238,0.800000011920929
0,937,-0.009240522980690002,0.2800000011920929
0,938,0.3921087682247162,-0.1899999976158142
0,939,0.911245584487915,-0.20000000298023224
0,940,0.20306047797203064,-0.09000000357627869
0,941,0.31633979082107544,-0.10000000149011612
0,942,0.12810631096363068,0.25
0,943,0.3879338502883911,-0.23999999463558197
0,944,0.19112426042556763,0.019999999552965164
0,945,0.8303563594818115,0.25
0,946,0.3710345923900604,-0.20000000298023224
0,947,1.3375437259674072,0.10000000149011612
0,948,0.336064875125885,0.17000000178813934
0,949,0.7228926420211792,0.07999999821186066
0,950,0.6404633522033691,0.3199999928474426
0,951,0.9709765911102295,1.4700000286102295
0,952,0.801263689994812,1.8300000429153442
0,953,1.20317804813385,1.5700000524520874
0,954,0.5020748376846313,0.8899999856948853
0,955,0.27905747294425964,-0.1599999964237213
0,956,0.7264623641967773,1.6799999475479126
0,957,0.5278717279434204,0.09000000357627869
0,958,0.6729137897491455,0.5099999904632568
0,959,0.3808048665523529,-0.0
0,960,-0.08155468106269836,-0.1899999976158142
0,961,-0.006594553589820862,-0.25
0,962,0.27823418378829956,0.1599999964237213
0,963,0.26465386152267456,0.47999998927116394
0,964,0.4075636863708496,0.30000001192092896
0,965,0.6166597604751587,0.029999999329447746
0,966,0.5538187026977539,0.6000000238418579
0,967,0.2776660919189453,0.25
0,968,0.8055107593536377,0.4000000059604645
0,969,0.5186511278152466,0.550000011920929
0,970,0.4086558222770691,-0.03999999910593033
0,971,1.1544777154922485,1.309999942779541
0,972,0.16015878319740295,0.5
0,973,0.5434455871582031,0.25999999046325684
0,974,0.5199648141860962,0.6899999976158142
0,975,1.1031461954116821,-0.05000000074505806
0,976,0.5946317911148071,1.0700000524520874
0,977,0.28917115926742554,0.15000000596046448
0,978,0.10121895372867584,-0.10000000149011612
0,979,0.1850249171257019,-0.0
0,980,0.2778186500072479,0.75
0,981,0.565515398979187,0.38999998569488525
0,982,-0.07021450996398926,0.15000000596046448
0,983,0.5837153792381287,0.2199999988079071
0,984,0.5747135877609253,0.4699999988079071
0,985,0.2795611619949341,0.5799999833106995
0,986,1.5098075866699219,1.850000023841858
0,987,0.32116758823394775,0.30000001192092896
0,988,0.9262139797210693,1.3799999952316284
0,989,0.798798680305481,1.0299999713897705
0,990,1.4833791255950928,1.8799999952316284
0,991,3.9400525093078613,4.599999904632568
0,992,2.1314713954925537,1.1100000143051147
0,993,3.181647300720215,2.049999952316284
0,994,1.3437979221343994,3.3399999141693115
0,995,1.7492425441741943,3.809999942779541
0,996,2.312999963760376,4.78000020980835
0,997,1.2189854383468628,0.9599999785423279
0,998,1.83250093460083,2.299999952316284
0,999,1.1425492763519287,2.180000066757202
0,1000,1.9657045602798462,4.429999828338623
0,1001,0.2700585722923279,0.7599999904632568
0,1002,0.45373111963272095,1.4199999570846558
0,1003,1.9364018440246582,2.380000114440918
0,1004,2.400099039077759,3.8399999141693115
0,1005,1.0963646173477173,1.600000023841858
0,1006,1.05776047706604,1.6299999952316284
0,1007,2.0797173976898193,4.579999923706055
0,1008,1.145167350769043,1.8300000429153442
0,1009,0.9488061666488647,1.850000023841858
0,1010,2.8267691135406494,3.6600000858306885
0,1011,1.9351887702941895,3.0899999141693115
0,1012,2.303497552871704,3.5799999237060547
0,1013,2.1074421405792236,1.5099999904632568
0,1014,3.260643482208252,3.7899999618530273
0,1015,1.1372212171554565,1.8200000524520874
0,1016,1.707181453704834,2.7799999713897705
0,1017,0.6995984315872192,1.5099999904632568
0,1018,1.5149646997451782,0.2800000011920929
0,1019,0.9761041402816772,2.059999942779541
0,1020,0.9828958511352539,0.14000000059604645
0,1021,0.4360671043395996,1.350000023841858
0,1022,0.4508095979690552,1.2599999904632568
0,1023,0.5105481147766113,0.7699999809265137
0,1024,0.623801589012146,1.149999976158142
0,1025,1.7363405227661133,2.5999999046325684
0,1026,2.2517056465148926,3.180000066757202
0,1027,0.8032124042510986,1.0399999618530273
0,1028,1.272759199142456,1.4199999570846558
0,1029,0.6268947124481201,1.6100000143051147
0,1030,0.21398182213306427,0.8399999737739563
0,1031,0.00392545759677887,0.3100000023841858
0,1032,1.0236785411834717,1.809999942779541
0,1033,1.604297399520874,2.5399999618530273
0,1034,-0.23729977011680603,0.5600000023841858
0,1035,-0.2011895477771759,0.7599999904632568
0,1036,1.5263924598693848,2.059999942779541
0,1037,1.6634092330932617,1.6200000047683716
0,1038,2.619335412979126,4.659999847412109
0,1039,0.2433423101902008,1.4299999475479126
0,1040,0.07593601942062378,0.7300000190734863
0,1041,2.2518725395202637,4.429999828338623
0,1042,2.661336898803711,4.440000057220459
0,1043,2.0380139350891113,4.389999866485596
0,1044,1.1471576690673828,2.299999952316284
0,1045,0.453082799911499,4.980000019073486
0,1046,0.6190062761306763,1.8799999952316284
0,1047,0.3525862395763397,2.3399999141693115
0,1048,0.8085659742355347,1.6100000143051147
0,1049,0.333504319190979,1.0299999713897705
0,1050,0.28135591745376587,0.9700000286102295
0,1051,0.6027052402496338,0.9700000286102295
0,1052,0.4710546135902405,-0.5899999737739563
0,1053,0.04816851019859314,0.3799999952316284
0,1054,0.0928545668721199,0.3499999940395355
0,1055,0.5006523132324219,-0.25
0,1056,1.2689977884292603,1.5
0,1057,0.008914068341255188,0.10000000149011612
0,1058,0.23480644822120667,0.5099999904632568
0,1059,0.20662251114845276,0.4399999976158142
0,1060,0.24419432878494263,0.10000000149011612
0,1061,0.565090000629425,0.550000011920929
0,1062,0.9285440444946289,2.259999990463257
0,1063,0.40560975670814514,0.25
0,1064,0.824277400970459,0.9300000071525574
0,1065,0.14667387306690216,0.019999999552965164
0,1066,0.38630563020706177,0.5799999833106995
0,1067,0.351651132106781,1.25
0,1068,0.5456347465515137,1.3200000524520874
0,1069,0.6746834516525269,2.549999952316284
0,1070,1.2719618082046509,2.8399999141693115
0,1071,1.1839290857315063,2.4000000953674316
0,1072,0.9685369729995728,1.6399999856948853
0,1073,1.7629598379135132,2.859999895095825
0,1074,0.819157600402832,1.3799999952316284
0,1075,1.8776874542236328,2.259999990463257
0,1076,0.2258715182542801,1.100000023841858
0,1077,0.325710654258728,2.059999942779541
0,1078,1.0678386688232422,0.7900000214576721
0,1079,1.380894660949707,2.5299999713897705
0,1080,0.33818143606185913,-0.8299999833106995
0,1081,1.4977428913116455,1.0
0,1082,1.6934677362442017,1.5199999809265137
0,1083,0.27992042899131775,0.8199999928474426
0,1084,-0.06408075988292694,-0.6200000047683716
0,1085,0.48861512541770935,-0.5600000023841858
0,1086,0.946643590927124,1.0299999713897705
0,1087,0.1486368477344513,1.0800000429153442
0,1088,0.16911500692367554,1.590000033378601
0,1089,0.6624279618263245,1.8700000047683716
0,1090,0.15017153322696686,1.5399999618530273
0,1091,0.2500743865966797,0.5699999928474426
0,1092,0.15872366726398468,1.6299999952316284
0,1093,0.9659794569015503,0.7300000190734863
0,1094,-0.20218247175216675,1.2000000476837158
0,1095,1.8627413511276245,1.159999966621399
0,1096,-0.5829545259475708,0.05000000074505806
0,1097,0.5880555510520935,0.3499999940395355
0,1098,-0.28640538454055786,0.25999999046325684
0,1099,2.0207276344299316,1.690000057220459
0,1100,1.128596305847168,0.949999988079071
0,1101,2.3469390869140625,2.5399999618530273
0,1102,1.0298316478729248,0.6100000143051147
0,1103,1.6727725267410278,0.7400000095367432
0,1104,1.1404215097427368,0.8500000238418579
0,1105,0.32229119539260864,1.5199999809265137
0,1106,0.2166575789451599,1.0399999618530273
0,1107,1.1266340017318726,2.619999885559082
0,1108,0.1591986119747162,-0.7300000190734863
0,1109,0.23923730850219727,1.350000023841858
0,1110,0.19342851638793945,-0.4699999988079071
0,1111,0.2512194812297821,-0.07000000029802322
0,1112,0.43618932366371155,-0.7400000095367432
0,1113,1.1713721752166748,1.7899999618530273
0,1114,1.2227046489715576,-0.8600000143051147
0,1115,0.7343335151672363,0.8799999952316284
0,1116,0.8464846611022949,-0.8999999761581421
0,1117,1.1899462938308716,0.23000000417232513
0,1118,0.7187473773956299,0.03999999910593033
0,1119,1.9822731018066406,0.3700000047683716
0,1120,0.6007661819458008,0.5600000023841858
0,1121,0.6304855346679688,-0.03999999910593033
0,1122,0.6672835350036621,-0.09000000357627869
0,1123,1.8446158170700073,2.2300000190734863
0,1124,1.5084197521209717,1.0499999523162842
0,1125,3.141388177871704,3.5199999809265137
0,1126,0.6446150541305542,1.1699999570846558
0,1127,2.4988789558410645,2.1500000953674316
0,1128,0.9284989833831787,-0.10000000149011612
0,1129,0.45180854201316833,0.8899999856948853
0,1130,0.05182081460952759,0.1899999976158142
0,1131,0.9082579612731934,2.0299999713897705
0,1132,0.09786825627088547,-0.5099999904632568
0,1133,0.39840590953826904,0.75
0,1134,0.20761847496032715,-0.23999999463558197
0,1135,1.4885274171829224,2.819999933242798
0,1136,0.7795450687408447,-0.27000001072883606
0,1137,0.8836996555328369,0.7599999904632568
0,1138,1.8266615867614746,4.860000133514404
0,1139,1.5146677494049072,2.450000047683716
0,1140,-0.02195216715335846,4.260000228881836
0,1141,1.3204379081726074,4.820000171661377
0,1142,0.16477015614509583,0.7400000095367432
0,1143,0.6589891910552979,0.8799999952316284
0,1144,0.6356892585754395,4.710000038146973
0,1145,0.47794559597969055,2.359999895095825
0,1146,0.7203259468078613,-0.14000000059604645
0,1147,1.255362868309021,0.029999999329447746
0,1148,-0.01759466528892517,0.15000000596046448
0,1149,0.31541186571121216,1.0700000524520874
0,1150,0.612713098526001,0.03999999910593033
0,1151,0.34667158126831055,0.3100000023841858
0,1152,0.5360320806503296,-0.029999999329447746
0,1153,1.445617437362671,0.019999999552965164
0,1154,2.5682148933410645,4.760000228881836
0,1155,2.033961296081543,3.3399999141693115
0,1156,2.3514387607574463,2.1600000858306885
0,1157,3.0792248249053955,4.610000133514404
0,1158,0.5585925579071045,-0.10999999940395355
0,1159,1.5355732440948486,0.8999999761581421
0,1160,2.600858449935913,2.440000057220459
0,1161,2.383998155593872,1.5499999523162842
0,1162,0.28245940804481506,0.05000000074505806
0,1163,1.163504958152771,0.17000000178813934
0,1164,-0.04766470193862915,-0.09000000357627869
0,1165,0.05899174511432648,0.10000000149011612
0,1166,0.5393756628036499,-0.009999999776482582
0,1167,0.38851821422576904,-0.20000000298023224
0,1168,2.165799140930176,2.3399999141693115
0,1169,3.129319906234741,4.489999771118164
0,1170,0.4568881690502167,0.7599999904632568
0,1171,2.6313247680664062,4.829999923706055
0,1172,0.43956926465034485,0.14000000059604645
0,1173,2.736747980117798,3.0899999141693115
0,1174,1.9862072467803955,1.340000033378601
0,1175,2.761146068572998,2.690000057220459
0,1176,0.8275322914123535,3.2300000190734863
0,1177,0.4641340970993042,1.909999966621399
0,1178,0.6834961175918579,1.1200000047683716
0,1179,1.3927958011627197,3.880000114440918
0,1180,1.9882402420043945,3.3499999046325684
0,1181,-0.028310298919677734,0.14000000059604645
0,1182,0.7285356521606445,0.15000000596046448
0,1183,1.5793561935424805,3.359999895095825
0,1184,1.3124048709869385,-0.05999999865889549
0,1185,0.13392971456050873,-0.07000000029802322
0,1186,1.84796941280365,0.20000000298023224
0,1187,0.383255273103714,-0.20000000298023224
0,1188,0.5490933656692505,0.25
0,1189,0.14910176396369934,0.019999999552965164
0,1190,0.795944333076477,0.5600000023841858
0,1191,0.3127534091472626,0.2199999988079071
0,1192,1.8778053522109985,3.630000114440918
0,1193,1.3777858018875122,2.7200000286102295
0,1194,0.19610051810741425,0.4000000059604645
0,1195,0.8733670711517334,1.8600000143051147
0,1196,1.4875743389129639,2.2799999713897705
0,1197,2.4958724975585938,3.7799999713897705
0,1198,1.2794733047485352,1.5499999523162842
0,1199,1.4405841827392578,1.940000057220459
0,1200,1.806498408317566,3.8299999237060547
0,1201,1.9847898483276367,3.309999942779541
0,1202,2.09964919090271,3.049999952316284
0,1203,1.9571218490600586,3.2100000381469727
0,1204,1.8863258361816406,3.180000066757202
0,1205,1.460845708847046,2.6500000953674316
0,1206,0.3484124541282654,0.7200000286102295
0,1207,1.4584498405456543,1.9700000286102295
0,1208,0.21041491627693176,0.3799999952316284
0,1209,1.7898662090301514,1.7200000286102295
0,1210,0.8573964834213257,3.309999942779541
0,1211,0.9075428247451782,0.4099999964237213
0,1212,-0.007231920957565308,0.07000000029802322
0,1213,1.091331958770752,1.0499999523162842
0,1214,0.5421191453933716,0.15000000596046448
0,1215,0.2986583113670349,2.2699999809265137
0,1216,0.9406424760818481,3.8299999237060547
0,1217,0.4050253927707672,1.809999942779541
0,1218,1.2399120330810547,4.53000020980835
0,1219,0.9917080402374268,2.390000104904175
0,1220,0.6990163326263428,1.690000057220459
0,1221,1.947426676750183,1.9500000476837158
0,1222,1.6859405040740967,2.700000047683716
0,1223,1.4971667528152466,0.6800000071525574
0,1224,0.23936475813388824,0.23999999463558197
0,1225,0.019375264644622803,-0.3700000047683716
0,1226,0.9846984148025513,1.9299999475479126
0,1227,1.0416738986968994,2.240000009536743
0,1228,0.13424885272979736,0.27000001072883606
0,1229,1.1571682691574097,2.140000104904175
0,1230,0.4077303409576416,-0.0
0,1231,1.0553226470947266,1.2000000476837158
0,1232,1.4564189910888672,2.7699999809265137
0,1233,-0.06179682910442352,-1.309999942779541
0,1234,0.6867632865905762,1.7100000381469727
0,1235,0.9400330781936646,2.619999885559082
0,1236,0.3342464566230774,0.7300000190734863
0,1237,1.251133918762207,2.200000047683716
0,1238,2.2795894145965576,3.069999933242798
0,1239,2.4230949878692627,2.0399999618530273
0,1240,2.8963332176208496,2.880000114440918
0,1241,2.417811155319214,1.9500000476837158
0,1242,1.9435032606124878,3.359999895095825
0,1243,1.12848961353302,0.33000001311302185
0,1244,0.4548499584197998,0.8999999761581421
0,1245,1.7591489553451538,1.3300000429153442
0,1246,0.627360463142395,0.10000000149011612
0,1247,1.309226393699646,2.0799999237060547
0,1248,1.667297601699829,2.2200000286102295
0,1249,2.0398614406585693,3.009999990463257
0,1250,0.3847190737724304,0.550000011920929
0,1251,1.199080467224121,1.8899999856948853
0,1252,0.889594554901123,1.2400000095367432
0,1253,0.5335619449615479,1.059999942779541
0,1254,0.07564868032932281,-0.5600000023841858
0,1255,1.2274351119995117,1.7100000381469727
0,1256,0.988127589225769,1.0700000524520874
0,1257,0.9336422681808472,-0.5799999833106995
0,1258,1.8159449100494385,2.2699999809265137
0,1259,0.9843063354492188,0.699999988079071
0,1260,2.1111984252929688,2.390000104904175
0,1261,2.3864665031433105,2.619999885559082
0,1262,2.4493095874786377,3.0399999618530273
0,1263,2.7696540355682373,2.180000066757202
0,1264,2.3238582611083984,2.259999990463257
0,1265,1.0262906551361084,1.7799999713897705
0,1266,1.5877346992492676,2.559999942779541
0,1267,1.2037602663040161,1.9900000095367432
0,1268,1.0091139078140259,-2.7200000286102295
0,1269,1.4587420225143433,-2.3499999046325684
0,1270,0.6490039825439453,1.659999966621399
0,1271,0.6010144948959351,1.899999976158142
0,1272,0.37888669967651367,-0.07000000029802322
0,1273,0.8857244253158569,0.10000000149011612
0,1274,0.38916876912117004,-0.5099999904632568
0,1275,0.12942957878112793,0.5699999928474426
0,1276,0.14498589932918549,3.1600000858306885
0,1277,0.8122766017913818,1.75
0,1278,0.5012037754058838,1.190000057220459
0,1279,1.2354398965835571,0.17000000178813934
0,1280,2.2875008583068848,3.109999895095825
0,1281,0.38507792353630066,0.5799999833106995
0,1282,0.306549608707428,-1.590000033378601
0,1283,0.07532209903001785,0.7300000190734863
0,1284,-0.1792040765285492,0.4399999976158142
0,1285,0.20655030012130737,-0.029999999329447746
0,1286,1.005815863609314,2.0199999809265137
0,1287,0.2841816544532776,1.090000033378601
0,1288,1.196009635925293,2.069999933242798
0,1289,0.9721341133117676,1.850000023841858
0,1290,-0.2590144872665405,-0.8100000023841858
0,1291,0.04234874248504639,0.20999999344348907
0,1292,-0.2029377520084381,-1.0299999713897705
0,1293,0.12225715070962906,-1.159999966621399
0,1294,-0.0699087381362915,-1.6100000143051147
0,1295,-0.11151537299156189,-1.409999966621399
0,1296,1.4871110916137695,1.7000000476837158
0,1297,0.5084362030029297,1.1799999475479126
0,1298,1.826575517654419,2.490000009536743
0,1299,0.7835006713867188,1.559999942779541
0,1300,1.347578763961792,1.9800000190734863
0,1301,1.722947597503662,0.6499999761581421
0,1302,0.4215945899486542,0.18000000715255737
0,1303,3.074159860610962,4.860000133514404
0,1304,0.9964228868484497,0.10999999940395355
0,1305,2.995786666870117,3.3299999237060547
0,1306,0.27244120836257935,0.7200000286102295
0,1307,1.7350654602050781,4.110000133514404
0,1308,0.25717371702194214,1.2799999713897705
0,1309,0.4077143967151642,0.6700000166893005
0,1310,0.2902836203575134,0.33000001311302185
0,1311,1.3060660362243652,0.6899999976158142
0,1312,0.29624372720718384,0.4000000059604645
0,1313,2.254655122756958,0.9900000095367432
0,1314,1.4526594877243042,2.880000114440918
0,1315,1.0355029106140137,1.809999942779541
0,1316,0.24430692195892334,-0.12999999523162842
0,1317,0.49070796370506287,1.1699999570846558
0,1318,0.318836510181427,1.3700000047683716
0,1319,1.382854700088501,2.8499999046325684
0,1320,0.2297857701778412,0.9100000262260437
0,1321,1.427017331123352,3.1700000762939453
0,1322,1.2631136178970337,1.9700000286102295
0,1323,4.134974002838135,4.230000019073486
0,1324,1.0198301076889038,0.5400000214576721
0,1325,3.541332960128784,2.740000009536743
0,1326,1.861647367477417,1.4900000095367432
0,1327,2.209101915359497,1.8799999952316284
0,1328,0.7133870124816895,2.140000104904175
0,1329,0.0464431494474411,1.1100000143051147
0,1330,0.17925919592380524,-0.12999999523162842
0,1331,0.4873444736003876,0.25999999046325684
0,1332,-0.24969610571861267,-0.23999999463558197
0,1333,0.6176531314849854,0.5299999713897705
0,1334,-0.13236954808235168,-0.05000000074505806
0,1335,-0.3233663737773895,-0.36000001430511475
0,1336,0.5181286931037903,1.3600000143051147
0,1337,-0.1351964771747589,0.05000000074505806
0,1338,0.13540196418762207,-0.5699999928474426
0,1339,-0.13667741417884827,1.2899999618530273
0,1340,0.09622199088335037,0.25999999046325684
0,1341,0.20975527167320251,0.7400000095367432
0,1342,0.03230367600917816,0.7699999809265137
0,1343,0.20290407538414001,0.4099999964237213
0,1344,0.04999057948589325,0.5
0,1345,0.22649675607681274,0.9100000262260437
0,1346,-0.027252942323684692,-0.4300000071525574
0,1347,0.19779054820537567,1.2000000476837158
0,1348,0.05230872333049774,-0.11999999731779099
0,1349,0.17265313863754272,1.100000023841858
0,1350,0.17413079738616943,0.28999999165534973
0,1351,0.0928196907043457,-0.07000000029802322
0,1352,0.2550221085548401,0.07000000029802322
0,1353,-0.04464845359325409,-0.33000001311302185
0,1354,0.16028791666030884,0.25999999046325684
0,1355,0.04543237388134003,-0.1899999976158142
0,1356,0.15147173404693604,0.7699999809265137
0,1357,-0.06626446545124054,0.3100000023841858
0,1358,1.6008846759796143,1.2000000476837158
0,1359,1.8753645420074463,2.5999999046325684
0,1360,2.3521053791046143,2.5999999046325684
0,1361,0.221753790974617,1.100000023841858
0,1362,0.6036118268966675,0.699999988079071
0,1363,0.478624552488327,0.4000000059604645
0,1364,0.5150439739227295,-0.5
0,1365,1.1193207502365112,2.299999952316284
0,1366,0.4471951425075531,3.799999952316284
0,1367,0.5881292223930359,-1.2999999523162842
0,1368,0.08044537901878357,0.33000001311302185
0,1369,0.10973343998193741,0.949999988079071
0,1370,0.9209744930267334,1.850000023841858
0,1371,-0.1656121015548706,2.559999942779541
0,1372,0.6716256141662598,2.430000066757202
0,1373,0.49932631850242615,2.8399999141693115
0,1374,0.3513455390930176,3.259999990463257
0,1375,0.14807340502738953,0.3100000023841858
0,1376,0.16622000932693481,2.4000000953674316
0,1377,0.26936841011047363,2.7300000190734863
0,1378,-0.4215705692768097,0.7599999904632568
0,1379,0.3745412826538086,2.680000066757202
0,1380,0.1890462189912796,3.6700000762939453
0,1381,1.426836371421814,3.9800000190734863
0,1382,2.116668701171875,3.6700000762939453
0,1383,1.287514328956604,3.819999933242798
0,1384,1.0092886686325073,1.2200000286102295
0,1385,0.040424197912216187,-0.0
0,1386,3.14530086517334,3.6700000762939453
0,1387,2.4796078205108643,3.819999933242798
0,1388,-0.6191226243972778,-1.3200000524520874
0,1389,1.4601662158966064,0.9399999976158142
0,1390,-0.06736114621162415,-0.5099999904632568
0,1391,2.0782196521759033,1.6799999475479126
0,1392,2.822760820388794,2.259999990463257
0,1393,0.3925408124923706,-0.019999999552965164
0,1394,0.32346445322036743,1.25
0,1395,-0.001348450779914856,-0.3100000023841858
0,1396,0.28503644466400146,0.07000000029802322
0,1397,0.7198647260665894,0.41999998688697815
0,1398,0.5200327634811401,2.369999885559082
0,1399,0.5186799168586731,0.8299999833106995
0,1400,0.7019906044006348,0.8700000047683716
0,1401,-0.15088525414466858,0.38999998569488525
0,1402,0.7325193881988525,-0.5
0,1403,-0.01649412512779236,-0.05000000074505806
0,1404,0.1681649386882782,-0.75
0,1405,0.5319329500198364,0.6499999761581421
0,1406,1.5178145170211792,1.190000057220459
0,1407,0.3665214478969574,0.12999999523162842
0,1408,-0.38153496384620667,-0.0
0,1409,0.7189773321151733,-0.4099999964237213
0,1410,0.7604080438613892,0.8199999928474426
0,1411,-0.7513659000396729,-0.14000000059604645
0,1412,0.7495675086975098,0.14000000059604645
0,1413,0.12783893942832947,0.6700000166893005
0,1414,0.7158597707748413,-0.8899999856948853
0,1415,0.19046594202518463,1.8200000524520874
0,1416,0.05107733607292175,-0.33000001311302185
0,1417,0.24118821322917938,0.25999999046325684
0,1418,0.07042394578456879,0.8100000023841858
0,1419,0.411379337310791,-0.07000000029802322
0,1420,0.06565695255994797,-1.7200000286102295
0,1421,0.45374351739883423,-1.8200000524520874
0,1422,1.4245398044586182,-0.46000000834465027
0,1423,0.5107598304748535,-1.7699999809265137
0,1424,0.6407089829444885,1.25
0,1425,0.560212254524231,2.0199999809265137
0,1426,1.1927026510238647,3.740000009536743
0,1427,0.4049649238586426,1.649999976158142
0,1428,0.07872701436281204,1.7999999523162842
0,1429,0.1087237223982811,-1.149999976158142
0,1430,2.3580033779144287,3.9000000953674316
0,1431,0.5070788264274597,2.130000114440918
0,1432,0.23426127433776855,-0.09000000357627869
0,1433,0.5870444774627686,1.909999966621399
0,1434,0.033707618713378906,0.5699999928474426
0,1435,0.6462085247039795,1.4500000476837158
0,1436,1.3188650608062744,2.9100000858306885
0,1437,0.337480366230011,1.899999976158142
0,1438,0.5952873229980469,2.5299999713897705
0,1439,-0.12723016738891602,0.699999988079071
0,1440,1.4217907190322876,2.299999952316284
0,1441,0.24661657214164734,-0.8899999856948853
0,1442,0.4417807459831238,-0.3700000047683716
0,1443,0.36404672265052795,-0.27000001072883606
0,1444,0.4893130958080292,2.0299999713897705
0,1445,1.124922752380371,1.0499999523162842
0,1446,-0.030355200171470642,-0.0
0,1447,0.8733867406845093,-0.6200000047683716
0,1448,0.20799891650676727,-0.8100000023841858
0,1449,-0.49706611037254333,0.20000000298023224
0,1450,0.4147980213165283,1.399999976158142
0,1451,1.3220994472503662,1.1799999475479126
0,1452,-0.25614985823631287,1.0299999713897705
0,1453,-0.10429975390434265,-0.47999998927116394
0,1454,1.4864683151245117,2.700000047683716
0,1455,1.0733941793441772,2.0999999046325684
0,1456,1.1252437829971313,2.700000047683716
0,1457,0.1473410278558731,0.5099999904632568
0,1458,0.3440478444099426,0.550000011920929
0,1459,0.388811856508255,1.3300000429153442
0,1460,0.34120669960975647,2.2899999618530273
0,1461,0.3900505304336548,0.5699999928474426
0,1462,0.12173524498939514,-0.6299999952316284
0,1463,-0.32929691672325134,-1.0399999618530273
0,1464,0.31023460626602173,2.4100000858306885
0,1465,0.6949526071548462,1.600000023841858
0,1466,0.3690289258956909,0.8999999761581421
0,1467,0.4350811243057251,1.2599999904632568
0,1468,0.4843614399433136,-0.38999998569488525
0,1469,0.16560998558998108,-0.12999999523162842
0,1470,0.1748514473438263,-0.7300000190734863
0,1471,0.1390669196844101,-1.6699999570846558
0,1472,0.4721754491329193,-2.190000057220459
0,1473,0.7147071361541748,2.0899999141693115
0,1474,0.11458191275596619,-0.019999999552965164
0,1475,0.2266233265399933,-1.3600000143051147
0,1476,0.7420357465744019,-0.3799999952316284
0,1477,-0.08399578928947449,0.17000000178813934
0,1478,0.15518870949745178,-0.36000001430511475
0,1479,0.9571000337600708,-0.23999999463558197
0,1480,0.2916174530982971,0.3100000023841858
0,1481,-0.008234158158302307,-1.0499999523162842
0,1482,0.07656820863485336,0.4099999964237213
0,1483,0.12615498900413513,-0.28999999165534973
0,1484,-0.2648496925830841,-2.0799999237060547
0,1485,1.6084200143814087,2.319999933242798
0,1486,0.015726864337921143,-0.6899999976158142
0,1487,0.004593789577484131,1.100000023841858
0,1488,0.3174522817134857,-0.4000000059604645
0,1489,0.011297091841697693,0.20000000298023224
0,1490,0.23280976712703705,2.299999952316284
0,1491,0.7254232168197632,3.5999999046325684
0,1492,0.1994069367647171,0.6000000238418579
0,1493,0.7141101360321045,1.5
0,1494,0.5073374509811401,1.2000000476837158
0,1495,0.3602912425994873,0.30000001192092896
0,1496,-0.046585679054260254,-0.8999999761581421
0,1497,0.6541189551353455,1.1100000143051147
0,1498,0.17870648205280304,-0.8399999737739563
0,1499,0.031134724617004395,-0.5600000023841858
0,1500,0.447328120470047,2.200000047683716
0,1501,0.38081297278404236,1.5
0,1502,0.5138354301452637,2.299999952316284
0,1503,-0.08580347895622253,-0.30000001192092896
0,1504,-0.14870983362197876,1.399999976158142
0,1505,1.1164132356643677,1.899999976158142
0,1506,0.22748953104019165,1.7000000476837158
0,1507,-0.045608073472976685,-0.0
0,1508,0.5631691217422485,-0.0
0,1509,0.49275830388069153,0.20000000298023224
0,1510,1.6556925773620605,1.7000000476837158
0,1511,-0.06655214726924896,0.8999999761581421
0,1512,0.18226736783981323,1.2999999523162842
0,1513,0.4179151952266693,0.5
0,1514,0.4181024134159088,4.400000095367432
0,1515,0.1772822141647339,-2.4800000190734863
0,1516,0.12082742899656296,-2.7300000190734863
0,1517,0.24097275733947754,-1.4600000381469727
0,1518,0.9444384574890137,1.9600000381469727
0,1519,0.1658661961555481,-0.0
0,1520,0.16705097258090973,-0.7400000095367432
0,1521,0.0695992112159729,1.1299999952316284
0,1522,0.34479469060897827,0.4000000059604645
0,1523,0.05166715383529663,-1.7000000476837158
0,1524,0.1243755966424942,-2.8499999046325684
0,1525,0.405769020318985,-2.3499999046325684
0,1526,0.1768333911895752,-2.6500000953674316
0,1527,0.2990802526473999,-2.700000047683716
0,1528,0.03499758243560791,-2.25
0,1529,0.09671427309513092,-2.9000000953674316
0,1530,0.34203431010246277,0.6000000238418579
0,1531,0.26591476798057556,-0.5
0,1532,0.1406564712524414,2.5999999046325684
0,1533,0.8652409315109253,2.0999999046325684
0,1534,0.30511555075645447,0.699999988079071
0,1535,0.6256612539291382,1.5
0,1536,0.5135133266448975,1.0
0,1537,0.6287441253662109,-0.0
0,1538,0.6475260257720947,-0.07000000029802322
0,1539,0.266282856464386,-0.23999999463558197
0,1540,0.40921300649642944,-0.009999999776482582
0,1541,0.4521464705467224,0.12999999523162842
0,1542,1.0121300220489502,0.9700000286102295
0,1543,0.0678931474685669,-0.10999999940395355
0,1544,0.43563100695610046,-0.47999998927116394
0,1545,-0.006864368915557861,0.029999999329447746
0,1546,1.1985752582550049,1.4600000381469727
0,1547,0.4624907374382019,0.10999999940395355
0,1548,0.036057308316230774,-0.17000000178813934
0,1549,0.12924644351005554,-0.10000000149011612
0,1550,0.6001752614974976,0.30000001192092896
0,1551,1.0707353353500366,0.05000000074505806
0,1552,0.26573678851127625,0.28999999165534973
0,1553,0.6681894063949585,1.8799999952316284
0,1554,0.12162944674491882,0.1899999976158142
0,1555,0.19398599863052368,0.3199999928474426
0,1556,1.0560969114303589,0.3100000023841858
0,1557,0.19045913219451904,0.44999998807907104
0,1558,0.44663819670677185,0.5699999928474426
0,1559,1.1035990715026855,0.5799999833106995
0,1560,1.0534340143203735,0.6100000143051147
0,1561,-0.04574801027774811,0.029999999329447746
0,1562,1.2118206024169922,-0.6899999976158142
0,1563,2.0191287994384766,-0.2199999988079071
0,1564,3.467906951904297,2.069999933242798
0,1565,3.3971495628356934,1.4700000286102295
0,1566,3.57857346534729,0.8399999737739563
0,1567,-0.2749967575073242,-1.600000023841858
0,1568,-0.6368682384490967,-1.7699999809265137
0,1569,1.2187316417694092,0.7900000214576721
0,1570,-0.17497599124908447,-1.1399999856948853
0,1571,0.5131101608276367,1.159999966621399
0,1572,0.536310076713562,-0.3799999952316284
0,1573,0.6883605718612671,-0.2800000011920929
0,1574,1.6674754619598389,-0.03999999910593033
0,1575,0.5763027667999268,0.5899999737739563
0,1576,-0.49437597393989563,-1.409999966621399
0,1577,-0.510767936706543,-2.75
0,1578,0.08585161715745926,-1.590000033378601
0,1579,1.2099952697753906,-0.28999999165534973
0,1580,0.02338479459285736,-2.180000066757202
0,1581,-0.10845953226089478,-1.5299999713897705
0,1582,0.27905547618865967,-1.75
0,1583,-0.3575190603733063,-1.5800000429153442
0,1584,2.7811086177825928,1.0
0,1585,3.1164700984954834,1.5399999618530273
0,1586,2.1076483726501465,0.3100000023841858
0,1587,2.6092066764831543,1.159999966621399
0,1588,1.740936517715454,0.6600000262260437
0,1589,3.7364513874053955,1.0299999713897705
0,1590,1.3996906280517578,0.20000000298023224
0,1591,0.8707557916641235,-0.699999988079071
0,1592,0.7623475790023804,-0.15000000596046448
0,1593,-0.018012002110481262,-0.30000001192092896
0,1594,0.1871044635772705,0.20000000298023224
0,1595,0.3683082163333893,0.09000000357627869
0,1596,0.32227855920791626,0.8899999856948853
0,1597,0.2501456141471863,0.800000011920929
0,1598,0.26462650299072266,0.7400000095367432
0,1599,0.20175296068191528,2.950000047683716
0,1600,0.23470810055732727,-1.0399999618530273
0,1601,0.5675598382949829,-4.75
0,1602,0.8991152048110962,1.7200000286102295
0,1603,0.36590853333473206,1.7899999618530273
0,1604,0.22448673844337463,-0.20000000298023224
0,1605,0.3133249580860138,1.2200000286102295
0,1606,2.1284096240997314,4.53000020980835
0,1607,0.1773744374513626,0.699999988079071
0,1608,0.7502027750015259,1.2999999523162842
0,1609,0.10366201400756836,-0.0
0,1610,1.5713093280792236,2.299999952316284
0,1611,-0.20818975567817688,-0.0
0,1612,-0.14245617389678955,2.5999999046325684
0,1613,3.024486780166626,2.9000000953674316
0,1614,0.1170056164264679,2.759999990463257
0,1615,0.5297669172286987,5.0
0,1616,0.8110959529876709,4.670000076293945
0,1617,1.8970701694488525,1.2300000190734863
0,1618,1.128214716911316,-0.949999988079071
0,1619,0.5478420853614807,-0.07000000029802322
0,1620,1.2669475078582764,-0.25
0,1621,0.9342329502105713,-1.4299999475479126
0,1622,0.0395064651966095,-0.8299999833106995
0,1623,1.399317979812622,1.9299999475479126
0,1624,1.3694922924041748,2.440000057220459
0,1625,0.9695457220077515,0.49000000953674316
0,1626,0.693038821220398,2.119999885559082
0,1627,1.389106273651123,1.690000057220459
0,1628,0.9385973215103149,0.6399999856948853
0,1629,-0.14592480659484863,-1.7899999618530273
0,1630,0.7598457336425781,1.0800000429153442
0,1631,0.25124675035476685,2.1500000953674316
0,1632,1.541199803352356,0.5099999904632568
0,1633,2.625262498855591,1.149999976158142
0,1634,1.672795057296753,0.4000000059604645
0,1635,1.0976101160049438,0.2800000011920929
0,1636,1.573573350906372,1.5199999809265137
0,1637,0.49949267506599426,1.3899999856948853
0,1638,0.4217870235443115,-0.550000011920929
0,1639,0.7730495929718018,0.10000000149011612
0,1640,1.8071950674057007,1.7300000190734863
0,1641,1.256898283958435,1.7899999618530273
0,1642,0.6962684392929077,0.5799999833106995
0,1643,0.2913299798965454,-0.5199999809265137
0,1644,0.8917611837387085,0.9300000071525574
0,1645,0.7058178186416626,3.109999895095825
0,1646,0.6419119834899902,1.3799999952316284
0,1647,0.23308314383029938,0.46000000834465027
0,1648,0.8083837032318115,1.4800000190734863
0,1649,0.5081534385681152,0.9700000286102295
0,1650,-0.013876184821128845,0.6000000238418579
0,1651,-0.06423747539520264,-0.1899999976158142
0,1652,-0.16440650820732117,-0.1599999964237213
0,1653,0.48886892199516296,2.809999942779541
0,1654,-0.8996862173080444,-1.340000033378601
0,1655,0.45185330510139465,0.6399999856948853
0,1656,0.3809587359428406,1.7799999713897705
0,1657,0.005151823163032532,-0.49000000953674316
0,1658,-0.1289321482181549,-0.38999998569488525
0,1659,-0.5354523658752441,-0.7900000214576721
0,1660,0.7929027080535889,-0.5899999737739563
0,1661,0.09833136200904846,0.05000000074505806
0,1662,0.7688788175582886,1.4600000381469727
0,1663,0.24688683450222015,0.5699999928474426
0,1664,-0.06153117120265961,-0.3100000023841858
0,1665,0.2505878210067749,0.3199999928474426
0,1666,-0.04934336245059967,-1.3799999952316284
0,1667,0.09154871851205826,-1.940000057220459
0,1668,-0.14595216512680054,-1.9299999475479126
0,1669,0.32748422026634216,-2.3499999046325684
0,1670,-0.1968531310558319,-0.8899999856948853
0,1671,0.07358330488204956,0.7599999904632568
0,1672,-0.012756019830703735,0.9700000286102295
0,1673,1.4892723560333252,0.1899999976158142
0,1674,0.7313674688339233,0.7699999809265137
0,1675,0.1881927102804184,1.1200000047683716
0,1676,1.0460479259490967,0.8100000023841858
0,1677,0.4251844882965088,2.8399999141693115
0,1678,1.4074519872665405,0.36000001430511475
0,1679,0.3043394684791565,3.559999942779541
0,1680,-0.1781693994998932,0.1599999964237213
0,1681,1.5105435848236084,0.20999999344348907
0,1682,1.432573676109314,1.350000023841858
0,1683,2.571199417114258,3.9100000858306885
0,1684,0.4727284908294678,2.549999952316284
0,1685,0.9697635173797607,2.890000104904175
0,1686,0.394361674785614,2.930000066757202
0,1687,0.8968732357025146,3.0199999809265137
0,1688,0.22225745022296906,1.6799999475479126
0,1689,0.7784914970397949,-0.4099999964237213
0,1690,0.1594533622264862,3.759999990463257
0,1691,0.10918264091014862,3.1700000762939453
0,1692,0.0700753927230835,3.390000104904175
0,1693,0.5203831195831299,1.100000023841858
0,1694,-0.6318776607513428,1.2000000476837158
0,1695,0.5474045276641846,0.25999999046325684
0,1696,0.47919762134552,0.6200000047683716
0,1697,1.1601489782333374,2.3399999141693115
0,1698,0.6623231172561646,4.989999771118164
0,1699,1.7043999433517456,4.679999828338623
0,1700,1.1210020780563354,3.6500000953674316
0,1701,1.2695398330688477,4.079999923706055
0,1702,0.4905572831630707,3.6700000762939453
0,1703,1.927203893661499,4.730000019073486
0,1704,1.3043335676193237,3.5899999141693115
0,1705,0.08447533845901489,3.5399999618530273
0,1706,0.7685387134552002,4.869999885559082
0,1707,0.5341644287109375,3.069999933242798
0,1708,0.30450814962387085,0.9300000071525574
0,1709,0.2273753136396408,-1.2400000095367432
0,1710,0.2880174517631531,0.14000000059604645
0,1711,0.18303535878658295,-0.7400000095367432
0,1712,0.30064520239830017,0.41999998688697815
0,1713,0.276818186044693,1.5800000429153442
0,1714,-0.5127558708190918,-0.8799999952316284
0,1715,0.3007049560546875,-0.5
0,1716,0.25375044345855713,1.8799999952316284
0,1717,0.1533321738243103,1.7699999809265137
0,1718,0.08147221803665161,-1.100000023841858
0,1719,0.3235587477684021,-0.0
0,1720,0.3219154179096222,-0.10000000149011612
0,1721,2.2587172985076904,3.059999942779541
0,1722,1.84767746925354,1.2599999904632568
0,1723,0.650016188621521,-0.30000001192092896
0,1724,0.7216576337814331,-0.800000011920929
0,1725,0.6999197006225586,-1.0
0,1726,1.1437456607818604,0.10000000149011612
0,1727,0.4651940166950226,-2.0
0,1728,0.9217272996902466,-0.8999999761581421
0,1729,1.3523914813995361,0.800000011920929
0,1730,0.7310702800750732,-0.8999999761581421
0,1731,0.9926249980926514,0.10000000149011612
0,1732,1.034663200378418,-0.6000000238418579
0,1733,0.35345369577407837,-0.800000011920929
0,1734,0.9295557737350464,-1.7999999523162842
0,1735,0.7295067310333252,-0.800000011920929
0,1736,-0.1233515739440918,-1.0
0,1737,0.08851908892393112,0.4000000059604645
0,1738,1.2373876571655273,0.4000000059604645
0,1739,1.2689894437789917,0.4000000059604645
0,1740,1.2939656972885132,-0.20000000298023224
0,1741,1.716205358505249,3.2100000381469727
0,1742,1.5717613697052002,4.550000190734863
0,1743,0.20126180350780487,1.9500000476837158
0,1744,0.22784839570522308,1.7100000381469727
0,1745,0.3351900279521942,-0.3499999940395355
0,1746,0.8427197933197021,0.4300000071525574
0,1747,0.3394223153591156,0.4399999976158142
0,1748,2.465742826461792,4.380000114440918
0,1749,1.3018068075180054,1.7899999618530273
0,1750,0.8110630512237549,0.800000011920929
0,1751,0.7360270023345947,2.8499999046325684
0,1752,0.19742022454738617,2.200000047683716
0,1753,0.0009618699550628662,0.07999999821186066
0,1754,1.907498836517334,2.990000009536743
0,1755,2.6170947551727295,4.809999942779541
0,1756,0.5024994015693665,0.4300000071525574
0,1757,0.9717633724212646,4.199999809265137
0,1758,0.27407538890838623,0.4399999976158142
0,1759,0.8762580156326294,0.699999988079071
0,1760,0.8892061710357666,0.6700000166893005
0,1761,1.1008315086364746,1.1799999475479126
0,1762,0.906651496887207,1.9199999570846558
0,1763,1.3043818473815918,2.7799999713897705
0,1764,1.3851782083511353,3.799999952316284
0,1765,1.5355520248413086,2.5799999237060547
0,1766,2.0131282806396484,4.869999885559082
0,1767,-0.2915932238101959,1.9500000476837158
0,1768,0.3816285729408264,1.090000033378601
0,1769,0.6705087423324585,2.8499999046325684
0,1770,-0.21018394827842712,1.2999999523162842
0,1771,0.4581141769886017,2.369999885559082
0,1772,1.1644320487976074,2.0299999713897705
0,1773,1.6231229305267334,3.5
0,1774,-0.05088512599468231,0.44999998807907104
0,1775,0.010648414492607117,0.27000001072883606
0,1776,0.07586932927370071,-0.6899999976158142
0,1777,1.380338191986084,3.5399999618530273
0,1778,-0.07638147473335266,0.28999999165534973
0,1779,0.7853353023529053,0.9700000286102295
0,1780,1.4611070156097412,0.9700000286102295
0,1781,0.7220567464828491,1.0
0,1782,2.0263330936431885,-1.2100000381469727
0,1783,0.05352739989757538,1.590000033378601
0,1784,0.175631582736969,0.8899999856948853
0,1785,2.6678459644317627,1.7200000286102295
0,1786,2.2284059524536133,1.4600000381469727
0,1787,1.5127143859863281,0.009999999776482582
0,1788,1.7414580583572388,0.2199999988079071
0,1789,2.319624662399292,0.3400000035762787
0,1790,1.969770908355713,0.5600000023841858
0,1791,2.3316240310668945,0.5799999833106995
0,1792,2.0585861206054688,0.07999999821186066
0,1793,1.803196907043457,0.9900000095367432
0,1794,1.8188121318817139,0.5099999904632568
0,1795,2.326566696166992,-0.4399999976158142
0,1796,2.316516399383545,0.47999998927116394
0,1797,0.27468764781951904,0.05000000074505806
0,1798,-0.15772631764411926,0.5099999904632568
0,1799,0.7808173894882202,0.5799999833106995
0,1800,0.20169930160045624,0.5099999904632568
0,1801,0.5063885450363159,0.27000001072883606
0,1802,0.40169307589530945,0.6200000047683716
0,1803,0.2963041067123413,0.699999988079071
0,1804,2.134103298187256,0.8999999761581421
0,1805,1.302621603012085,2.990000009536743
0,1806,2.255612850189209,3.190000057220459
0,1807,1.3894526958465576,2.619999885559082
0,1808,1.1863105297088623,2.690000057220459
0,1809,0.30603915452957153,1.6299999952316284
0,1810,0.9827536344528198,3.009999990463257
0,1811,1.115192174911499,2.6500000953674316
0,1812,1.1480295658111572,3.0899999141693115
0,1813,0.6662651896476746,2.5299999713897705
0,1814,-0.1362822949886322,0.029999999329447746
0,1815,0.9868118762969971,3.2100000381469727
0,1816,0.957378625869751,2.8499999046325684
0,1817,0.8946226835250854,0.550000011920929
0,1818,1.2076191902160645,0.36000001430511475
0,1819,-0.33815523982048035,0.8299999833106995
0,1820,0.8041768074035645,1.5
0,1821,0.5326271057128906,1.340000033378601
0,1822,1.2181007862091064,0.6299999952316284
0,1823,1.9177325963974,0.6700000166893005
0,1824,0.6268124580383301,0.25
0,1825,1.2644035816192627,1.3899999856948853
0,1826,2.977503776550293,1.2899999618530273
0,1827,1.2836742401123047,-1.0800000429153442
0,1828,2.660033941268921,0.3199999928474426
0,1829,0.2769535779953003,-0.23999999463558197
0,1830,2.238900661468506,1.3600000143051147
0,1831,2.4620585441589355,2.009999990463257
0,1832,1.1070269346237183,0.8100000023841858
0,1833,0.40803688764572144,-0.12999999523162842
0,1834,1.693812608718872,1.5499999523162842
0,1835,0.4029003381729126,-0.009999999776482582
0,1836,0.4951036274433136,0.14000000059604645
0,1837,1.6397066116333008,0.3499999940395355
0,1838,1.5725295543670654,1.2599999904632568
0,1839,0.9728609323501587,0.05000000074505806
0,1840,0.47707757353782654,-0.36000001430511475
0,1841,0.29731863737106323,0.7900000214576721
0,1842,0.9184776544570923,0.9399999976158142
0,1843,0.8225452899932861,-0.7799999713897705
0,1844,-0.1350240409374237,0.41999998688697815
0,1845,-0.1515386402606964,0.6100000143051147
0,1846,-0.2700197696685791,0.3799999952316284
0,1847,-0.009978562593460083,0.8799999952316284
0,1848,-0.13886845111846924,0.6600000262260437
0,1849,-0.1875545084476471,0.4099999964237213
0,1850,0.005281329154968262,0.3499999940395355
0,1851,2.110226631164551,0.9100000262260437
0,1852,2.4292867183685303,1.100000023841858
0,1853,1.670473337173462,1.590000033378601
0,1854,1.4371657371520996,1.9900000095367432
0,1855,2.7372164726257324,2.759999990463257
0,1856,-0.05877552926540375,0.5
0,1857,1.0675370693206787,0.7799999713897705
0,1858,1.5315220355987549,1.2699999809265137
0,1859,3.079667329788208,1.8200000524520874
0,1860,3.2052056789398193,1.3799999952316284
0,1861,2.8202738761901855,2.0399999618530273
0,1862,0.8555147647857666,0.05000000074505806
0,1863,0.48206236958503723,0.05000000074505806
0,1864,1.3316287994384766,1.7200000286102295
0,1865,0.7716940641403198,1.649999976158142
0,1866,2.2497878074645996,2.0
0,1867,1.3874421119689941,0.800000011920929
0,1868,0.37367674708366394,1.7999999523162842
0,1869,1.53233802318573,0.3100000023841858
0,1870,1.3728492259979248,2.0299999713897705
0,1871,2.0712356567382812,2.4200000762939453
0,1872,0.5231112241744995,2.440000057220459
0,1873,0.843359112739563,1.940000057220459
0,1874,1.3848352432250977,2.069999933242798
0,1875,0.6474891304969788,2.0899999141693115
0,1876,1.3716034889221191,2.2899999618530273
0,1877,-0.257099986076355,1.7899999618530273
0,1878,0.15350547432899475,1.2000000476837158
0,1879,0.4971408247947693,-0.28999999165534973
0,1880,-0.06889750063419342,0.49000000953674316
0,1881,0.6409211754798889,0.9700000286102295
0,1882,0.20550508797168732,0.6200000047683716
0,1883,0.005196616053581238,0.4000000059604645
0,1884,-0.24886879324913025,-0.4000000059604645
0,1885,0.14852406084537506,0.6600000262260437
0,1886,-0.050110071897506714,0.25
0,1887,0.08410514891147614,0.27000001072883606
0,1888,-0.05888129770755768,1.1799999475479126
0,1889,1.0079103708267212,2.359999895095825
0,1890,0.2983764111995697,1.4299999475479126
0,1891,0.26783785223960876,2.0299999713897705
0,1892,0.32923150062561035,2.009999990463257
0,1893,0.39657145738601685,0.9100000262260437
0,1894,0.34500110149383545,0.9900000095367432
0,1895,0.14814090728759766,-0.5699999928474426
0,1896,0.7022387981414795,1.7999999523162842
0,1897,0.2400752156972885,1.6200000047683716
0,1898,0.10440164804458618,0.4099999964237213
0,1899,-0.037742823362350464,0.5
0,1900,0.7887917757034302,1.899999976158142
0,1901,0.11306187510490417,0.3799999952316284
0,1902,0.06304875761270523,0.9800000190734863
0,1903,0.2919480502605438,0.46000000834465027
0,1904,-0.09458157420158386,1.0499999523162842
0,1905,0.3056977689266205,0.75
0,1906,-0.23823559284210205,2.4100000858306885
0,1907,0.4337591230869293,0.3799999952316284
0,1908,-0.04538419842720032,1.0199999809265137
0,1909,0.23326894640922546,0.8100000023841858
0,1910,0.4593866169452667,2.5799999237060547
0,1911,0.8976454734802246,0.5099999904632568
0,1912,0.16673927009105682,0.5699999928474426
0,1913,0.25722405314445496,-0.6200000047683716
0,1914,2.0917580127716064,2.0399999618530273
0,1915,0.8573598861694336,1.9800000190734863
0,1916,0.6079516410827637,0.23000000417232513
0,1917,0.7348793745040894,2.799999952316284
0,1918,1.054126262664795,0.5899999737739563
0,1919,0.7764443159103394,0.6000000238418579
0,1920,0.23205578327178955,0.4300000071525574
0,1921,0.7482184171676636,1.3600000143051147
0,1922,2.316549062728882,1.0700000524520874
0,1923,0.7854127883911133,0.7300000190734863
0,1924,1.3272794485092163,2.0399999618530273
0,1925,0.6380723714828491,0.6800000071525574
0,1926,1.1089528799057007,1.2699999809265137
0,1927,-0.26768091320991516,-0.6800000071525574
0,1928,1.4571391344070435,1.6299999952316284
0,1929,1.204727292060852,2.2899999618530273
0,1930,0.9296252727508545,0.9900000095367432
0,1931,2.4212982654571533,2.7100000381469727
0,1932,3.0877439975738525,0.9700000286102295
0,1933,2.3829572200775146,3.0199999809265137
0,1934,0.8620167970657349,0.7400000095367432
0,1935,2.8366763591766357,3.380000114440918
0,1936,1.0050315856933594,1.6399999856948853
0,1937,1.3560693264007568,0.6000000238418579
0,1938,2.0907089710235596,2.0
0,1939,1.3979191780090332,2.4000000953674316
0,1940,0.9706764221191406,1.7799999713897705
0,1941,1.4653100967407227,2.8399999141693115
0,1942,0.32797014713287354,0.7099999785423279
0,1943,-0.17328914999961853,0.6299999952316284
0,1944,1.4457590579986572,0.7099999785423279
0,1945,2.178802490234375,2.0199999809265137
0,1946,2.0764224529266357,1.899999976158142
0,1947,2.229604482650757,1.6799999475479126
0,1948,1.170566201210022,1.25
0,1949,0.9808157682418823,1.409999966621399
0,1950,0.16243231296539307,-0.10999999940395355
0,1951,1.2930556535720825,0.3700000047683716
0,1952,0.49598023295402527,0.7300000190734863
0,1953,0.3319931626319885,0.18000000715255737
0,1954,1.4463036060333252,1.649999976158142
0,1955,1.2778202295303345,1.100000023841858
0,1956,2.2353768348693848,2.2699999809265137
0,1957,2.6392927169799805,2.5899999141693115
0,1958,2.8909778594970703,2.3399999141693115
0,1959,3.1966800689697266,3.6500000953674316
0,1960,1.6483607292175293,0.5199999809265137
0,1961,2.892214775085449,2.4000000953674316
0,1962,-0.148481547832489,-0.8199999928474426
0,1963,-0.24721664190292358,-0.4399999976158142
0,1964,0.3906254172325134,0.9200000166893005
0,1965,0.34535208344459534,0.8399999737739563
0,1966,0.5416698455810547,-0.30000001192092896
0,1967,0.5942721366882324,-0.47999998927116394
0,1968,0.18411384522914886,-1.0700000524520874
0,1969,1.1316404342651367,-0.44999998807907104
0,1970,0.5538538098335266,-1.25
0,1971,0.4629383385181427,-0.7200000286102295
0,1972,2.0111448764801025,2.6700000762939453
0,1973,1.3042945861816406,0.9200000166893005
0,1974,0.09772005677223206,-1.5499999523162842
0,1975,0.8293763399124146,0.14000000059604645
0,1976,2.165687084197998,2.740000009536743
0,1977,1.1179646253585815,-0.019999999552965164
0,1978,1.9452555179595947,3.5799999237060547
0,1979,0.43633201718330383,0.2800000011920929
0,1980,0.7143816947937012,1.6299999952316284
0,1981,0.3745415508747101,0.3700000047683716
0,1982,2.101393222808838,3.299999952316284
0,1983,1.7095773220062256,0.800000011920929
0,1984,1.963327407836914,2.4000000953674316
0,1985,3.4548771381378174,1.909999966621399
0,1986,1.3836052417755127,0.8799999952316284
0,1987,2.736241102218628,4.130000114440918
0,1988,1.776505708694458,2.880000114440918
0,1989,2.622642755508423,3.9600000381469727
0,1990,2.373105764389038,2.809999942779541
0,1991,-0.1793825924396515,0.27000001072883606
0,1992,0.563978910446167,2.5799999237060547
0,1993,0.23975348472595215,1.2599999904632568
0,1994,0.9043017625808716,1.399999976158142
0,1995,1.3509299755096436,2.690000057220459
0,1996,2.3421499729156494,3.9600000381469727
0,1997,2.0358972549438477,1.2100000381469727
0,1998,3.1077167987823486,4.059999942779541
0,1999,1.509000539779663,3.0899999141693115
0,2000,1.357740044593811,2.0799999237060547
0,2001,1.359386920928955,3.8299999237060547
0,2002,0.8459889888763428,2.700000047683716
0,2003,2.3849360942840576,2.700000047683716
0,2004,3.130208730697632,3.2300000190734863
0,2005,2.970294237136841,4.880000114440918
0,2006,1.2430691719055176,2.1500000953674316
0,2007,1.9760982990264893,4.449999809265137
0,2008,1.0774494409561157,2.0
0,2009,-0.13003724813461304,-0.30000001192092896
0,2010,0.17164483666419983,1.899999976158142
0,2011,0.639114499092102,2.200000047683716
0,2012,1.1842231750488281,2.4000000953674316
0,2013,0.907782793045044,1.0
0,2014,-0.1923407018184662,-0.8299999833106995
0,2015,-0.01732756197452545,-0.33000001311302185
0,2016,-0.17226645350456238,0.029999999329447746
0,2017,1.5805011987686157,4.119999885559082
0,2018,1.2879602909088135,4.199999809265137
0,2019,0.24293309450149536,0.9300000071525574
0,2020,0.30889374017715454,1.340000033378601
0,2021,1.8602845668792725,3.240000009536743
0,2022,1.7988982200622559,3.950000047683716
0,2023,0.9019477367401123,2.200000047683716
0,2024,0.4394046366214752,1.7200000286102295
0,2025,0.8842560052871704,2.930000066757202
0,2026,1.7631512880325317,3.5999999046325684
0,2027,-0.14226582646369934,0.12999999523162842
0,2028,0.23925605416297913,1.0800000429153442
0,2029,1.530834436416626,2.8499999046325684
0,2030,0.6352386474609375,1.649999976158142
0,2031,0.6093575954437256,0.6399999856948853
0,2032,0.7476269006729126,1.25
0,2033,0.737956166267395,2.0
0,2034,0.5973842144012451,0.699999988079071
0,2035,0.9774582386016846,2.299999952316284
0,2036,1.9513002634048462,1.9299999475479126
0,2037,0.6402714252471924,1.1200000047683716
0,2038,0.2635765075683594,0.30000001192092896
0,2039,1.4722380638122559,2.069999933242798
0,2040,0.5173037648200989,0.9399999976158142
0,2041,1.1271954774856567,2.509999990463257
0,2042,0.1652311086654663,0.4000000059604645
0,2043,0.6915997266769409,1.0199999809265137
0,2044,0.21636968851089478,0.6200000047683716
0,2045,0.8508563041687012,1.5700000524520874
0,2046,0.207425057888031,1.2100000381469727
0,2047,-0.1397680938243866,0.09000000357627869
0,2048,0.37048137187957764,0.4000000059604645
0,2049,-0.11010679602622986,0.30000001192092896
0,2050,-0.23222067952156067,-0.10999999940395355
0,2051,0.5500023365020752,0.7400000095367432
0,2052,1.7047024965286255,2.0999999046325684
0,2053,1.2303471565246582,1.0399999618530273
0,2054,1.4086265563964844,2.7100000381469727
0,2055,0.6074470281600952,1.3700000047683716
0,2056,0.4165758192539215,0.41999998688697815
0,2057,0.009628698229789734,0.07999999821186066
0,2058,1.1125949621200562,1.2300000190734863
0,2059,0.06329107284545898,0.3700000047683716
0,2060,0.96361243724823,1.5700000524520874
0,2061,-0.015219733119010925,-0.3100000023841858
0,2062,0.8506848812103271,0.800000011920929
0,2063,0.023859307169914246,-0.0
0,2064,0.3740454316139221,1.0399999618530273
0,2065,0.08247978985309601,0.019999999552965164
0,2066,0.23193992674350739,0.019999999552965164
0,2067,-0.22730305790901184,0.4000000059604645
0,2068,-0.034778937697410583,0.5400000214576721
0,2069,0.39536717534065247,0.9900000095367432
0,2070,-0.04790391027927399,-0.10000000149011612
0,2071,1.2839735746383667,3.2799999713897705
0,2072,-0.18134188652038574,-0.5099999904632568
0,2073,-0.04481813311576843,-0.0
0,2074,0.27032729983329773,0.3100000023841858
0,2075,1.0922443866729736,-0.30000001192092896
0,2076,1.8438587188720703,2.4600000381469727
0,2077,0.7982141971588135,0.3100000023841858
0,2078,-0.01639994978904724,0.7200000286102295
0,2079,0.16237527132034302,0.3499999940395355
0,2080,-0.07523053884506226,-0.25
0,2081,0.41289374232292175,0.25
0,2082,0.3403153419494629,0.44999998807907104
0,2083,0.39621996879577637,1.2999999523162842
0,2084,0.3092067241668701,1.75
0,2085,0.6377930045127869,2.119999885559082
0,2086,0.5359764099121094,2.299999952316284
0,2087,0.28578633069992065,0.10000000149011612
0,2088,0.04217994213104248,1.0199999809265137
0,2089,0.30601996183395386,0.5
0,2090,0.29093337059020996,0.7699999809265137
0,2091,0.34629738330841064,-1.0199999809265137
0,2092,0.3279203474521637,-0.3199999928474426
0,2093,1.1663634777069092,0.550000011920929
0,2094,-0.13885915279388428,0.800000011920929
0,2095,-0.07240396738052368,0.20000000298023224
0,2096,0.6707550287246704,0.3499999940395355
0,2097,0.2489931881427765,2.119999885559082
0,2098,0.643752932548523,2.5
0,2099,0.008778497576713562,-0.4000000059604645
0,2100,-0.2099718153476715,-0.25
0,2101,1.4918895959854126,3.319999933242798
0,2102,0.847642183303833,2.3299999237060547
0,2103,0.6434036493301392,0.8500000238418579
0,2104,0.3084264397621155,0.2800000011920929
0,2105,0.6738018989562988,1.0
0,2106,1.3751168251037598,3.700000047683716
0,2107,0.21736955642700195,1.1799999475479126
0,2108,0.6091170310974121,0.3499999940395355
0,2109,1.088607907295227,2.200000047683716
0,2110,1.7236661911010742,3.299999952316284
0,2111,0.31131792068481445,0.6499999761581421
0,2112,-0.07284089922904968,-0.4000000059604645
0,2113,-0.06383565068244934,0.6200000047683716
0,2114,-0.3686932623386383,-0.07999999821186066
0,2115,0.21113801002502441,-0.550000011920929
0,2116,0.7087459564208984,0.44999998807907104
0,2117,1.1509767770767212,0.800000011920929
0,2118,0.2526437044143677,-1.399999976158142
0,2119,0.3443603515625,-0.5
0,2120,1.2824981212615967,3.8499999046325684
0,2121,0.42769595980644226,2.299999952316284
0,2122,0.6437171697616577,0.699999988079071
0,2123,1.1314224004745483,2.5999999046325684
0,2124,0.9377797842025757,1.75
0,2125,0.9509787559509277,3.049999952316284
0,2126,0.7918943166732788,2.049999952316284
0,2127,0.1076449453830719,0.949999988079071
0,2128,0.611617922782898,2.8499999046325684
0,2129,0.35730087757110596,1.4500000476837158
0,2130,0.4529182016849518,1.850000023841858
0,2131,1.380757451057434,2.549999952316284
0,2132,0.43200990557670593,0.10000000149011612
0,2133,0.3100888133049011,1.0499999523162842
0,2134,0.19309325516223907,-0.0
0,2135,0.034172043204307556,0.10000000149011612
0,2136,-0.23687300086021423,-0.800000011920929
0,2137,-0.12700778245925903,0.6000000238418579
0,2138,0.1898033767938614,0.4000000059604645
0,2139,-0.06545236706733704,-0.6000000238418579
0,2140,0.37106403708457947,0.75
0,2141,0.35265010595321655,1.850000023841858
0,2142,0.2506350874900818,0.800000011920929
0,2143,0.34006261825561523,0.4000000059604645
0,2144,0.0017913877964019775,-0.0
0,2145,0.2091028392314911,0.3499999940395355
0,2146,-0.23885107040405273,-0.6499999761581421
0,2147,0.2559783458709717,0.15000000596046448
0,2148,0.2615715265274048,0.30000001192092896
0,2149,1.2119985818862915,1.0199999809265137
0,2150,0.9285027980804443,0.550000011920929
0,2151,1.3800560235977173,1.5
0,2152,-0.3772670328617096,0.3199999928474426
0,2153,0.12037423253059387,1.0700000524520874
0,2154,0.860090970993042,0.5299999713897705
0,2155,1.400484323501587,2.6500000953674316
0,2156,0.36663299798965454,1.0499999523162842
0,2157,0.6089506149291992,0.800000011920929
0,2158,0.8882031440734863,1.0499999523162842
0,2159,0.5506590604782104,0.05000000074505806
0,2160,0.950563907623291,1.5
0,2161,1.4421807527542114,1.75
0,2162,1.3015056848526,2.049999952316284
0,2163,1.9439103603363037,2.5
0,2164,0.18494665622711182,1.600000023841858
0,2165,0.2913060486316681,1.75
0,2166,1.4204334020614624,0.20000000298023224
0,2167,0.9640628099441528,0.20000000298023224
0,2168,0.03475600481033325,0.30000001192092896
0,2169,0.8982909917831421,2.1500000953674316
0,2170,0.4452485144138336,2.700000047683716
0,2171,1.1235554218292236,2.299999952316284
0,2172,1.2862792015075684,4.579999923706055
0,2173,0.6435420513153076,1.0499999523162842
0,2174,1.7096848487854004,3.440000057220459
0,2175,0.6220170259475708,3.299999952316284
0,2176,1.6318657398223877,3.200000047683716
0,2177,0.6746487617492676,1.649999976158142
0,2178,0.5814633369445801,0.6399999856948853
0,2179,-0.22369274497032166,1.1699999570846558
0,2180,1.5318665504455566,-0.4099999964237213
0,2181,0.6881886720657349,-1.3300000429153442
0,2182,2.455756902694702,-0.07000000029802322
0,2183,1.450209140777588,-1.149999976158142
0,2184,2.091702461242676,0.029999999329447746
0,2185,1.6054903268814087,-1.5099999904632568
0,2186,1.0160661935806274,-3.7899999618530273
0,2187,1.589834451675415,-0.41999998688697815
0,2188,0.9124895334243774,-3.6700000762939453
0,2189,1.7939293384552002,0.05000000074505806
0,2190,1.7714024782180786,0.009999999776482582
0,2191,1.611832618713379,-0.1599999964237213
0,2192,1.0619350671768188,-2.430000066757202
0,2193,1.7598209381103516,0.019999999552965164
0,2194,1.6942427158355713,-0.4099999964237213
0,2195,0.6788876056671143,-1.399999976158142
0,2196,2.240159511566162,0.800000011920929
0,2197,1.853076696395874,0.15000000596046448
0,2198,1.7499196529388428,-1.0499999523162842
0,2199,1.5535964965820312,1.9500000476837158
0,2200,1.099267840385437,-3.4000000953674316
0,2201,1.2607959508895874,-0.20000000298023224
0,2202,0.9317810535430908,4.420000076293945
0,2203,2.477592706680298,1.2799999713897705
0,2204,0.9499064683914185,4.010000228881836
0,2205,1.9392527341842651,2.990000009536743
0,2206,1.6015379428863525,4.070000171661377
0,2207,0.7597792148590088,0.6000000238418579
0,2208,0.8890587091445923,-3.130000114440918
0,2209,1.1366926431655884,0.5799999833106995
0,2210,1.8813555240631104,-1.100000023841858
0,2211,0.6834859848022461,1.3600000143051147
0,2212,1.2619152069091797,2.2699999809265137
0,2213,0.5857921838760376,1.340000033378601
0,2214,0.2783229947090149,1.0299999713897705
0,2215,0.45530810952186584,1.7200000286102295
0,2216,0.29712462425231934,1.1200000047683716
0,2217,0.17020639777183533,0.6899999976158142
0,2218,0.25069916248321533,1.5800000429153442
0,2219,0.22577738761901855,1.409999966621399
0,2220,0.1362130343914032,1.3200000524520874
0,2221,2.329932928085327,0.11999999731779099
0,2222,-0.3124721646308899,-1.1100000143051147
0,2223,1.3206679821014404,1.9700000286102295
0,2224,0.9505493640899658,2.380000114440918
0,2225,1.1633005142211914,2.609999895095825
0,2226,1.817260980606079,4.150000095367432
0,2227,1.0109455585479736,1.409999966621399
0,2228,1.3324143886566162,3.200000047683716
0,2229,1.491992473602295,2.3399999141693115
0,2230,1.157404899597168,1.600000023841858
0,2231,1.1923167705535889,1.5700000524520874
0,2232,-0.05782036483287811,-1.2999999523162842
0,2233,1.3225243091583252,4.519999980926514
0,2234,1.7532682418823242,1.9199999570846558
0,2235,1.9928879737854004,1.2999999523162842
0,2236,0.9714195728302002,4.789999961853027
0,2237,0.7275794744491577,3.4800000190734863
0,2238,0.1694783866405487,0.20000000298023224
0,2239,0.8041852712631226,0.17000000178813934
0,2240,2.0525810718536377,1.0
0,2241,1.2397351264953613,1.3200000524520874
0,2242,2.8834869861602783,1.8600000143051147
0,2243,1.6091322898864746,1.9199999570846558
0,2244,1.8571360111236572,2.8299999237060547
0,2245,1.4490938186645508,1.440000057220459
0,2246,1.88670814037323,1.600000023841858
0,2247,1.9696742296218872,3.7300000190734863
0,2248,2.1814630031585693,3.880000114440918
0,2249,1.5110130310058594,3.4800000190734863
0,2250,2.187941551208496,1.5
0,2251,0.6506417989730835,2.9700000286102295
0,2252,0.9113154411315918,2.9100000858306885
0,2253,1.2249727249145508,2.25
0,2254,1.9601845741271973,3.259999990463257
0,2255,2.042541265487671,3.609999895095825
0,2256,0.7900044918060303,3.4200000762939453
0,2257,0.1456557810306549,0.8500000238418579
0,2258,0.9972679615020752,-0.5199999809265137
0,2259,2.3216021060943604,2.359999895095825
0,2260,0.5806233286857605,0.4399999976158142
0,2261,0.5616735816001892,3.359999895095825
0,2262,0.1877904087305069,0.8299999833106995
0,2263,0.04739406704902649,0.05000000074505806
0,2264,0.01630692183971405,-0.7599999904632568
0,2265,0.4995783269405365,-0.47999998927116394
0,2266,0.10218307375907898,-0.75
0,2267,0.11806174367666245,-1.1100000143051147
0,2268,0.07691551744937897,-0.029999999329447746
0,2269,-0.04492959380149841,-0.05999999865889549
0,2270,1.1570650339126587,0.2199999988079071
0,2271,2.0591413974761963,0.6499999761581421
0,2272,-0.7236844301223755,-3.5899999141693115
0,2273,0.49425843358039856,-0.4000000059604645
0,2274,0.04525443911552429,-1.5
0,2275,-0.16365280747413635,-1.2999999523162842
0,2276,1.2190897464752197,-0.0
0,2277,0.5864239931106567,-0.5
0,2278,0.024441078305244446,-1.2999999523162842
0,2279,0.5013912916183472,-0.6000000238418579
0,2280,1.5819332599639893,1.3300000429153442
0,2281,1.91420578956604,2.2799999713897705
0,2282,1.738983154296875,1.8799999952316284
0,2283,0.04665422439575195,-0.029999999329447746
0,2284,-0.026145875453948975,0.5600000023841858
0,2285,0.36378708481788635,0.6000000238418579
0,2286,1.0642637014389038,1.7899999618530273
0,2287,2.5732009410858154,2.609999895095825
0,2288,1.1211599111557007,1.0499999523162842
0,2289,1.300980806350708,1.7000000476837158
0,2290,0.9744446277618408,1.340000033378601
0,2291,1.0955902338027954,1.4800000190734863
0,2292,0.3408164381980896,1.8300000429153442
0,2293,0.005863860249519348,-0.23999999463558197
0,2294,0.3933759033679962,0.9700000286102295
0,2295,0.2150706946849823,-0.10000000149011612
0,2296,1.1735217571258545,3.2799999713897705
0,2297,0.5116554498672485,1.600000023841858
0,2298,1.5672580003738403,4.150000095367432
0,2299,0.9218080043792725,3.640000104904175
0,2300,1.2781517505645752,1.4700000286102295
0,2301,0.4137270450592041,1.5399999618530273
0,2302,0.7022581100463867,1.5700000524520874
0,2303,1.5625052452087402,2.740000009536743
0,2304,0.3754911720752716,1.2300000190734863
0,2305,1.3767282962799072,2.4800000190734863
0,2306,1.3954733610153198,1.8600000143051147
0,2307,1.556570291519165,4.769999980926514
0,2308,0.8220899105072021,-0.28999999165534973
0,2309,2.225537061691284,3.299999952316284
0,2310,0.47520124912261963,3.4700000286102295
0,2311,1.2637132406234741,2.0299999713897705
0,2312,0.8981910943984985,1.809999942779541
0,2313,0.5385099649429321,0.12999999523162842
0,2314,2.2508010864257812,1.25
0,2315,0.9473774433135986,1.4199999570846558
0,2316,-0.03283585608005524,1.0
0,2317,1.1126900911331177,0.9100000262260437
0,2318,1.5590254068374634,3.2799999713897705
0,2319,0.8001556396484375,0.75
0,2320,0.5986999273300171,0.6000000238418579
0,2321,0.023658335208892822,0.6499999761581421
0,2322,0.1947118639945984,0.38999998569488525
0,2323,0.03916428983211517,0.1899999976158142
0,2324,0.6469713449478149,0.5799999833106995
0,2325,0.25086116790771484,0.5799999833106995
0,2326,0.1669301837682724,0.8899999856948853
0,2327,0.834385871887207,3.5299999713897705
0,2328,0.5675336122512817,1.899999976158142
0,2329,1.9129271507263184,3.680000066757202
0,2330,2.0547895431518555,3.2300000190734863
0,2331,0.3876010775566101,1.2100000381469727
0,2332,0.3308386206626892,0.6499999761581421
0,2333,1.2486467361450195,4.210000038146973
0,2334,0.4147244095802307,0.7900000214576721
0,2335,0.3873138427734375,0.699999988079071
0,2336,0.6345719695091248,0.38999998569488525
0,2337,1.9893224239349365,2.1600000858306885
0,2338,1.992262363433838,3.3399999141693115
0,2339,0.05711542069911957,0.6100000143051147
0,2340,0.39702486991882324,1.2699999809265137
0,2341,1.152872920036316,1.7300000190734863
0,2342,0.3738519251346588,0.6299999952316284
0,2343,1.321555733680725,3.700000047683716
0,2344,0.01500210165977478,1.0199999809265137
0,2345,0.6579551696777344,1.3600000143051147
0,2346,-0.01860019564628601,0.2800000011920929
0,2347,0.5750354528427124,0.7599999904632568
0,2348,1.4787418842315674,0.800000011920929
0,2349,0.7090424299240112,0.49000000953674316
0,2350,0.5629701614379883,1.0700000524520874
0,2351,0.227371484041214,0.7599999904632568
0,2352,-0.1867189109325409,0.5899999737739563
0,2353,-0.004656463861465454,0.5
0,2354,0.44064709544181824,1.159999966621399
0,2355,0.8505607843399048,0.6899999976158142
0,2356,0.5326200723648071,-0.0
0,2357,1.2364305257797241,2.259999990463257
0,2358,0.5313900709152222,1.0700000524520874
0,2359,1.3729513883590698,4.920000076293945
0,2360,0.382302850484848,1.4600000381469727
0,2361,0.959925651550293,2.380000114440918
0,2362,0.2733684778213501,0.8899999856948853
0,2363,0.8496021032333374,1.3600000143051147
0,2364,1.6107761859893799,3.240000009536743
0,2365,0.604738712310791,1.3300000429153442
0,2366,0.9785361289978027,1.9600000381469727
0,2367,0.621856689453125,1.2100000381469727
0,2368,1.055198311805725,1.159999966621399
0,2369,0.5053894519805908,0.9599999785423279
0,2370,1.1628726720809937,0.3100000023841858
0,2371,0.2717844843864441,0.550000011920929
0,2372,0.6315542459487915,0.9700000286102295
0,2373,-0.5247557163238525,-0.10000000149011612
0,2374,1.7665674686431885,2.440000057220459
0,2375,0.302829384803772,1.7400000095367432
0,2376,0.7801604270935059,1.0499999523162842
0,2377,0.042044609785079956,0.10000000149011612
0,2378,0.24937711656093597,0.9300000071525574
0,2379,0.35930073261260986,0.8799999952316284
0,2380,0.4551772475242615,1.309999942779541
0,2381,0.3473828434944153,2.049999952316284
0,2382,0.6220749616622925,0.699999988079071
0,2383,0.028066128492355347,0.18000000715255737
0,2384,0.5643976926803589,1.1799999475479126
0,2385,2.209388017654419,2.1600000858306885
0,2386,1.0589905977249146,0.6700000166893005
0,2387,0.3429322838783264,0.6399999856948853
0,2388,0.7407033443450928,0.8199999928474426
0,2389,1.4243671894073486,3.299999952316284
0,2390,1.7028653621673584,3.5
0,2391,-0.027253255248069763,-1.3899999856948853
0,2392,0.0017166435718536377,-1.409999966621399
0,2393,0.28516438603401184,-1.0499999523162842
0,2394,-0.14788377285003662,-0.9399999976158142
0,2395,0.050326794385910034,-0.3499999940395355
0,2396,-0.11027956008911133,-1.3899999856948853
0,2397,0.09424404054880142,0.15000000596046448
0,2398,0.017370879650115967,-0.949999988079071
0,2399,0.2268368899822235,0.4000000059604645
0,2400,-0.010696262121200562,1.0099999904632568
0,2401,0.29702073335647583,-1.440000057220459
0,2402,0.07929117232561111,-0.38999998569488525
0,2403,-0.12428134679794312,-1.850000023841858
0,2404,0.90389084815979,-0.7200000286102295
0,2405,1.84687340259552,4.309999942779541
0,2406,1.5670628547668457,4.309999942779541
0,2407,1.5619763135910034,3.8299999237060547
0,2408,1.0256671905517578,3.109999895095825
0,2409,1.222137212753296,2.630000114440918
0,2410,2.853560209274292,3.109999895095825
0,2411,0.9561165571212769,1.909999966621399
0,2412,1.1874749660491943,2.869999885559082
0,2413,2.215247392654419,4.550000190734863
0,2414,1.090935468673706,2.119999885559082
0,2415,0.9559515714645386,3.7300000190734863
0,2416,1.4292988777160645,2.619999885559082
0,2417,0.886946439743042,4.980000019073486
0,2418,0.6479154229164124,2.5999999046325684
0,2419,0.5991308689117432,2.200000047683716
0,2420,1.0467387437820435,-0.1599999964237213
0,2421,1.7269799709320068,4.190000057220459
0,2422,2.8727967739105225,3.0299999713897705
0,2423,1.643888235092163,2.299999952316284
0,2424,0.4524519145488739,1.2999999523162842
0,2425,1.956499695777893,1.100000023841858
0,2426,0.8391302824020386,2.0999999046325684
0,2427,0.6670190691947937,0.6600000262260437
0,2428,0.6948766708374023,3.119999885559082
0,2429,0.317462682723999,3.0999999046325684
0,2430,1.8382751941680908,2.25
0,2431,1.244793176651001,0.8999999761581421
0,2432,1.2352983951568604,1.2200000286102295
0,2433,1.1382337808609009,1.6299999952316284
0,2434,0.6869175434112549,0.9900000095367432
0,2435,0.8721739053726196,0.5400000214576721
0,2436,0.6382155418395996,1.4900000095367432
0,2437,0.4471262991428375,0.8299999833106995
0,2438,0.82526695728302,0.5299999713897705
0,2439,0.3129790425300598,0.05999999865889549
0,2440,1.290108561515808,1.159999966621399
0,2441,0.9498112201690674,3.0
0,2442,2.0666346549987793,0.7400000095367432
0,2443,1.511533260345459,0.25999999046325684
0,2444,0.31229087710380554,-0.05000000074505806
0,2445,-0.008128732442855835,-0.4399999976158142
0,2446,1.8360216617584229,0.20000000298023224
0,2447,0.1839483678340912,0.09000000357627869
0,2448,0.709052562713623,0.009999999776482582
0,2449,2.4741365909576416,1.7200000286102295
0,2450,1.9962801933288574,1.0199999809265137
0,2451,2.4474997520446777,2.1500000953674316
0,2452,0.3012942671775818,-0.07999999821186066
0,2453,0.009844660758972168,-0.20000000298023224
0,2454,0.7628556489944458,0.6800000071525574
0,2455,-0.3939487040042877,-0.1599999964237213
0,2456,-0.21537020802497864,-0.09000000357627869
0,2457,-0.12361735105514526,-0.11999999731779099
0,2458,0.31329894065856934,0.05000000074505806
0,2459,0.11598751693964005,-0.30000001192092896
0,2460,-0.24936023354530334,-0.38999998569488525
0,2461,0.8004034757614136,0.7699999809265137
0,2462,0.6683906316757202,1.7899999618530273
0,2463,0.32264232635498047,0.25999999046325684
0,2464,1.1518348455429077,0.41999998688697815
0,2465,0.566659688949585,-0.7699999809265137
0,2466,0.7523905038833618,-0.3700000047683716
0,2467,0.5417900085449219,1.090000033378601
0,2468,2.4527390003204346,0.7900000214576721
0,2469,1.291834831237793,-0.07000000029802322
0,2470,2.837672472000122,2.869999885559082
0,2471,3.182454824447632,2.0299999713897705
0,2472,1.3182628154754639,0.7599999904632568
0,2473,3.0869343280792236,1.75
0,2474,1.3520302772521973,0.44999998807907104
0,2475,2.4723212718963623,2.390000104904175
0,2476,2.086250066757202,0.07999999821186066
0,2477,0.9595279693603516,0.5799999833106995
0,2478,0.9962649345397949,0.6800000071525574
0,2479,1.4979790449142456,0.9399999976158142
0,2480,0.16213133931159973,-0.0
0,2481,0.22399109601974487,-0.029999999329447746
0,2482,0.19111046195030212,-0.4699999988079071
0,2483,0.4406946003437042,-0.15000000596046448
0,2484,0.48278120160102844,-0.38999998569488525
0,2485,1.8726905584335327,0.6499999761581421
0,2486,0.5320037603378296,-0.46000000834465027
0,2487,0.012816250324249268,-0.27000001072883606
0,2488,1.6279760599136353,2.9100000858306885
0,2489,2.3537676334381104,2.799999952316284
0,2490,2.8826301097869873,-1.100000023841858
0,2491,1.9188151359558105,-1.7000000476837158
0,2492,2.0278842449188232,-1.600000023841858
0,2493,1.789475440979004,-0.10000000149011612
0,2494,1.807503581047058,1.5
0,2495,1.2994296550750732,-1.2999999523162842
0,2496,1.0514792203903198,-1.2000000476837158
0,2497,0.9105678796768188,-1.5
0,2498,0.7808327674865723,-1.100000023841858
0,2499,0.4947335124015808,-1.7000000476837158
0,2500,0.5142697095870972,-2.0
0,2501,0.6149373054504395,-0.8700000047683716
0,2502,0.5941975712776184,0.699999988079071
0,2503,0.46056658029556274,0.949999988079071
0,2504,-0.19636717438697815,1.2599999904632568
0,2505,0.5757174491882324,1.0099999904632568
0,2506,0.15670204162597656,0.7099999785423279
0,2507,0.5618865489959717,1.0099999904632568
0,2508,0.6621649265289307,1.1299999952316284
0,2509,0.4489384889602661,1.1200000047683716
0,2510,0.5898816585540771,1.3700000047683716
0,2511,-0.19337251782417297,0.20000000298023224
0,2512,0.7646323442459106,1.2599999904632568
0,2513,1.0398311614990234,1.8700000047683716
0,2514,2.2380454540252686,-0.17000000178813934
0,2515,0.7803564071655273,0.3199999928474426
0,2516,0.001618891954421997,-0.4399999976158142
0,2517,0.07821565866470337,-0.07000000029802322
0,2518,3.0475656986236572,3.0999999046325684
0,2519,1.283922553062439,3.9000000953674316
0,2520,0.5607559680938721,1.399999976158142
0,2521,0.4599718153476715,0.20000000298023224
0,2522,1.2713193893432617,0.20000000298023224
0,2523,2.325190305709839,2.1700000762939453
0,2524,1.209648609161377,0.8199999928474426
0,2525,1.0705749988555908,0.009999999776482582
0,2526,0.8595336675643921,-0.699999988079071
0,2527,2.986379861831665,-3.4000000953674316
0,2528,2.5044877529144287,-1.0399999618530273
0,2529,1.8295753002166748,-1.649999976158142
0,2530,2.1493780612945557,-0.9900000095367432
0,2531,3.105175256729126,-1.9500000476837158
0,2532,2.0646049976348877,-0.6499999761581421
0,2533,2.2786977291107178,-0.25
0,2534,1.7167683839797974,-0.8899999856948853
0,2535,2.1690075397491455,0.23000000417232513
0,2536,2.2760701179504395,0.05000000074505806
0,2537,1.7160009145736694,-0.15000000596046448
0,2538,0.26816362142562866,0.4000000059604645
0,2539,1.059661865234375,0.8999999761581421
0,2540,0.045783013105392456,-0.07000000029802322
0,2541,0.16170360147953033,-0.10000000149011612
0,2542,-0.9823582172393799,-1.8300000429153442
0,2543,0.8663721084594727,-1.4199999570846558
0,2544,0.8991847038269043,-0.8100000023841858
0,2545,-0.28836628794670105,-0.23999999463558197
0,2546,-0.03341406583786011,-0.30000001192092896
0,2547,-0.10175862908363342,-0.8899999856948853
0,2548,1.1361799240112305,-0.03999999910593033
0,2549,3.276265859603882,2.9800000190734863
0,2550,0.9353911876678467,-0.6399999856948853
0,2551,-0.24635925889015198,-1.7000000476837158
0,2552,0.9865663051605225,-0.9700000286102295
0,2553,0.20074725151062012,-0.8299999833106995
0,2554,0.1719757318496704,-0.5099999904632568
0,2555,0.7125546932220459,0.5299999713897705
0,2556,0.3942372798919678,-0.12999999523162842
0,2557,0.06691601127386093,-0.2199999988079071
0,2558,-0.21529510617256165,-0.0
0,2559,-0.1262507140636444,-0.33000001311302185
0,2560,1.332633376121521,-0.5699999928474426
0,2561,0.5915732383728027,-0.8100000023841858
0,2562,0.7906416654586792,-1.4199999570846558
0,2563,1.1185755729675293,-1.0700000524520874
0,2564,0.6710315346717834,-1.3799999952316284
0,2565,0.7586970329284668,-1.0199999809265137
0,2566,1.048557996749878,-0.7900000214576721
0,2567,1.1080726385116577,-0.7400000095367432
0,2568,1.2574814558029175,-0.8299999833106995
0,2569,0.15261587500572205,-0.800000011920929
0,2570,1.8302760124206543,1.899999976158142
0,2571,1.4330006837844849,1.5
0,2572,0.5035319328308105,0.5
0,2573,1.1984974145889282,2.700000047683716
0,2574,1.2967013120651245,3.5999999046325684
0,2575,-0.07633450627326965,-1.899999976158142
0,2576,0.19875924289226532,-1.2999999523162842
0,2577,0.5574030876159668,-0.5
0,2578,1.6282422542572021,1.7999999523162842
0,2579,1.2740678787231445,1.2000000476837158
0,2580,1.005778431892395,1.7999999523162842
0,2581,0.815862774848938,0.800000011920929
0,2582,0.8976402282714844,2.299999952316284
0,2583,0.41822105646133423,-0.3100000023841858
0,2584,0.9198981523513794,3.5
0,2585,0.7813431024551392,3.0299999713897705
0,2586,-0.04024088382720947,-4.199999809265137
0,2587,0.5831491947174072,-3.369999885559082
0,2588,0.938368558883667,1.0299999713897705
0,2589,0.15077680349349976,0.7200000286102295
0,2590,2.9728035926818848,1.9500000476837158
0,2591,2.848801374435425,2.0
0,2592,0.32323282957077026,-0.10000000149011612
0,2593,1.2657935619354248,3.1500000953674316
0,2594,1.1523957252502441,2.049999952316284
0,2595,0.47957465052604675,-0.9599999785423279
0,2596,0.9278186559677124,-0.0
0,2597,1.4266091585159302,-0.0
0,2598,0.5969228148460388,0.23999999463558197
0,2599,-0.06763261556625366,0.3100000023841858
0,2600,1.0314130783081055,1.399999976158142
0,2601,0.003384798765182495,0.14000000059604645
0,2602,-0.028808102011680603,-0.10999999940395355
0,2603,2.28837513923645,1.100000023841858
0,2604,0.16193810105323792,-0.6899999976158142
0,2605,0.13296252489089966,2.1500000953674316
0,2606,-0.15477034449577332,-0.17000000178813934
0,2607,1.4413243532180786,-0.3799999952316284
0,2608,1.5236914157867432,4.309999942779541
0,2609,2.2804369926452637,2.299999952316284
0,2610,0.5524121522903442,1.059999942779541
0,2611,0.27187445759773254,1.8799999952316284
0,2612,-0.03230328857898712,1.1200000047683716
0,2613,0.3743468225002289,0.8399999737739563
0,2614,0.40898388624191284,2.559999942779541
0,2615,0.7728339433670044,2.4600000381469727
0,2616,0.3022972345352173,1.1299999952316284
0,2617,-0.029750123620033264,2.190000057220459
0,2618,-0.5813366174697876,1.6200000047683716
0,2619,0.40612277388572693,-0.20999999344348907
0,2620,0.09980745613574982,-0.6899999976158142
0,2621,0.06951311975717545,-0.3700000047683716
0,2622,0.8444156646728516,0.10999999940395355
0,2623,0.18366044759750366,0.5
0,2624,0.6088230609893799,-0.23000000417232513
0,2625,0.04623210430145264,0.1599999964237213
0,2626,0.2371065765619278,0.3499999940395355
0,2627,1.332666039466858,1.1299999952316284
0,2628,0.341612845659256,1.0099999904632568
0,2629,0.1428643763065338,-0.07999999821186066
0,2630,0.6075707674026489,0.9300000071525574
0,2631,2.5439350605010986,3.4600000381469727
0,2632,1.2393417358398438,3.4200000762939453
0,2633,1.5610682964324951,2.7799999713897705
0,2634,1.7966117858886719,4.960000038146973
0,2635,0.2126101851463318,0.4399999976158142
0,2636,0.9896960258483887,1.1699999570846558
0,2637,0.9537577629089355,2.859999895095825
0,2638,0.08544276654720306,-0.20000000298023224
0,2639,-0.05765652656555176,-1.399999976158142
0,2640,0.2090238630771637,-1.100000023841858
0,2641,-0.10049724578857422,-1.350000023841858
0,2642,0.6307523250579834,-0.20000000298023224
0,2643,0.27266451716423035,-0.949999988079071
0,2644,0.6072560548782349,-0.550000011920929
0,2645,0.47658589482307434,-0.699999988079071
0,2646,0.6661508083343506,-0.44999998807907104
0,2647,0.7823017835617065,0.05000000074505806
