protein_idx,mut_index,pred,true
0,0,3.4575982093811035,1.5750000476837158
0,1,4.630860805511475,1.7000000476837158
0,2,0.944798469543457,1.6333333253860474
0,3,-0.4854048788547516,1.0099999904632568
0,4,3.9297313690185547,1.0
0,5,0.7092249393463135,0.0
0,6,3.868745803833008,2.869999885559082
0,7,3.652147054672241,3.680000066757202
0,8,2.335705041885376,2.9000000953674316
0,9,1.5085198879241943,2.2925000190734863
0,10,-0.5021216869354248,0.27000001072883606
0,11,0.3881800174713135,-1.600000023841858
0,12,1.682334542274475,1.399999976158142
0,13,0.7646024227142334,1.5
0,14,0.712883472442627,1.2999999523162842
0,15,0.4913327693939209,-0.800000011920929
0,16,0.26984983682632446,-0.30000001192092896
0,17,1.272443175315857,-1.2999999523162842
0,18,-0.4999926686286926,-1.149999976158142
0,19,3.464362382888794,1.5
0,20,1.7056872844696045,-1.2333333492279053
0,21,-0.20014119148254395,1.0499999523162842
0,22,-0.33958834409713745,1.590000033378601
0,23,0.5320743918418884,-1.2999999523162842
0,24,2.280216693878174,0.15000000596046448
0,25,1.3803131580352783,0.15000000596046448
0,26,3.6972320079803467,1.0
0,27,5.220859527587891,2.0
0,28,3.0540990829467773,1.7999999523162842
0,29,0.34347468614578247,-0.1850000023841858
0,30,0.23222169280052185,-0.3100000023841858
0,31,0.16255462169647217,0.4300000071525574
0,32,0.7207188010215759,0.3700000047683716
0,33,0.13412243127822876,0.8199999928474426
0,34,0.7426770329475403,0.4699999988079071
0,35,0.3730210065841675,0.4050000011920929
0,36,4.233048439025879,1.0774999856948853
0,37,3.76326060295105,0.5274999737739563
0,38,3.5399203300476074,-0.054999999701976776
0,39,3.3669307231903076,-0.25
0,40,2.1548755168914795,-0.14499999582767487
0,41,3.701629638671875,-0.24500000476837158
0,42,3.243349075317383,0.35499998927116394
0,43,3.4477171897888184,0.3499999940395355
0,44,-0.5105052590370178,0.8866666555404663
0,45,0.7871158123016357,1.2000000476837158
0,46,3.149036407470703,-0.550000011920929
0,47,0.16491973400115967,0.10000000149011612
0,48,1.9148871898651123,-0.20000000298023224
0,49,2.3095345497131348,1.600000023841858
0,50,3.4357213973999023,1.7999999523162842
0,51,3.6667733192443848,1.100000023841858
0,52,3.5956664085388184,0.44999998807907104
0,53,2.3133034706115723,1.149999976158142
0,54,1.2765858173370361,-0.3499999940395355
0,55,1.4202557802200317,1.2999999523162842
0,56,3.6834158897399902,-1.100000023841858
0,57,2.596992254257202,2.1649999618530273
0,58,3.2542054653167725,2.6449999809265137
0,59,1.0706028938293457,2.5899999141693115
0,60,1.778982162475586,1.965000033378601
0,61,2.2102105617523193,2.309999942779541
0,62,1.0119292736053467,2.2950000762939453
0,63,2.434937000274658,2.5199999809265137
0,64,0.3748586177825928,1.9800000190734863
0,65,2.7028071880340576,2.075000047683716
0,66,4.920724391937256,3.0350000858306885
0,67,-0.10699057579040527,0.675000011920929
0,68,1.5105793476104736,1.0750000476837158
0,69,2.522385358810425,1.649999976158142
0,70,5.552590847015381,1.9850000143051147
0,71,5.037456512451172,1.559999942779541
0,72,4.615459442138672,2.259999990463257
0,73,-1.1905601024627686,0.10999999940395355
0,74,0.24336734414100647,1.7450000047683716
0,75,1.6937283277511597,2.4600000381469727
0,76,-0.6243264675140381,1.274999976158142
0,77,0.3046235144138336,0.10499999672174454
0,78,0.9543998837471008,1.909999966621399
0,79,0.32408407330513,0.014999999664723873
0,80,0.1872875988483429,0.1850000023841858
0,81,3.4253768920898438,1.340000033378601
0,82,0.5409612655639648,0.6100000143051147
0,83,0.4891011714935303,1.590000033378601
0,84,0.20788070559501648,0.20999999344348907
0,85,0.4718717634677887,-0.3100000023841858
0,86,-2.0019164085388184,1.2000000476837158
0,87,-0.11637979745864868,0.4350000023841858
0,88,-0.1055653989315033,0.5600000023841858
0,89,-0.7596017122268677,0.33000001311302185
0,90,-0.05421191453933716,0.8949999809265137
0,91,-0.9469425678253174,0.25999999046325684
0,92,-0.5876697897911072,0.7250000238418579
0,93,-0.08553418517112732,0.45500001311302185
0,94,-0.42216119170188904,0.3149999976158142
0,95,4.41872501373291,3.6500000953674316
0,96,3.4198594093322754,2.930000066757202
0,97,3.4631452560424805,3.0250000953674316
0,98,3.423823833465576,3.430000066757202
0,99,3.3554482460021973,2.940000057220459
0,100,3.3509247303009033,3.515000104904175
0,101,0.4086952209472656,0.2933333218097687
0,102,2.288821220397949,3.755000114440918
0,103,2.1604974269866943,3.2699999809265137
0,104,0.6393464803695679,0.6000000238418579
0,105,1.548612117767334,0.4000000059604645
0,106,1.4351141452789307,1.0
0,107,0.45615673065185547,0.6000000238418579
0,108,0.8429844379425049,0.699999988079071
0,109,0.4640219211578369,0.20000000298023224
0,110,1.7636158466339111,1.0
0,111,3.4575982093811035,1.090000033378601
0,112,4.630860805511475,2.2200000286102295
0,113,0.9447982311248779,1.4199999570846558
0,114,-0.4854047894477844,0.18000000715255737
0,115,3.929731607437134,1.0
0,116,0.7092249393463135,0.0
0,117,3.652146816253662,1.9800000190734863
0,118,2.335705041885376,0.7200000286102295
0,119,1.508520245552063,1.559999942779541
0,120,-0.5021216869354248,0.27000001072883606
0,121,0.3881800174713135,-1.600000023841858
0,122,1.682334542274475,1.7000000476837158
0,123,0.7646026611328125,1.7100000381469727
0,124,0.712883710861206,1.2599999904632568
0,125,0.4913327693939209,-0.11999999731779099
1,0,-0.12539887428283691,-0.23999999463558197
1,1,-0.8025218844413757,-0.10999999940395355
1,2,-0.5884488821029663,0.12999999523162842
1,3,-0.45411109924316406,0.699999988079071
1,4,-0.7409881949424744,0.3799999952316284
1,5,-0.21675626933574677,0.1899999976158142
1,6,-1.3215599060058594,-0.30000001192092896
1,7,1.4084300994873047,4.78000020980835
1,8,2.9152426719665527,3.5
1,9,3.1473336219787598,2.9800000190734863
1,10,-0.20391705632209778,0.4300000071525574
1,11,-0.015275508165359497,-0.2199999988079071
1,12,-0.7894006371498108,0.07999999821186066
1,13,3.061302900314331,4.489999771118164
1,14,1.9365999698638916,3.880000114440918
1,15,0.24794901907444,1.2699999809265137
1,16,-0.5811137557029724,0.4300000071525574
1,17,0.541483998298645,2.9100000858306885
1,18,0.12335377931594849,0.2199999988079071
1,19,2.362466335296631,0.7300000190734863
1,20,1.5700955390930176,3.3433332443237305
1,21,-0.1910272240638733,-0.1599999964237213
1,22,2.880117416381836,4.119999885559082
1,23,-0.5467808246612549,-0.3499999940395355
1,24,0.24807417392730713,-0.49000000953674316
1,25,-0.027051594108343124,0.10000000149011612
1,26,0.5860772728919983,3.9800000190734863
1,27,0.18146198987960815,-0.05000000074505806
1,28,2.334751844406128,3.190000057220459
1,29,-0.0876460075378418,-0.27000001072883606
1,30,-0.25283557176589966,3.180000066757202
1,31,-1.6293714046478271,-1.4900000095367432
1,32,0.8022050261497498,3.1033332347869873
1,33,1.4913630485534668,1.2100000381469727
1,34,0.0351564958691597,1.9366666078567505
1,35,-0.31319543719291687,1.8899999856948853
1,36,0.36429810523986816,3.2899999618530273
1,37,-0.5165444612503052,0.3199999928474426
1,38,1.141103982925415,-0.9200000166893005
1,39,1.9861767292022705,4.539999961853027
1,40,1.7293707132339478,4.099999904632568
1,41,1.5313503742218018,-0.4000000059604645
1,42,1.100651502609253,0.30000001192092896
1,43,-0.6669242978096008,2.299999952316284
1,44,0.5472906231880188,-1.7000000476837158
1,45,1.8070358037948608,1.25
1,46,-0.03611534833908081,0.6499999761581421
1,47,-0.6717715859413147,2.3499999046325684
2,0,-0.35431939363479614,-0.18000000715255737
2,1,-0.4678010940551758,-0.5199999809265137
2,2,-0.8906724452972412,-0.03999999910593033
2,3,-0.09449571371078491,-0.9599999785423279
2,4,0.031881093978881836,-0.3400000035762787
2,5,1.1032096147537231,-0.10999999940395355
2,6,1.1135821342468262,-0.23000000417232513
2,7,0.06919535994529724,0.4099999964237213
2,8,0.5904415845870972,-0.25
2,9,0.40015217661857605,-1.4333332777023315
2,10,-0.17218096554279327,-1.8133333921432495
2,11,-0.025147244334220886,-0.1599999964237213
2,12,-0.9482079744338989,-1.0499999523162842
2,13,-0.8297632932662964,-0.550000011920929
2,14,1.2323182821273804,0.09000000357627869
2,15,-0.3266031742095947,-0.36000001430511475
2,16,-0.7697567939758301,1.1749999523162842
2,17,-0.35431933403015137,-0.18000000715255737
2,18,-0.4678010046482086,-0.5199999809265137
2,19,-0.8906726837158203,-0.03999999910593033
2,20,-0.09449565410614014,-0.9599999785423279
2,21,0.03188115358352661,-0.3400000035762787
2,22,1.1032099723815918,-0.10999999940395355
2,23,1.1135820150375366,-0.23000000417232513
2,24,0.06919541954994202,0.4099999964237213
2,25,0.5904415249824524,-0.25
2,26,0.40015217661857605,-0.6399999856948853
2,27,-0.17218095064163208,-1.159999966621399
2,28,-0.025147203356027603,-0.1599999964237213
2,29,-0.9482079148292542,-1.0499999523162842
2,30,-0.8297631740570068,-0.550000011920929
2,31,1.2323181629180908,0.09000000357627869
2,32,-0.32660314440727234,-0.36000001430511475
3,0,0.5085061192512512,1.4333332777023315
3,1,-1.2190742492675781,1.899999976158142
3,2,0.39810481667518616,2.6500000953674316
3,3,1.548241138458252,3.1500000953674316
3,4,-0.411094069480896,1.7999999523162842
3,5,0.614051103591919,1.6333333253860474
3,6,-0.5892247557640076,-1.1333333253860474
3,7,-0.7950620651245117,0.800000011920929
3,8,-0.860467255115509,0.4000000059604645
3,9,0.43107789754867554,2.5999999046325684
3,10,0.3733052611351013,2.25
3,11,0.23220396041870117,-0.26499998569488525
3,12,-0.22108197212219238,2.259999990463257
3,13,1.6044154167175293,4.25
3,14,3.071777105331421,4.5
4,0,-0.08387696743011475,0.7925000190734863
4,1,-0.20874428749084473,1.25
4,2,-1.3877978324890137,1.7833333015441895
4,3,0.9255298972129822,1.090000033378601
4,4,0.5110597014427185,2.2183332443237305
4,5,-1.7033907175064087,0.8224999904632568
4,6,1.8754632472991943,2.3450000286102295
4,7,1.7544541358947754,3.450000047683716
4,8,-1.8465713262557983,-0.12714286148548126
4,9,0.08601605892181396,3.377500057220459
4,10,2.308551788330078,4.488571643829346
4,11,0.15312495827674866,1.690000057220459
4,12,-1.305868148803711,0.03500000014901161
4,13,-0.02553240768611431,2.115000009536743
4,14,0.38572728633880615,2.25
4,15,0.13770794868469238,-0.0949999988079071
4,16,0.5765424966812134,1.006666660308838
4,17,2.638700485229492,3.5999999046325684
4,18,1.4961854219436646,1.375
4,19,1.2803007364273071,1.9633333683013916
4,20,1.0048470497131348,0.38999998569488525
4,21,1.3501195907592773,1.9140000343322754
4,22,0.48476922512054443,0.17000000178813934
4,23,-0.34151896834373474,-0.13333334028720856
4,24,0.6181932687759399,1.350000023841858
4,25,-0.09263846278190613,1.4175000190734863
4,26,-0.08018182963132858,1.125
4,27,-0.04180407524108887,2.5399999618530273
4,28,0.12426728755235672,1.5800000429153442
4,29,0.4984305500984192,2.306666612625122
4,30,0.4475538730621338,1.7999999523162842
4,31,1.9313682317733765,4.699999809265137
4,32,0.2716202735900879,3.0425000190734863
4,33,0.004923790693283081,2.367500066757202
4,34,0.15058793127536774,0.4333333373069763
4,35,0.8688997030258179,1.2999999523162842
4,36,0.4358345568180084,0.8999999761581421
4,37,1.8267093896865845,1.7999999523162842
4,38,-0.009326815605163574,-0.4000000059604645
4,39,-0.21411895751953125,0.32600000500679016
4,40,0.40180325508117676,0.8733333349227905
4,41,2.085257053375244,1.7999999523162842
4,42,1.2075681686401367,1.5533332824707031
4,43,0.10559976100921631,1.337499976158142
4,44,0.32234442234039307,1.8733333349227905
4,45,0.7172093391418457,1.3660000562667847
4,46,2.9910776615142822,4.159999847412109
4,47,2.337785243988037,0.30000001192092896
4,48,4.152412414550781,2.5
4,49,-0.7165266275405884,1.7999999523162842
4,50,0.8197275400161743,3.0
4,51,0.359576940536499,0.9259999990463257
4,52,1.167548656463623,3.3214285373687744
4,53,2.6068639755249023,2.863333225250244
4,54,0.1440659761428833,0.1599999964237213
4,55,1.3462023735046387,2.183333396911621
4,56,1.0174968242645264,0.7799999713897705
4,57,3.0362608432769775,1.725000023841858
4,58,-0.48256921768188477,0.3149999976158142
4,59,-0.6543927788734436,0.15000000596046448
4,60,-0.5489743947982788,0.15000000596046448
4,61,-0.4486114978790283,0.20000000298023224
4,62,-0.2552369236946106,0.20000000298023224
4,63,0.22402513027191162,0.30000001192092896
4,64,-0.3441528081893921,0.4000000059604645
4,65,0.1016375795006752,0.30000001192092896
4,66,-0.029933258891105652,0.5
4,67,0.13475291430950165,0.5666666626930237
4,68,0.45745375752449036,0.5666666626930237
4,69,-0.08745456486940384,0.75
4,70,0.2932577133178711,0.6499999761581421
4,71,0.18316617608070374,0.75
4,72,0.21775129437446594,0.75
4,73,0.49213936924934387,0.6000000238418579
4,74,0.7391186952590942,0.8274999856948853
4,75,0.04289092868566513,1.0499999523162842
4,76,-0.5991479158401489,1.4333332777023315
4,77,2.311465263366699,4.099999904632568
4,78,-0.8539630770683289,-0.5
4,79,-0.8911774158477783,-0.6399999856948853
4,80,-0.1542215645313263,-0.4449999928474426
4,81,1.5935935974121094,0.23999999463558197
4,82,-0.3239699900150299,-0.15000000596046448
4,83,-0.20700404047966003,0.11500000208616257
4,84,0.06589874625205994,2.4000000953674316
4,85,-0.6767504215240479,-1.2000000476837158
4,86,0.6333963871002197,1.097499966621399
4,87,-0.25531530380249023,-0.5333333611488342
4,88,0.12943187355995178,0.1733333319425583
4,89,0.21905919909477234,-0.20000000298023224
4,90,-1.042333722114563,-0.7333333492279053
4,91,-1.1447889804840088,-0.20000000298023224
4,92,-0.14583909511566162,-0.25
4,93,0.38491177558898926,0.11999999731779099
4,94,0.41674304008483887,0.1666666716337204
4,95,-0.3836577832698822,-0.8500000238418579
4,96,1.7198841571807861,3.193333387374878
4,97,0.015883326530456543,1.15666663646698
4,98,-0.7852014899253845,0.8233333230018616
4,99,0.1897341012954712,0.8966666460037231
4,100,-0.8103720545768738,0.7833333611488342
4,101,0.8078131079673767,1.4866666793823242
4,102,-0.6812025904655457,0.38999998569488525
4,103,-1.0330549478530884,4.432499885559082
4,104,-0.4114948511123657,2.2899999618530273
4,105,-1.286572813987732,0.7950000166893005
4,106,0.9398415088653564,2.0
4,107,0.7485430836677551,2.193333387374878
4,108,-0.30545663833618164,1.7400000095367432
4,109,0.18121492862701416,2.386666774749756
4,110,0.9031169414520264,1.090000033378601
4,111,1.1086437702178955,0.03999999910593033
4,112,0.10420504212379456,0.44999998807907104
4,113,-0.5148107409477234,-0.503333330154419
4,114,-0.21919548511505127,1.3033332824707031
4,115,0.5810041427612305,1.2300000190734863
4,116,1.0865821838378906,1.0399999618530273
4,117,2.160550355911255,2.9066667556762695
4,118,2.125568389892578,3.0333333015441895
4,119,1.2711436748504639,2.7249999046325684
4,120,1.5265368223190308,3.2966666221618652
4,121,1.635685682296753,2.700000047683716
4,122,1.967153787612915,2.9066667556762695
4,123,2.294125556945801,2.6066665649414062
4,124,2.759458541870117,3.2899999618530273
4,125,-0.7128477096557617,4.199999809265137
4,126,-0.023287653923034668,0.2199999988079071
4,127,0.16965898871421814,1.2699999809265137
4,128,-0.11787199974060059,-0.10999999940395355
4,129,0.7328314185142517,1.8700000047683716
4,130,0.2756553292274475,0.27000001072883606
4,131,0.09529852867126465,0.5600000023841858
4,132,1.610007643699646,2.309999942779541
4,133,0.8101999759674072,1.2899999618530273
4,134,1.5597293376922607,1.7200000286102295
4,135,1.745849370956421,0.05000000074505806
4,136,0.7801213264465332,1.5133333206176758
4,137,0.18066853284835815,1.100000023841858
4,138,0.07156282663345337,0.800000011920929
4,139,0.8339846134185791,1.100000023841858
4,140,0.11753958463668823,0.503333330154419
4,141,0.03905855119228363,0.4333333373069763
4,142,-0.10661667585372925,2.0999999046325684
4,143,0.7651393413543701,2.700000047683716
4,144,0.5674536228179932,2.200000047683716
4,145,0.17637529969215393,2.759999990463257
4,146,0.8760175704956055,4.054999828338623
4,147,-0.015916600823402405,3.1649999618530273
4,148,-0.35579484701156616,2.119999885559082
4,149,0.06107938289642334,4.264999866485596
4,150,0.6198806762695312,2.049999952316284
4,151,-0.08905863761901855,4.900000095367432
4,152,0.6756548285484314,2.0999999046325684
4,153,2.144399881362915,2.6449999809265137
4,154,-0.06907257437705994,0.1850000023841858
4,155,2.619436740875244,3.4000000953674316
4,156,2.2453572750091553,5.300000190734863
4,157,3.006249189376831,7.800000190734863
4,158,2.3304224014282227,8.399999618530273
4,159,1.0328562259674072,6.400000095367432
4,160,1.4097386598587036,1.600000023841858
4,161,-0.029771775007247925,0.20000000298023224
4,162,1.1479600667953491,3.0999999046325684
4,163,4.0024495124816895,2.5
4,164,2.2878594398498535,5.400000095367432
4,165,4.359576225280762,7.400000095367432
4,166,4.533514976501465,7.0
4,167,1.8878366947174072,4.699999809265137
4,168,2.1429457664489746,5.699999809265137
4,169,4.659493446350098,6.599999904632568
4,170,1.3289048671722412,2.799999952316284
4,171,1.3694194555282593,4.300000190734863
4,172,-0.7575876712799072,-0.800000011920929
4,173,1.6999751329421997,3.049999952316284
4,174,0.8166017532348633,0.5
4,175,-0.012394510209560394,-0.30000001192092896
5,0,1.1417806148529053,4.599999904632568
5,1,1.6120717525482178,1.2000000476837158
5,2,-1.2861989736557007,-1.100000023841858
5,3,-0.0635840892791748,0.800000011920929
5,4,1.52608323097229,-2.4000000953674316
5,5,-0.33898311853408813,-0.5299999713897705
5,6,-0.3539597690105438,-2.059999942779541
5,7,-0.7401313781738281,0.5299999713897705
5,8,1.479622483253479,0.8600000143051147
5,9,3.0149738788604736,6.670000076293945
5,10,0.9364013671875,4.539999961853027
5,11,-0.7082669734954834,-1.4049999713897705
5,12,-0.3165231943130493,-0.925000011920929
5,13,3.4880151748657227,2.490000009536743
5,14,4.295982837677002,2.319999933242798
5,15,0.6894828081130981,-0.5149999856948853
5,16,0.5567766427993774,-1.0549999475479126
5,17,1.193800449371338,0.6700000166893005
5,18,0.797649621963501,-0.24500000476837158
5,19,-0.9182521104812622,-0.6166666746139526
5,20,1.9480125904083252,1.5449999570846558
5,21,0.10299758613109589,1.15666663646698
5,22,1.9971493482589722,2.6449999809265137
5,23,1.4089428186416626,0.28999999165534973
5,24,-0.06392994523048401,-0.9750000238418579
5,25,2.011460065841675,0.5600000023841858
5,26,1.7061998844146729,0.33000001311302185
5,27,2.7685067653656006,0.8600000143051147
5,28,0.23575079441070557,0.574999988079071
5,29,0.059517331421375275,-0.5199999809265137
5,30,0.39412420988082886,0.38999998569488525
5,31,1.0380579233169556,0.9325000047683716
5,32,1.0648460388183594,1.0575000047683716
5,33,0.5385606288909912,0.48249998688697815
5,34,0.5696683526039124,0.949999988079071
5,35,1.3542808294296265,1.3700000047683716
5,36,1.2817378044128418,0.39750000834465027
5,37,2.198716402053833,0.7879999876022339
5,38,2.76448917388916,0.9424999952316284
5,39,1.3707677125930786,0.6259999871253967
5,40,0.7523212432861328,-0.4399999976158142
5,41,1.653663158416748,1.5379999876022339
5,42,2.557901620864868,1.1039999723434448
5,43,0.6384629011154175,0.871999979019165
5,44,1.4461469650268555,0.0
5,45,0.13281673192977905,0.5
5,46,0.11280059814453125,0.1899999976158142
5,47,0.21078717708587646,-0.4566666781902313
5,48,0.5073363780975342,0.9599999785423279
5,49,0.2480207085609436,0.23999999463558197
5,50,0.3314868211746216,0.23000000417232513
5,51,2.0808467864990234,1.6200000047683716
5,52,3.402677297592163,3.236666679382324
5,53,4.027461051940918,1.2259999513626099
5,54,2.1457998752593994,2.200000047683716
5,55,1.4004452228546143,0.8650000095367432
5,56,4.560180187225342,3.2833333015441895
5,57,1.3161349296569824,0.6000000238418579
5,58,-0.8767505884170532,0.6150000095367432
5,59,1.2654812335968018,0.1899999976158142
5,60,1.4100208282470703,-0.5600000023841858
5,61,-1.3906161785125732,2.0250000953674316
5,62,-0.0905909538269043,0.25
5,63,1.1926493644714355,1.6349999904632568
5,64,2.1322669982910156,3.7950000762939453
5,65,1.5064195394515991,1.0449999570846558
5,66,2.3085594177246094,0.7549999952316284
5,67,4.569096565246582,2.7950000762939453
5,68,3.4510395526885986,1.6100000143051147
5,69,3.0706212520599365,3.490000009536743
5,70,-0.8990880250930786,0.7599999904632568
5,71,-0.12770798802375793,1.4500000476837158
5,72,1.7470088005065918,1.7949999570846558
5,73,-0.3857153058052063,-0.75
5,74,-0.11303138732910156,0.15000000596046448
5,75,0.19953519105911255,0.2549999952316284
5,76,-0.4833718538284302,0.8299999833106995
5,77,1.9811038970947266,0.2199999988079071
5,78,-0.3514271378517151,-1.1749999523162842
5,79,-0.009063899517059326,-0.29499998688697815
5,80,0.3652835190296173,-0.550000011920929
5,81,0.35833561420440674,0.14499999582767487
5,82,1.2604973316192627,-1.340000033378601
5,83,-0.30418702960014343,-0.8299999833106995
5,84,-0.2137661874294281,-0.07000000029802322
5,85,-0.07483300566673279,-0.41499999165534973
5,86,-0.15539199113845825,0.6833333373069763
5,87,0.04566466808319092,1.2899999618530273
5,88,0.712076723575592,1.7000000476837158
5,89,0.0020483732223510742,1.7000000476837158
5,90,-0.23304948210716248,-0.07000000029802322
5,91,1.0138195753097534,-0.05000000074505806
5,92,0.6353927850723267,1.0
5,93,4.0822930335998535,2.9649999141693115
5,94,2.1614010334014893,0.10999999940395355
5,95,2.3730111122131348,0.5149999856948853
5,96,1.7615690231323242,-1.5049999952316284
5,97,2.6736347675323486,0.7350000143051147
5,98,2.6577789783477783,1.0
5,99,2.5963659286499023,0.699999988079071
5,100,1.0408053398132324,0.5450000166893005
5,101,1.0796784162521362,1.1050000190734863
5,102,-0.4212040305137634,0.9800000190734863
5,103,1.3340106010437012,1.1150000095367432
5,104,1.061386227607727,1.0700000524520874
5,105,1.0532474517822266,0.49000000953674316
5,106,0.43786656856536865,0.6700000166893005
5,107,1.824076771736145,0.7149999737739563
5,108,1.4278823137283325,0.7649999856948853
5,109,0.911008358001709,0.7350000143051147
5,110,-0.21008728444576263,0.4699999988079071
5,111,0.18770115077495575,-1.3849999904632568
5,112,0.4188733994960785,-0.2849999964237213
5,113,0.8626291751861572,-1.2400000095367432
5,114,0.280681848526001,-0.3499999940395355
5,115,-0.6112209558486938,0.0
5,116,-1.905133843421936,-0.10000000149011612
5,117,1.1805837154388428,0.5
5,118,1.6020288467407227,0.5
5,119,2.9017605781555176,1.2000000476837158
5,120,1.1750953197479248,1.0
5,121,1.6496363878250122,-0.20000000298023224
5,122,-1.3136382102966309,0.30000001192092896
5,123,1.5574067831039429,0.0
5,124,2.492852210998535,0.10000000149011612
5,125,1.4854942560195923,0.5
5,126,0.1650000810623169,0.5
5,127,0.040908314287662506,-0.800000011920929
5,128,0.019009530544281006,0.4000000059604645
5,129,1.6518075466156006,3.700000047683716
5,130,1.2947839498519897,2.799999952316284
5,131,2.111506938934326,2.5
5,132,-0.10304996371269226,-1.0
6,0,1.6101244688034058,2.4000000953674316
6,1,-0.31231608986854553,0.10000000149011612
6,2,0.9702713489532471,0.8399999737739563
6,3,0.010504752397537231,-0.47999998927116394
6,4,-0.617790699005127,-1.7699999809265137
6,5,0.3591914772987366,0.6100000143051147
6,6,3.2634525299072266,4.960000038146973
6,7,0.6618016958236694,1.309999942779541
6,8,2.565023899078369,3.440000057220459
6,9,1.3439228534698486,2.0
6,10,1.8604505062103271,7.34499979019165
6,11,1.6625866889953613,1.4800000190734863
6,12,1.49130117893219,2.5833332538604736
6,13,0.12067043781280518,5.389999866485596
6,14,0.08300119638442993,-0.6200000047683716
6,15,1.890252709388733,0.6200000047683716
6,16,2.664125442504883,-1.9199999570846558
6,17,2.1237576007843018,-1.2699999809265137
6,18,1.265867829322815,1.1799999475479126
6,19,0.8543102741241455,0.8999999761581421
6,20,0.9267444610595703,0.8999999761581421
6,21,-0.003540337085723877,0.44999998807907104
6,22,-2.443263053894043,-0.7599999904632568
6,23,0.19635897874832153,1.059999942779541
6,24,-0.42968475818634033,0.15000000596046448
6,25,-0.1689024567604065,-0.1899999976158142
6,26,-0.04792749881744385,0.03999999910593033
6,27,0.028627008199691772,-0.23000000417232513
6,28,0.16581618785858154,0.3799999952316284
6,29,-0.11371557414531708,-0.44999998807907104
6,30,-0.856558620929718,0.03999999910593033
6,31,-0.46328794956207275,-0.3799999952316284
6,32,-0.9388866424560547,-0.6800000071525574
6,33,-0.05617045611143112,0.44999998807907104
6,34,0.43324124813079834,-1.2000000476837158
6,35,0.9286748170852661,-1.399999976158142
6,36,1.232623815536499,-1.7999999523162842
6,37,-0.09296351671218872,-0.8700000047683716
6,38,-0.5297895669937134,-0.7599999904632568
6,39,-0.5736887454986572,-0.7200000286102295
6,40,-0.04067843407392502,-0.27000001072883606
6,41,0.11072805523872375,-0.1899999976158142
6,42,-0.2231748104095459,-0.03999999910593033
6,43,0.044274598360061646,0.07999999821186066
6,44,0.081329345703125,-0.9900000095367432
6,45,-1.2606743574142456,0.07999999821186066
6,46,-1.9292073249816895,0.15000000596046448
6,47,0.6794567108154297,0.27000001072883606
6,48,0.06727981567382812,0.44999998807907104
6,49,0.9673506021499634,0.9100000262260437
6,50,1.2407408952713013,2.200000047683716
6,51,1.363684058189392,2.2699999809265137
6,52,1.6752793788909912,2.309999942779541
6,53,2.102942943572998,2.4600000381469727
6,54,-2.1069529056549072,3.069999933242798
6,55,3.3621885776519775,4.400000095367432
6,56,0.3805394768714905,1.2400000095367432
6,57,-0.6390561461448669,-0.6100000143051147
6,58,1.0941851139068604,1.1299999952316284
6,59,-0.8744646310806274,0.38499999046325684
6,60,0.29125845432281494,-0.2800000011920929
6,61,0.029518887400627136,0.0
7,0,0.2206762731075287,1.0
7,1,0.6433554887771606,1.0499999523162842
7,2,0.5959986448287964,1.149999976158142
7,3,0.6463853120803833,1.4299999475479126
8,0,2.0819764137268066,4.300000190734863
8,1,2.0845513343811035,4.099999904632568
8,2,0.14230221509933472,1.2999999523162842
8,3,0.272538423538208,1.399999976158142
8,4,0.19095876812934875,1.7000000476837158
8,5,-0.18860343098640442,1.2999999523162842
8,6,2.7965102195739746,2.4000000953674316
8,7,1.9707069396972656,2.0
8,8,1.7241179943084717,1.850000023841858
8,9,1.9210023880004883,3.799999952316284
8,10,0.21735858917236328,0.6000000238418579
8,11,1.797339677810669,5.0
8,12,1.5837740898132324,3.700000047683716
8,13,1.3768025636672974,3.700000047683716
8,14,-0.605010449886322,2.799999952316284
8,15,1.436144471168518,2.299999952316284
8,16,0.8008447885513306,1.7000000476837158
8,17,2.707892656326294,2.0
8,18,3.3051345348358154,5.949999809265137
8,19,0.4589029550552368,5.699999809265137
8,20,3.798649549484253,6.849999904632568
8,21,-0.37304461002349854,4.699999809265137
8,22,3.1000638008117676,3.9000000953674316
8,23,-0.4977269470691681,0.699999988079071
8,24,-0.5358574390411377,0.5
8,25,0.2643718719482422,1.2999999523162842
8,26,-1.0316057205200195,-0.20000000298023224
8,27,0.9282510280609131,3.0
8,28,-0.21021181344985962,0.6000000238418579
8,29,-1.584644079208374,1.5
8,30,0.4230717122554779,0.30000001192092896
8,31,1.2570878267288208,0.800000011920929
8,32,-0.7437200546264648,1.2000000476837158
8,33,1.491316795349121,1.7999999523162842
8,34,-0.8335983753204346,0.4000000059604645
8,35,-0.33730754256248474,0.30000001192092896
8,36,0.5318031311035156,1.5
8,37,1.4873119592666626,2.0999999046325684
8,38,2.507735252380371,1.7999999523162842
8,39,2.1504454612731934,2.200000047683716
8,40,1.0725696086883545,1.0
8,41,0.17475426197052002,1.0
8,42,-0.6332577466964722,0.10000000149011612
8,43,-0.12431779503822327,1.2000000476837158
8,44,-0.46803000569343567,2.0999999046325684
8,45,-0.9921413660049438,0.4000000059604645
8,46,-0.6025344729423523,0.5
8,47,0.7152246832847595,3.299999952316284
8,48,-0.851982593536377,-0.10000000149011612
8,49,1.3921241760253906,1.600000023841858
8,50,-0.8170977234840393,0.20000000298023224
8,51,1.079474925994873,0.4000000059604645
8,52,0.7072046399116516,1.7000000476837158
8,53,-0.004790186882019043,0.10000000149011612
8,54,-1.1607680320739746,0.10000000149011612
8,55,-0.8599469065666199,0.20000000298023224
8,56,-0.677056074142456,0.20000000298023224
8,57,-0.04692578315734863,8.699999809265137
8,58,0.6685744524002075,6.099999904632568
8,59,2.1486854553222656,8.0
8,60,2.388990879058838,7.800000190734863
8,61,1.407724142074585,6.0
8,62,-0.3218071758747101,0.0
8,63,0.46099305152893066,0.0
8,64,-1.137402892112732,0.0
8,65,-0.6820908188819885,0.0
8,66,0.653296709060669,2.200000047683716
8,67,-0.22642174363136292,2.9000000953674316
8,68,2.4943134784698486,3.4000000953674316
9,0,1.6795034408569336,-1.1666666269302368
9,1,1.7703137397766113,-1.100000023841858
9,2,0.2437291443347931,0.550000011920929
9,3,0.6264200210571289,1.8666666746139526
9,4,0.8325763940811157,2.0
9,5,1.986406683921814,2.3499999046325684
9,6,2.336742877960205,3.75
9,7,2.9548866748809814,2.366666555404663
9,8,3.3101298809051514,4.550000190734863
9,9,3.751183032989502,3.5999999046325684
9,10,4.076015472412109,5.349999904632568
9,11,2.5840089321136475,1.6666666269302368
9,12,3.2858407497406006,3.8499999046325684
9,13,2.9575424194335938,1.600000023841858
9,14,3.6498193740844727,0.46666666865348816
9,15,2.752044916152954,2.5999999046325684
9,16,3.3943989276885986,3.200000047683716
9,17,3.886043071746826,4.599999904632568
9,18,4.869901657104492,6.599999904632568
9,19,3.4198076725006104,5.800000190734863
9,20,4.574078559875488,7.199999809265137
9,21,3.0053048133850098,4.849999904632568
9,22,3.960181713104248,7.0
9,23,1.9185762405395508,2.25
9,24,3.017540454864502,4.5
9,25,3.1413912773132324,2.299999952316284
9,26,4.0918779373168945,5.599999904632568
9,27,3.0973024368286133,2.200000047683716
9,28,4.259002208709717,4.650000095367432
9,29,0.8337492942810059,0.20000000298023224
9,30,1.210645079612732,0.30000001192092896
9,31,2.7594780921936035,2.066666603088379
9,32,3.767235279083252,4.449999809265137
9,33,2.9001855850219727,3.1500000953674316
9,34,3.2432823181152344,6.599999904632568
9,35,2.8168485164642334,3.299999952316284
9,36,3.83773136138916,5.0
9,37,2.839806318283081,2.8499999046325684
9,38,4.269979476928711,6.5
9,39,2.0910873413085938,4.425000190734863
9,40,3.0873682498931885,4.849999904632568
9,41,1.2463552951812744,0.10000000149011612
9,42,0.6876477003097534,0.8500000238418579
9,43,2.984678268432617,2.6500000953674316
9,44,4.025157928466797,3.3499999046325684
9,45,0.51445472240448,1.0499999523162842
9,46,2.61572265625,2.549999952316284
9,47,3.5517172813415527,2.549999952316284
9,48,0.5797562599182129,1.7999999523162842
9,49,3.2158589363098145,5.099999904632568
9,50,3.763960838317871,6.5
9,51,0.7782227993011475,0.44999998807907104
9,52,3.531370162963867,4.050000190734863
9,53,4.012574195861816,6.599999904632568
9,54,0.9691088199615479,1.4500000476837158
9,55,2.2874600887298584,3.4000000953674316
9,56,3.0291028022766113,4.300000190734863
9,57,0.917755663394928,1.5499999523162842
9,58,2.2468457221984863,2.200000047683716
9,59,1.85995614528656,1.75
9,60,3.007991075515747,2.450000047683716
9,61,2.4666619300842285,2.049999952316284
9,62,3.9861927032470703,4.650000095367432
9,63,1.9587233066558838,4.5
9,64,2.1673085689544678,4.449999809265137
9,65,3.7429287433624268,3.5250000953674316
9,66,3.8677549362182617,5.4666666984558105
9,67,2.5800750255584717,2.0999999046325684
9,68,1.5872952938079834,1.7999999523162842
9,69,0.9139202833175659,0.4000000059604645
9,70,0.14167723059654236,1.0499999523162842
9,71,3.7671263217926025,5.300000190734863
9,72,4.723695755004883,6.699999809265137
9,73,3.218417167663574,6.5
9,74,4.15154504776001,7.5
9,75,0.505155086517334,0.25
9,76,-0.19102951884269714,0.25
9,77,-0.5518757104873657,0.6499999761581421
9,78,3.786832094192505,3.75
9,79,4.906354904174805,6.199999809265137
9,80,2.6271657943725586,2.3499999046325684
9,81,3.2545244693756104,4.75
9,82,2.735774517059326,4.050000190734863
9,83,3.2597343921661377,4.699999809265137
9,84,1.4882164001464844,0.20000000298023224
9,85,4.700159072875977,5.199999809265137
9,86,3.3703317642211914,0.10000000149011612
9,87,2.7983200550079346,0.4000000059604645
9,88,2.0067360401153564,-0.75
9,89,2.0297372341156006,-0.4000000059604645
9,90,0.6060425043106079,-0.30000001192092896
9,91,1.2067067623138428,0.44999998807907104
9,92,3.1439030170440674,3.1500000953674316
9,93,2.359583854675293,2.0
9,94,2.628368854522705,3.8499999046325684
9,95,1.6166129112243652,2.700000047683716
9,96,1.9993468523025513,3.450000047683716
9,97,0.22612619400024414,2.875
9,98,-0.47515004873275757,1.2999999523162842
9,99,0.2376878261566162,1.850000023841858
9,100,1.0490655899047852,-0.30000001192092896
9,101,0.8981582522392273,-0.550000011920929
9,102,0.871004581451416,0.10000000149011612
9,103,1.3862844705581665,0.3499999940395355
9,104,0.0074378252029418945,0.15000000596046448
9,105,1.5133721828460693,1.5
9,106,0.17443692684173584,1.0499999523162842
9,107,1.888314962387085,0.949999988079071
9,108,1.6685965061187744,1.4249999523162842
9,109,2.9536280632019043,2.75
9,110,0.7982262372970581,2.200000047683716
9,111,2.5864362716674805,3.450000047683716
9,112,0.45186036825180054,1.649999976158142
9,113,2.850266456604004,2.799999952316284
9,114,0.27744510769844055,0.3499999940395355
9,115,2.1410484313964844,2.0999999046325684
9,116,-0.42917144298553467,2.299999952316284
9,117,2.0519754886627197,3.75
9,118,0.028111040592193604,0.699999988079071
9,119,1.5025451183319092,1.649999976158142
9,120,-1.192441701889038,-0.25
9,121,-1.5450928211212158,-0.25
9,122,1.186985969543457,1.399999976158142
9,123,0.6837884187698364,1.899999976158142
9,124,-1.2745862007141113,0.15000000596046448
9,125,-0.7850400805473328,0.75
9,126,-0.5776026844978333,0.25
9,127,1.0563944578170776,1.0666667222976685
9,128,-0.10353372246026993,0.8999999761581421
9,129,-1.834632396697998,1.3666666746139526
9,130,1.0157591104507446,-0.25
9,131,1.2274932861328125,-0.5
9,132,-1.045189380645752,-0.10000000149011612
9,133,-1.0248714685440063,-0.20000000298023224
9,134,0.018609315156936646,0.25
9,135,0.8899790048599243,0.15000000596046448
9,136,0.981745183467865,0.20000000298023224
9,137,1.0954246520996094,0.20000000298023224
9,138,0.727015495300293,0.4000000059604645
9,139,2.0859830379486084,1.5499999523162842
9,140,-0.39565497636795044,-0.15000000596046448
9,141,0.19762104749679565,0.44999998807907104
9,142,-0.4289619028568268,0.15000000596046448
9,143,-0.04546913877129555,0.550000011920929
9,144,0.26939576864242554,0.5
9,145,0.9502357244491577,1.2000000476837158
9,146,-0.22171857953071594,0.550000011920929
9,147,0.28805825114250183,1.100000023841858
9,148,0.14018109440803528,-0.15000000596046448
9,149,0.6481764912605286,0.3499999940395355
9,150,0.16712382435798645,0.15000000596046448
9,151,2.080308198928833,1.7999999523162842
9,152,1.2631338834762573,1.2999999523162842
9,153,2.5346362590789795,2.700000047683716
9,154,-0.09737253189086914,-0.699999988079071
9,155,0.4529589116573334,-1.0499999523162842
9,156,-1.5743283033370972,-0.20000000298023224
9,157,0.3995336890220642,0.699999988079071
9,158,0.3735436201095581,1.350000023841858
9,159,1.8595590591430664,3.25
9,160,-1.1125566959381104,-0.10000000149011612
9,161,0.7305264472961426,0.75
9,162,0.02543705701828003,0.800000011920929
9,163,-0.37086987495422363,0.03333333507180214
9,164,1.1470608711242676,0.44999998807907104
9,165,0.7780930995941162,0.800000011920929
9,166,1.6620240211486816,0.5
9,167,0.5002728700637817,0.30000001192092896
9,168,0.6474061608314514,3.0
9,169,1.233467936515808,4.150000095367432
9,170,-1.6826339960098267,-0.5
9,171,0.4854867458343506,0.5
9,172,2.5206193923950195,1.399999976158142
9,173,3.1475822925567627,2.25
9,174,0.27913933992385864,1.100000023841858
9,175,1.0418663024902344,2.1500000953674316
9,176,2.604341745376587,0.8500000238418579
9,177,2.6681623458862305,2.549999952316284
9,178,0.7811424136161804,1.350000023841858
9,179,2.3048031330108643,2.4000000953674316
9,180,1.3166141510009766,1.649999976158142
9,181,2.442782163619995,2.9000000953674316
9,182,0.9319642782211304,2.450000047683716
9,183,0.30318427085876465,1.0
9,184,1.509137511253357,0.25
9,185,1.1490297317504883,1.899999976158142
9,186,2.622130870819092,2.549999952316284
9,187,2.699340581893921,2.700000047683716
9,188,0.8234574794769287,1.4500000476837158
9,189,0.5954883098602295,2.799999952316284
9,190,0.17989420890808105,2.049999952316284
9,191,2.3784642219543457,2.549999952316284
9,192,1.3193615674972534,1.9500000476837158
9,193,0.05988311767578125,0.10000000149011612
9,194,1.7677974700927734,2.4000000953674316
9,195,0.9498845338821411,1.2999999523162842
9,196,2.043241024017334,1.350000023841858
9,197,0.5217382311820984,1.850000023841858
9,198,1.964391827583313,1.0
9,199,1.6982799768447876,2.950000047683716
9,200,-0.9257174730300903,1.350000023841858
9,201,1.2754712104797363,1.0499999523162842
9,202,0.556503176689148,1.149999976158142
9,203,2.1349973678588867,3.6500000953674316
9,204,3.287754774093628,4.75
9,205,1.0929296016693115,1.0
9,206,0.6771392226219177,0.4000000059604645
9,207,1.2998950481414795,1.600000023841858
9,208,2.4920079708099365,0.4000000059604645
9,209,2.495741605758667,-0.10000000149011612
9,210,1.3356794118881226,0.10000000149011612
9,211,1.3476381301879883,0.6000000238418579
9,212,0.5770014524459839,1.0
9,213,1.3330495357513428,-0.800000011920929
9,214,1.8513814210891724,0.20000000298023224
9,215,3.4859085083007812,2.25
9,216,2.8405144214630127,1.2999999523162842
9,217,3.675025224685669,3.049999952316284
9,218,2.5112297534942627,-0.25
9,219,3.0798122882843018,1.0499999523162842
9,220,3.3879268169403076,0.5
9,221,4.3664093017578125,1.649999976158142
9,222,0.7305979132652283,2.299999952316284
9,223,1.0413824319839478,2.299999952316284
9,224,2.592866897583008,0.46666666865348816
9,225,3.1555235385894775,3.700000047683716
9,226,0.03467544913291931,0.15000000596046448
9,227,-1.6934508085250854,0.05000000074505806
9,228,2.6337013244628906,1.75
9,229,3.566493511199951,3.700000047683716
9,230,3.525040864944458,4.449999809265137
9,231,4.492804527282715,7.5
9,232,-0.44029974937438965,0.4000000059604645
9,233,0.7704878449440002,0.44999998807907104
9,234,1.1637028455734253,5.050000190734863
9,235,2.5454530715942383,5.199999809265137
9,236,1.1069551706314087,1.7666666507720947
9,237,2.7259974479675293,2.0
9,238,-0.2550760507583618,1.1666666269302368
9,239,1.8120601177215576,1.1666666269302368
9,240,-2.214085578918457,-0.30000001192092896
9,241,1.1850018501281738,1.0499999523162842
9,242,1.2863881587982178,0.8999999761581421
9,243,0.40787824988365173,0.25
9,244,-0.0059486329555511475,1.2999999523162842
9,245,-0.4333919882774353,0.05000000074505806
9,246,0.9236010313034058,1.5
9,247,-0.9350340366363525,-0.15000000596046448
9,248,-0.053629595786333084,0.5
9,249,-0.25474151968955994,0.25
9,250,1.5051500797271729,2.3499999046325684
9,251,-0.2727384567260742,0.15000000596046448
9,252,0.9396500587463379,0.9666666388511658
9,253,-0.46272191405296326,-0.4000000059604645
9,254,-0.2759634852409363,1.5499999523162842
9,255,-2.190647602081299,-0.75
9,256,1.7985514402389526,1.149999976158142
9,257,0.911048173904419,0.699999988079071
9,258,3.611721992492676,2.450000047683716
9,259,2.889707326889038,1.649999976158142
9,260,2.17982816696167,2.549999952316284
9,261,1.426753282546997,1.4500000476837158
9,262,3.0286378860473633,1.899999976158142
9,263,2.726682186126709,0.5
9,264,2.4226200580596924,0.30000001192092896
9,265,2.4663355350494385,3.450000047683716
9,266,1.241711974143982,2.299999952316284
9,267,0.7514209151268005,2.0
9,268,-0.3112058639526367,0.8999999761581421
9,269,0.7467758059501648,2.0
9,270,-0.4093323349952698,1.149999976158142
9,271,0.3947880268096924,-0.05999999865889549
9,272,1.8797740936279297,2.865999937057495
9,273,0.7391099333763123,1.225000023841858
9,274,0.8131090402603149,2.309999942779541
9,275,2.354987144470215,2.0
9,276,3.8598036766052246,5.300000190734863
9,277,0.3355311155319214,2.4000000953674316
9,278,2.1390016078948975,2.799999952316284
9,279,4.265813827514648,5.400000095367432
9,280,3.874814748764038,5.0
9,281,2.2185182571411133,1.75
9,282,3.5606136322021484,2.4000000953674316
9,283,4.169905185699463,3.8499999046325684
9,284,3.1752045154571533,1.5499999523162842
9,285,3.0408589839935303,1.9500000476837158
9,286,3.757303476333618,3.9000000953674316
9,287,4.075879096984863,6.099999904632568
9,288,3.9858059883117676,3.25
9,289,3.8605716228485107,2.950000047683716
9,290,3.8590502738952637,3.0999999046325684
9,291,3.939011335372925,3.25
9,292,3.563863754272461,2.799999952316284
9,293,0.16843318939208984,0.6499999761581421
9,294,2.266955852508545,2.299999952316284
9,295,-0.4049215316772461,2.305000066757202
9,296,0.7791629433631897,2.2899999618530273
9,297,2.4478745460510254,-0.20000000298023224
9,298,1.2885539531707764,0.6000000238418579
9,299,3.374619722366333,2.9649999141693115
9,300,0.6251350045204163,0.4724999964237213
9,301,-0.6303774118423462,0.7524999976158142
9,302,1.0671955347061157,1.100000023841858
9,303,-0.26899194717407227,0.6000000238418579
9,304,-2.4813332557678223,0.44999998807907104
9,305,3.137708902359009,1.399999976158142
9,306,-2.362710475921631,0.5
9,307,0.1800030767917633,0.8500000238418579
9,308,2.5992276668548584,1.2999999523162842
9,309,1.9051814079284668,0.30000001192092896
9,310,-1.2751446962356567,0.3499999940395355
9,311,2.4007351398468018,0.6000000238418579
9,312,1.5471060276031494,0.6000000238418579
9,313,1.1932960748672485,0.800000011920929
9,314,0.47374123334884644,0.800000011920929
9,315,1.5634154081344604,1.899999976158142
9,316,0.7054324150085449,0.20000000298023224
9,317,2.2800984382629395,1.600000023841858
9,318,1.424699306488037,1.350000023841858
9,319,0.7248777747154236,0.10000000149011612
9,320,0.2398177981376648,1.0
9,321,-0.18624180555343628,0.6499999761581421
9,322,2.968148708343506,5.199999809265137
9,323,0.9810431003570557,0.8500000238418579
9,324,0.1279272735118866,0.10000000149011612
9,325,2.6543562412261963,2.0
9,326,1.9908134937286377,5.300000190734863
9,327,2.584322929382324,2.75
9,328,-0.4339818060398102,0.6499999761581421
9,329,1.1661834716796875,2.9000000953674316
9,330,0.9122483730316162,1.7999999523162842
9,331,1.7380921840667725,2.950000047683716
9,332,-0.4464084804058075,1.4333332777023315
9,333,0.05187464505434036,0.05000000074505806
9,334,0.8191568851470947,0.15000000596046448
9,335,2.8289434909820557,-0.30000001192092896
9,336,-0.024984896183013916,0.6000000238418579
9,337,0.32287538051605225,0.6000000238418579
9,338,0.022726118564605713,-0.4000000059604645
9,339,-0.00172501802444458,0.30000001192092896
9,340,1.1091370582580566,1.0
9,341,1.5745811462402344,3.950000047683716
9,342,1.0815132856369019,0.6499999761581421
9,343,1.5417202711105347,1.350000023841858
9,344,0.5389606952667236,0.4000000059604645
9,345,1.2670419216156006,1.149999976158142
9,346,0.7274398803710938,1.100000023841858
9,347,-0.3026108741760254,-0.20000000298023224
9,348,3.1778488159179688,3.25
9,349,2.8887462615966797,1.4500000476837158
9,350,0.3596411943435669,-0.20000000298023224
9,351,2.9230897426605225,1.2999999523162842
9,352,2.6890594959259033,3.8499999046325684
9,353,2.6744797229766846,3.3499999046325684
9,354,2.918790817260742,2.5
9,355,1.9783284664154053,2.3499999046325684
9,356,0.15546175837516785,0.30000001192092896
9,357,4.224454879760742,4.75
9,358,3.847468137741089,2.4000000953674316
9,359,0.5932877659797668,0.05000000074505806
9,360,3.856548547744751,3.0999999046325684
9,361,3.564713954925537,5.400000095367432
9,362,3.7350287437438965,5.099999904632568
9,363,3.905761241912842,4.900000095367432
9,364,2.714287519454956,4.75
9,365,0.01434636116027832,0.3333333432674408
9,366,0.4807424545288086,0.44999998807907104
9,367,0.389986515045166,2.3499999046325684
9,368,0.5645719766616821,1.899999976158142
9,369,2.106139659881592,3.3499999046325684
9,370,0.9483804106712341,0.10000000149011612
9,371,2.5562784671783447,3.8499999046325684
9,372,2.1542928218841553,4.5
9,373,0.9223641157150269,-0.20000000298023224
9,374,0.35031405091285706,0.25
9,375,0.5321487188339233,0.30000001192092896
9,376,1.0599851608276367,0.6499999761581421
9,377,0.7081725597381592,1.0
9,378,0.7601062059402466,2.0999999046325684
9,379,0.3790140151977539,0.75
9,380,0.2687731981277466,0.6000000238418579
9,381,-1.037178635597229,0.3499999940395355
9,382,0.83907151222229,0.8500000238418579
9,383,-0.78803950548172,-0.44999998807907104
9,384,2.3810653686523438,-0.8500000238418579
9,385,2.077976703643799,-0.10000000149011612
9,386,0.29971468448638916,0.15000000596046448
9,387,-1.7936158180236816,-0.20000000298023224
9,388,-0.5064363479614258,1.7000000476837158
9,389,-1.5858389139175415,1.2999999523162842
9,390,1.3891315460205078,0.8999999761581421
9,391,-0.33119648694992065,1.100000023841858
9,392,2.0888330936431885,-0.6499999761581421
9,393,1.7190015316009521,0.10000000149011612
9,394,1.1398274898529053,1.100000023841858
9,395,-2.263242483139038,0.15000000596046448
9,396,-0.3159947693347931,1.649999976158142
9,397,-0.11530590057373047,0.800000011920929
9,398,-0.19155573844909668,0.6000000238418579
9,399,0.8821375370025635,-0.05000000074505806
9,400,1.2865129709243774,1.2000000476837158
9,401,1.4534332752227783,0.800000011920929
9,402,0.2249792218208313,0.6499999761581421
9,403,-0.5702856779098511,1.149999976158142
9,404,-0.44198909401893616,0.5
9,405,-0.08832484483718872,0.3499999940395355
9,406,0.994033932685852,2.5999999046325684
9,407,-1.1656601428985596,0.800000011920929
9,408,-0.8331301808357239,0.699999988079071
9,409,0.9976397752761841,-0.10000000149011612
9,410,0.15397995710372925,0.8500000238418579
9,411,0.7663036584854126,1.4500000476837158
9,412,1.3407357931137085,4.400000095367432
9,413,0.06700921058654785,0.4000000059604645
9,414,-0.7447946071624756,0.75
9,415,2.706683397293091,1.2000000476837158
9,416,-1.3012003898620605,-1.4500000476837158
9,417,-0.15276551246643066,0.10000000149011612
9,418,1.1249754428863525,0.05000000074505806
9,419,0.1212625503540039,-0.10000000149011612
9,420,1.871561050415039,0.8999999761581421
9,421,-0.11842846870422363,-0.10000000149011612
9,422,0.2254009246826172,0.15000000596046448
9,423,-0.4837617874145508,0.8999999761581421
9,424,-0.20150256156921387,1.850000023841858
9,425,0.9597784280776978,1.149999976158142
9,426,-0.9162447452545166,0.15000000596046448
9,427,-0.2813994884490967,0.20000000298023224
9,428,-0.13254046440124512,-0.25
9,429,1.4372649192810059,0.800000011920929
9,430,-0.060892343521118164,0.699999988079071
9,431,1.178887128829956,0.8999999761581421
9,432,-0.04930400848388672,0.10000000149011612
9,433,0.35804232954978943,1.100000023841858
9,434,0.5347379446029663,0.6000000238418579
9,435,1.2410868406295776,0.20000000298023224
9,436,0.6491446495056152,0.15000000596046448
9,437,0.7282271385192871,0.20000000298023224
9,438,1.9621247053146362,1.850000023841858
9,439,0.5919513702392578,0.6000000238418579
9,440,1.80608069896698,1.7000000476837158
9,441,-0.21898913383483887,0.10000000149011612
9,442,0.666754961013794,0.4000000059604645
9,443,-0.2227732539176941,0.8999999761581421
9,444,-0.11281049251556396,1.25
9,445,0.1225123405456543,1.5499999523162842
9,446,0.5822772979736328,1.5499999523162842
9,447,1.060858964920044,1.75
9,448,1.8606661558151245,1.850000023841858
9,449,1.9837186336517334,3.0999999046325684
9,450,3.1334691047668457,3.549999952316284
9,451,0.8758128881454468,1.899999976158142
9,452,1.7664389610290527,2.9000000953674316
9,453,1.2509592771530151,2.0999999046325684
9,454,2.209017038345337,0.15000000596046448
9,455,0.6679091453552246,1.100000023841858
9,456,1.7050106525421143,1.399999976158142
9,457,1.0944442749023438,1.100000023841858
9,458,2.4889535903930664,2.0
9,459,1.9244468212127686,3.3499999046325684
9,460,3.1883606910705566,3.8499999046325684
9,461,1.440137505531311,1.0
9,462,2.580576181411743,2.299999952316284
9,463,0.8520479202270508,0.800000011920929
9,464,1.825936198234558,1.399999976158142
9,465,-1.4441893100738525,0.10000000149011612
9,466,1.2704190015792847,0.6499999761581421
9,467,-0.8591127395629883,-0.6499999761581421
9,468,2.7273950576782227,-0.800000011920929
9,469,2.3240137100219727,0.6000000238418579
9,470,1.1518359184265137,1.4500000476837158
9,471,-2.4619996547698975,-0.5
9,472,-0.739023745059967,1.600000023841858
9,473,-0.052066147327423096,2.0999999046325684
9,474,-0.05878782272338867,1.149999976158142
9,475,3.900643825531006,0.3499999940395355
9,476,1.1359622478485107,0.15000000596046448
9,477,2.407130002975464,-1.0499999523162842
9,478,0.844977080821991,-1.399999976158142
9,479,-0.5496057868003845,0.800000011920929
9,480,-0.1784246861934662,0.30000001192092896
9,481,-0.8795363306999207,0.05000000074505806
9,482,0.5710783004760742,0.05000000074505806
9,483,0.13147175312042236,0.15000000596046448
9,484,1.6158726215362549,1.5
9,485,0.4289852976799011,0.949999988079071
9,486,0.0782785415649414,1.649999976158142
9,487,0.16835230588912964,0.550000011920929
9,488,-0.09165099263191223,0.3499999940395355
9,489,-0.039398036897182465,0.25
9,490,2.097330093383789,2.0999999046325684
9,491,0.8798644542694092,0.6499999761581421
9,492,1.462934136390686,2.25
9,493,-0.11200356483459473,0.6499999761581421
9,494,3.5814034938812256,3.4000000953674316
9,495,1.1623578071594238,2.799999952316284
9,496,-0.0408497154712677,0.75
9,497,-0.1062176525592804,0.10000000149011612
9,498,0.38946375250816345,0.10000000149011612
9,499,0.4953728914260864,0.550000011920929
9,500,0.04110635071992874,0.3499999940395355
9,501,1.413698434829712,2.5999999046325684
9,502,0.611973762512207,1.5499999523162842
9,503,-0.040669530630111694,-0.3499999940395355
9,504,-1.0789281129837036,-0.6499999761581421
9,505,0.3290001153945923,0.44999998807907104
9,506,1.2057641744613647,1.149999976158142
9,507,0.41656363010406494,0.699999988079071
9,508,0.05380016565322876,0.4000000059604645
9,509,0.617842435836792,0.6000000238418579
9,510,0.4363628029823303,1.100000023841858
9,511,0.901762843132019,4.5
9,512,3.610250473022461,4.099999904632568
9,513,4.64508056640625,7.5
9,514,4.526851177215576,9.800000190734863
9,515,5.430429935455322,8.100000381469727
9,516,5.23155403137207,7.5
9,517,3.5440258979797363,3.0999999046325684
9,518,3.972839832305908,4.599999904632568
9,519,4.441781997680664,6.599999904632568
9,520,4.207326889038086,4.300000190734863
9,521,4.168813705444336,5.599999904632568
9,522,3.898545026779175,5.0
9,523,4.2886247634887695,8.199999809265137
9,524,3.9326300621032715,7.699999809265137
9,525,4.398443222045898,8.600000381469727
9,526,4.118659496307373,8.699999809265137
9,527,4.132973670959473,9.199999809265137
9,528,3.823286533355713,8.699999809265137
9,529,2.103820562362671,4.400000095367432
9,530,5.007524490356445,7.199999809265137
9,531,4.325645923614502,6.5
9,532,4.802660942077637,7.699999809265137
9,533,1.8263671398162842,1.899999976158142
9,534,4.413516998291016,8.199999809265137
9,535,3.7853009700775146,7.300000190734863
9,536,-0.12018251419067383,1.0
9,537,1.8493424654006958,0.0
9,538,0.4567134976387024,0.0
9,539,2.887453317642212,-0.05000000074505806
9,540,-0.13835161924362183,0.0
9,541,0.7173622846603394,-0.10000000149011612
9,542,0.04149597883224487,-0.05000000074505806
9,543,0.7256925702095032,-0.05000000074505806
9,544,-1.9131662845611572,-0.05000000074505806
9,545,1.0076062679290771,0.0
9,546,1.5592970848083496,-0.05000000074505806
9,547,-1.8820314407348633,-0.10000000149011612
9,548,-0.31720125675201416,0.0
9,549,-0.19909077882766724,0.0
9,550,0.6702091693878174,-0.05000000074505806
9,551,0.6380742788314819,-0.30000001192092896
9,552,0.6131139993667603,0.0
9,553,0.5771927237510681,0.0
9,554,0.5227728486061096,1.2000000476837158
9,555,-0.415024995803833,2.299999952316284
9,556,0.023985862731933594,0.20000000298023224
9,557,2.8485419750213623,2.799999952316284
9,558,2.9005117416381836,2.9000000953674316
10,0,2.7761693000793457,-2.5999999046325684
10,1,1.4352508783340454,-0.15000000596046448
10,2,0.5433458089828491,0.30000001192092896
10,3,-0.3259176015853882,0.30000001192092896
10,4,-0.8444904088973999,-0.5
10,5,1.137531042098999,-0.05000000074505806
10,6,0.08282643556594849,-0.4000000059604645
10,7,1.873317003250122,0.5
10,8,1.5732817649841309,0.949999988079071
10,9,1.3978886604309082,0.800000011920929
10,10,0.5179286003112793,0.5
10,11,3.497589111328125,-2.5
10,12,-2.398838996887207,-2.700000047683716
10,13,3.487529754638672,-3.299999952316284
11,0,3.3771560192108154,2.299999952316284
11,1,4.940980434417725,3.700000047683716
11,2,4.466439247131348,3.049999952316284
11,3,1.0759402513504028,0.6333333253860474
11,4,0.9282658100128174,0.7333333492279053
11,5,2.819852590560913,1.4666666984558105
11,6,5.292696952819824,1.399999976158142
11,7,2.0303640365600586,0.5799999833106995
11,8,0.910293698310852,0.4000000059604645
11,9,0.2658752202987671,0.17499999701976776
11,10,-0.6914337873458862,0.22499999403953552
11,11,0.8589438199996948,0.125
11,12,-0.363827109336853,0.6000000238418579
11,13,-0.26197847723960876,0.625
11,14,-0.083759605884552,0.03500000014901161
11,15,2.2195136547088623,0.6000000238418579
11,16,3.5958900451660156,1.399999976158142
11,17,4.060439586639404,1.100000023841858
11,18,2.8880667686462402,1.7000000476837158
11,19,2.8525617122650146,0.4000000059604645
11,20,0.6661111116409302,0.699999988079071
11,21,0.745262622833252,1.399999976158142
11,22,-0.7735996842384338,-0.10000000149011612
11,23,-1.368201494216919,-0.6000000238418579
11,24,-0.012836307287216187,-0.4000000059604645
11,25,1.7058179378509521,0.25999999046325684
11,26,-0.1321013867855072,0.40666666626930237
11,27,1.6161205768585205,0.3166666626930237
11,28,1.2681869268417358,0.02500000037252903
11,29,2.1917033195495605,-0.019999999552965164
11,30,1.2414250373840332,0.054999999701976776
11,31,-1.5235430002212524,-0.013333333656191826
11,32,-3.370541572570801,0.3400000035762787
11,33,0.011606939136981964,-0.9649999737739563
11,34,1.8329286575317383,0.5649999976158142
11,35,-0.31884437799453735,-0.2574999928474426
11,36,1.6733207702636719,0.9166666865348816
11,37,-0.9761036038398743,-0.4375
11,38,0.8198318481445312,0.6000000238418579
11,39,1.8650940656661987,0.6000000238418579
11,40,2.7863879203796387,-1.2000000476837158
11,41,-0.037239789962768555,0.6000000238418579
11,42,1.0122687816619873,1.100000023841858
11,43,3.0127205848693848,1.7999999523162842
11,44,0.72060227394104,-0.6000000238418579
11,45,1.8738598823547363,-0.8999999761581421
11,46,0.7643861770629883,0.10000000149011612
11,47,3.2324397563934326,1.899999976158142
11,48,0.4463416337966919,1.100000023841858
11,49,0.578585147857666,-0.10000000149011612
11,50,1.412339687347412,1.7000000476837158
11,51,2.6224372386932373,0.800000011920929
11,52,1.6272475719451904,0.10000000149011612
11,53,2.4872846603393555,1.2000000476837158
11,54,0.8937979936599731,1.5
11,55,0.9165676832199097,0.800000011920929
11,56,1.9935343265533447,2.200000047683716
11,57,0.5629029273986816,0.800000011920929
11,58,-2.653374195098877,-1.100000023841858
11,59,0.21864065527915955,-0.800000011920929
11,60,0.5934931039810181,-0.6000000238418579
11,61,-1.8116792440414429,-0.20000000298023224
11,62,-0.8899057507514954,0.30000001192092896
11,63,-1.0314151048660278,0.30000001192092896
11,64,1.3546953201293945,0.4000000059604645
11,65,-1.8693572282791138,1.100000023841858
11,66,1.7906062602996826,1.399999976158142
11,67,1.639575481414795,1.399999976158142
11,68,0.7769696712493896,1.600000023841858
11,69,1.485417366027832,1.899999976158142
11,70,3.2397496700286865,2.0399999618530273
11,71,0.3216288089752197,0.10000000149011612
11,72,0.6637170314788818,0.0
11,73,0.656617283821106,0.0
11,74,0.8317644596099854,0.0
11,75,-0.45745399594306946,0.0
12,0,0.16095340251922607,1.2000000476837158
12,1,2.7752723693847656,1.100000023841858
12,2,-0.42930516600608826,-0.30000001192092896
12,3,0.13917231559753418,0.33000001311302185
12,4,3.455996036529541,1.5166666507720947
12,5,3.9398422241210938,2.0
12,6,3.6310768127441406,2.200000047683716
13,0,-0.26064661145210266,-0.5799999833106995
13,1,-0.30415475368499756,0.09000000357627869
13,2,1.8299176692962646,2.265000104904175
13,3,0.6514627933502197,-0.05000000074505806
13,4,1.4204270839691162,0.3100000023841858
13,5,0.3286380171775818,2.200000047683716
13,6,-1.1670238971710205,-0.1899999976158142
13,7,-0.951014518737793,-0.10000000149011612
13,8,-2.8114898204803467,-1.2899999618530273
13,9,-1.5666508674621582,1.0
13,10,-1.0649604797363281,-1.346666693687439
13,11,3.016159772872925,2.0999999046325684
13,12,1.7944213151931763,2.200000047683716
13,13,1.8025939464569092,-3.0333333015441895
13,14,2.705075263977051,2.200000047683716
13,15,-0.19946697354316711,0.0
13,16,0.17788559198379517,0.4000000059604645
13,17,-2.551177978515625,-1.600000023841858
13,18,-0.2778981924057007,-0.10000000149011612
13,19,-1.6812105178833008,-0.8899999856948853
13,20,-1.7308475971221924,-1.899999976158142
13,21,-1.6033623218536377,-1.7000000476837158
13,22,-1.0498981475830078,-1.2999999523162842
13,23,-0.5814156532287598,-0.800000011920929
13,24,-0.12351155281066895,-0.5
13,25,-0.2107694149017334,-0.5
13,26,1.3494441509246826,0.800000011920929
13,27,3.3225975036621094,1.2000000476837158
13,28,3.917693614959717,1.5
13,29,4.006545066833496,1.600000023841858
13,30,2.2813897132873535,1.7999999523162842
13,31,3.9935250282287598,1.7999999523162842
13,32,4.855252265930176,1.899999976158142
13,33,0.9258326888084412,2.299999952316284
13,34,2.400996208190918,2.700000047683716
13,35,3.073963165283203,3.5999999046325684
13,36,3.4723145961761475,5.900000095367432
13,37,0.5804369449615479,1.0
13,38,-0.08342182636260986,-0.75
13,39,1.565533995628357,-1.899999976158142
13,40,0.23102307319641113,-1.600000023841858
13,41,0.4790547490119934,-0.05000000074505806
13,42,0.4456467628479004,0.20000000298023224
13,43,2.544978618621826,0.10000000149011612
13,44,0.9310162663459778,0.8999999761581421
13,45,1.9512827396392822,0.699999988079071
13,46,0.17578542232513428,-0.20000000298023224
13,47,1.346933126449585,-1.7999999523162842
13,48,1.6852298974990845,-1.5
13,49,2.6551530361175537,-0.75
13,50,-0.7230331897735596,-0.8999999761581421
13,51,1.5093785524368286,-2.2799999713897705
13,52,0.07563483715057373,-0.8600000143051147
13,53,1.4021939039230347,-1.3200000524520874
13,54,1.6609584093093872,-1.0800000429153442
13,55,1.4402029514312744,-1.0800000429153442
13,56,1.800777792930603,-1.159999966621399
13,57,1.5067015886306763,-1.3350000381469727
13,58,1.3402440547943115,-1.5099999904632568
13,59,0.2957281768321991,0.8999999761581421
13,60,0.4906359314918518,0.6000000238418579
13,61,-1.0407686233520508,-0.6000000238418579
13,62,2.7161245346069336,3.4000000953674316
13,63,-2.0075740814208984,-0.8799999952316284
13,64,-0.09827567636966705,-0.36000001430511475
13,65,0.3175322413444519,0.17000000178813934
13,66,-0.08820945024490356,-0.029999999329447746
13,67,-1.8695098161697388,-0.7400000095367432
13,68,-1.4827313423156738,-0.4399999976158142
13,69,0.07084867358207703,0.2199999988079071
13,70,-1.2610536813735962,-0.23999999463558197
13,71,-0.9732369184494019,-0.30000001192092896
13,72,-0.4853799343109131,0.0
13,73,0.9256970882415771,0.20000000298023224
13,74,0.47611284255981445,1.399999976158142
13,75,2.505444049835205,3.9000000953674316
13,76,4.910036087036133,3.0999999046325684
13,77,-0.28780388832092285,0.699999988079071
13,78,1.2608718872070312,-1.100000023841858
14,0,-0.028517842292785645,-1.149999976158142
14,1,1.7646681070327759,-2.049999952316284
14,2,2.0436489582061768,-0.3499999940395355
14,3,0.04534459114074707,-0.3499999940395355
14,4,2.4201958179473877,-1.399999976158142
14,5,2.844597816467285,1.0499999523162842
14,6,2.3299951553344727,1.899999976158142
14,7,1.9738283157348633,2.4000000953674316
14,8,1.6068108081817627,0.5
15,0,1.3461353778839111,-0.8899999856948853
15,1,-0.9699550271034241,-0.10999999940395355
15,2,-3.680837869644165,-2.4000000953674316
15,3,-3.609710216522217,-4.230000019073486
15,4,-1.9130003452301025,-3.319999933242798
15,5,1.3642185926437378,0.0
15,6,-0.5138182044029236,0.08500000089406967
15,7,-0.8217135071754456,1.6299999952316284
15,8,-0.11326895654201508,0.9700000286102295
15,9,0.9524532556533813,-0.8149999976158142
15,10,0.9336150288581848,-0.550000011920929
15,11,1.9550188779830933,0.04500000178813934
15,12,0.06676289439201355,-0.6000000238418579
15,13,2.1337990760803223,0.550000011920929
15,14,-1.3017351627349854,1.0950000286102295
15,15,-1.4076886177062988,3.0999999046325684
15,16,-0.44638654589653015,0.3100000023841858
15,17,0.6040759682655334,0.0
15,18,1.1889606714248657,0.9480000138282776
15,19,0.8666706085205078,-2.5999999046325684
15,20,0.529197633266449,-0.699999988079071
15,21,2.193596363067627,-1.5
15,22,1.6457595825195312,1.4266666173934937
15,23,0.18563589453697205,0.6066666841506958
15,24,2.0552585124969482,-7.401487051415874e-17
15,25,3.9576144218444824,-0.20000000298023224
15,26,-0.06954765319824219,-2.2666666507720947
15,27,-0.9109081029891968,0.0
15,28,3.2766127586364746,-0.20000000298023224
15,29,3.5664825439453125,0.375
15,30,3.4272570610046387,-0.5249999761581421
15,31,3.61800217628479,1.0750000476837158
15,32,4.2112932205200195,0.125
15,33,2.0842220783233643,0.4000000059604645
15,34,0.17486238479614258,-0.1550000011920929
15,35,-0.6111807823181152,-0.29249998927116394
15,36,2.630682945251465,0.8550000190734863
15,37,2.6860885620117188,1.0399999618530273
15,38,1.0799214839935303,0.4449999928474426
15,39,0.732659637928009,1.5099999904632568
15,40,2.221259117126465,1.7350000143051147
15,41,-0.25455522537231445,1.2300000190734863
15,42,1.013883113861084,1.2699999809265137
15,43,1.8424417972564697,1.559999942779541
15,44,0.49246346950531006,0.7649999856948853
15,45,0.30086082220077515,1.0099999904632568
15,46,2.448749303817749,2.940000057220459
15,47,3.5646064281463623,1.996666669845581
15,48,3.6918652057647705,2.7233333587646484
15,49,2.773944854736328,0.8600000143051147
15,50,2.9539999961853027,2.6700000762939453
15,51,0.5188369154930115,0.10000000149011612
16,0,-0.5314935445785522,-1.0175000429153442
16,1,0.6895546913146973,-0.2083333283662796
16,2,-0.1975557804107666,2.069999933242798
16,3,0.058206796646118164,-1.1449999809265137
16,4,0.30138134956359863,0.7450000047683716
16,5,0.38768303394317627,0.4699999988079071
16,6,-0.026531457901000977,1.3550000190734863
16,7,0.4115595817565918,1.1549999713897705
16,8,-0.7794715166091919,-0.6200000047683716
16,9,-0.31575414538383484,1.5
16,10,-1.927406907081604,0.8033333420753479
16,11,-0.41122859716415405,-0.029999999329447746
16,12,1.383819818496704,1.8849999904632568
16,13,2.1358914375305176,2.890000104904175
16,14,-0.7419891953468323,0.7400000095367432
16,15,0.9018758535385132,0.7099999785423279
16,16,-0.002300053834915161,0.6899999976158142
16,17,-0.10000346601009369,0.5699999928474426
16,18,1.2440564632415771,1.100000023841858
16,19,-0.15035727620124817,0.17000000178813934
16,20,-0.509230375289917,0.4399999976158142
16,21,-1.1252598762512207,0.5099999904632568
16,22,-0.5991865396499634,0.12999999523162842
16,23,-0.851954460144043,0.15000000596046448
16,24,0.10363252460956573,-0.3400000035762787
16,25,-0.8379712104797363,0.4000000059604645
16,26,-1.3022923469543457,0.4099999964237213
16,27,0.28757473826408386,0.4000000059604645
16,28,-0.004034660756587982,0.5699999928474426
16,29,-0.19457441568374634,0.6600000262260437
16,30,-0.1425023078918457,0.30000001192092896
16,31,-0.12011490762233734,0.38999998569488525
16,32,2.9251043796539307,4.329999923706055
16,33,0.6181732416152954,1.7999999523162842
16,34,1.0852415561676025,1.7333333492279053
16,35,-0.22977688908576965,3.132857084274292
16,36,-0.2581002116203308,3.200000047683716
16,37,-0.37566298246383667,3.75
16,38,-0.5368250012397766,0.5
16,39,-0.7384313344955444,-5.099999904632568
16,40,0.38440245389938354,-2.2249999046325684
16,41,0.37265682220458984,0.9300000071525574
16,42,-0.063376784324646,-1.2400000095367432
16,43,-0.09523487091064453,0.14000000059604645
16,44,-0.21408674120903015,-0.7400000095367432
16,45,1.1860239505767822,0.25999999046325684
16,46,-0.2744215130805969,1.059999942779541
16,47,1.693289041519165,2.2950000762939453
16,48,2.216859817504883,4.690000057220459
16,49,1.5260339975357056,3.633333444595337
16,50,0.9302695393562317,4.920000076293945
16,51,2.606447219848633,4.090000152587891
16,52,3.780151844024658,4.715000152587891
16,53,2.8690054416656494,3.5899999141693115
16,54,1.658021092414856,3.684999942779541
16,55,1.15682852268219,4.885000228881836
16,56,0.9172074198722839,3.0850000381469727
16,57,-0.24336206912994385,3.5199999809265137
16,58,-0.6968480348587036,1.2000000476837158
16,59,-0.8450510501861572,0.15000000596046448
16,60,-0.9055675268173218,0.25
16,61,0.5090339183807373,3.5999999046325684
16,62,-0.888577938079834,0.8999999761581421
16,63,0.7171325087547302,4.900000095367432
17,0,-0.36485210061073303,-1.4500000476837158
17,1,-0.4439989924430847,-0.4000000059604645
17,2,-0.48949846625328064,1.0
17,3,-1.1317529678344727,-2.0
17,4,1.0700316429138184,0.36500000953674316
17,5,-1.9628020524978638,-1.5
17,6,-0.5281202793121338,-1.5666667222976685
17,7,-0.6605111956596375,-1.100000023841858
17,8,-3.0654830932617188,-0.949999988079071
17,9,-0.40244007110595703,-0.3499999940395355
17,10,-0.7761123180389404,-1.5
17,11,-0.15477490425109863,0.15000000596046448
17,12,-0.5073767900466919,-1.0333333015441895
18,0,-0.6921250820159912,-0.38999998569488525
18,1,-0.44501668214797974,-0.7699999809265137
18,2,-0.8876149654388428,-0.04500000178813934
18,3,0.7959027290344238,1.190000057220459
18,4,0.3926987648010254,1.1449999809265137
18,5,1.1155797243118286,1.9500000476837158
18,6,3.7846779823303223,4.465000152587891
18,7,3.426912307739258,3.4649999141693115
18,8,4.096973419189453,4.139999866485596
18,9,3.1849756240844727,2.450000047683716
18,10,2.6501617431640625,3.3399999141693115
18,11,3.522731304168701,3.9749999046325684
18,12,1.24298095703125,1.6200000047683716
18,13,3.690234422683716,4.585000038146973
18,14,-1.394415020942688,0.6449999809265137
18,15,0.6102392673492432,1.4149999618530273
19,0,1.6118509769439697,0.8399999737739563
19,1,1.2400672435760498,0.9674999713897705
19,2,1.059305191040039,3.2799999713897705
19,3,0.7051990032196045,1.3075000047683716
19,4,0.2889430522918701,0.4399999976158142
19,5,-0.4972120523452759,2.071666717529297
19,6,-0.3895224332809448,2.4700000286102295
19,7,1.3016904592514038,3.6475000381469727
19,8,0.7592310905456543,1.306666612625122
20,0,1.9263116121292114,2.253333330154419
20,1,-0.8961691856384277,-0.6000000238418579
20,2,3.3318400382995605,1.2000000476837158
20,3,0.8076825141906738,0.20000000298023224
20,4,0.5881036520004272,0.6000000238418579
20,5,1.9407693147659302,-0.6000000238418579
21,0,0.16199636459350586,-0.6399999856948853
21,1,1.908360242843628,1.8700000047683716
21,2,1.1854321956634521,1.0750000476837158
21,3,-0.9102175831794739,1.315000057220459
21,4,-0.3138245940208435,1.6150000095367432
21,5,-0.30219608545303345,2.365000009536743
21,6,2.2479286193847656,3.109999895095825
21,7,-0.11138135194778442,1.5399999618530273
21,8,0.5536020994186401,1.4574999809265137
21,9,1.4238183498382568,2.380000114440918
21,10,-1.5094325542449951,-0.800000011920929
21,11,1.2427066564559937,1.899999976158142
21,12,0.48642176389694214,1.0
22,0,3.163381576538086,3.9000000953674316
22,1,0.7811193466186523,0.10000000149011612
22,2,-1.0314931869506836,-4.199999809265137
22,3,-2.5538430213928223,-6.199999809265137
22,4,1.799494981765747,-4.166666507720947
22,5,-0.3419303894042969,-4.0
22,6,2.0827200412750244,-3.3333332538604736
22,7,-2.918346643447876,-3.2333333492279053
22,8,4.014348983764648,2.9000000953674316
22,9,3.9346704483032227,3.0
22,10,1.926821231842041,0.0
22,11,-1.4338287115097046,-2.0999999046325684
22,12,0.9761599898338318,-1.399999976158142
23,0,0.5261936187744141,4.78000020980835
23,1,3.6143574714660645,4.550000190734863
23,2,-0.0574260950088501,1.2000000476837158
23,3,1.736899971961975,2.630000114440918
23,4,0.9550617933273315,5.019999980926514
23,5,2.370647668838501,3.109999895095825
23,6,1.2496063709259033,1.2000000476837158
23,7,-1.3150516748428345,0.7200000286102295
23,8,0.705669641494751,1.909999966621399
23,9,2.5695223808288574,9.603333473205566
23,10,0.2806476354598999,3.8299999237060547
23,11,-0.7443247437477112,5.019999980926514
23,12,1.0450758934020996,1.909999966621399
23,13,-0.6961957216262817,3.109999895095825
23,14,2.5241353511810303,5.739999771118164
23,15,0.46973681449890137,2.869999885559082
23,16,0.6510747671127319,4.309999942779541
23,17,1.1720696687698364,2.869999885559082
23,18,0.6672703623771667,4.309999942779541
23,19,1.5242449045181274,2.869999885559082
23,20,2.5331220626831055,3.109999895095825
23,21,2.897545576095581,4.070000171661377
23,22,-1.110572338104248,2.390000104904175
23,23,0.36101895570755005,4.070000171661377
23,24,-0.06854890286922455,4.550000190734863
23,25,5.064362525939941,9.664999961853027
23,26,0.3046545386314392,1.0
23,27,0.30657845735549927,0.699999988079071
23,28,1.7243527173995972,3.4000000953674316
23,29,2.862269639968872,1.5
23,30,-0.5547847747802734,1.2000000476837158
23,31,2.219036817550659,4.400000095367432
23,32,1.1386303901672363,2.0
23,33,1.6922578811645508,3.0
23,34,-0.4828011989593506,0.30000001192092896
23,35,2.5145010948181152,4.900000095367432
23,36,1.17141592502594,1.5
23,37,0.43739593029022217,2.0
23,38,1.1715047359466553,0.5
23,39,0.7144862413406372,-0.20000000298023224
23,40,1.4435492753982544,0.4000000059604645
23,41,1.488402009010315,1.2300000190734863
23,42,0.5950770378112793,0.0
23,43,-1.0150569677352905,-0.10000000149011612
23,44,-1.4894819259643555,-0.30000001192092896
23,45,-1.0764720439910889,-0.30000001192092896
23,46,-0.6132480502128601,-0.6000000238418579
23,47,-0.9086698889732361,-0.10000000149011612
23,48,-0.00734362006187439,-0.5
23,49,-0.9565134048461914,-0.4000000059604645
23,50,-0.08312439918518066,-0.5
23,51,0.9124298095703125,0.10000000149011612
23,52,-0.4631439745426178,1.100000023841858
23,53,-0.4420149326324463,0.4000000059604645
23,54,2.380143642425537,3.0299999713897705
23,55,1.9561824798583984,2.950000047683716
23,56,2.9460222721099854,4.199999809265137
23,57,2.765038013458252,3.9000000953674316
23,58,1.9181686639785767,4.300000190734863
23,59,3.0078322887420654,3.799999952316284
23,60,-0.5995143055915833,0.5
23,61,-1.1035585403442383,0.03999999910593033
23,62,1.74796462059021,1.100000023841858
23,63,-1.8493430614471436,-0.05999999865889549
23,64,1.3212119340896606,1.6150000095367432
23,65,-0.9171419143676758,0.029999999329447746
23,66,0.2420179843902588,-0.1550000011920929
23,67,-0.6579766273498535,1.274999976158142
23,68,-1.170045256614685,1.2300000190734863
23,69,0.16664308309555054,0.0
23,70,-0.1781051605939865,-0.6000000238418579
23,71,0.994246244430542,-0.6000000238418579
23,72,-0.30226418375968933,-0.4000000059604645
23,73,0.03485211730003357,-0.30000001192092896
23,74,0.10004130005836487,0.20000000298023224
23,75,-0.19292420148849487,-0.10000000149011612
23,76,-1.9627859592437744,-0.30000001192092896
23,77,-0.12120819091796875,0.30000001192092896
23,78,-0.37282997369766235,-0.4000000059604645
23,79,2.3254146575927734,-0.30000001192092896
23,80,0.11565649509429932,0.20999999344348907
23,81,1.6613765954971313,1.5
23,82,1.166892170906067,1.899999976158142
23,83,0.7739328145980835,0.800000011920929
23,84,0.8981436491012573,0.10000000149011612
23,85,1.2505521774291992,1.600000023841858
23,86,-0.21417033672332764,1.2000000476837158
23,87,0.7608349323272705,0.699999988079071
23,88,1.2139338254928589,0.800000011920929
23,89,0.5976313352584839,0.4000000059604645
23,90,2.634498119354248,0.6000000238418579
23,91,3.9715821743011475,1.2999999523162842
23,92,3.5231964588165283,2.200000047683716
23,93,-0.945542573928833,0.14000000059604645
23,94,-1.3123629093170166,-0.17000000178813934
23,95,-2.296278715133667,-1.2699999809265137
23,96,-0.7083037495613098,0.18000000715255737
23,97,0.9263837337493896,0.20000000298023224
23,98,-0.6714462041854858,0.23999999463558197
23,99,-0.5452291369438171,0.2199999988079071
23,100,-0.3349614441394806,0.6000000238418579
23,101,-0.05090242624282837,1.100000023841858
23,102,0.8646662831306458,-1.100000023841858
23,103,0.4902442693710327,0.699999988079071
23,104,1.718017578125,2.450000047683716
23,105,0.7649513483047485,0.44999998807907104
23,106,0.5260501503944397,0.3499999940395355
23,107,0.12319322675466537,0.25
23,108,-0.2747708261013031,0.15000000596046448
23,109,0.6622000932693481,2.299999952316284
23,110,1.8220888376235962,0.8999999761581421
23,111,0.5125728249549866,0.15000000596046448
23,112,1.6027607917785645,0.8999999761581421
23,113,2.664414644241333,1.399999976158142
23,114,2.9074888229370117,2.9000000953674316
23,115,2.7810096740722656,2.700000047683716
23,116,3.787107229232788,4.599999904632568
23,117,-0.6073529720306396,0.8199999928474426
23,118,1.1668214797973633,1.6950000524520874
23,119,-0.6975620985031128,0.824999988079071
23,120,2.3370392322540283,2.799999952316284
23,121,1.6085541248321533,3.299999952316284
23,122,0.3599640727043152,-0.1599999964237213
23,123,-0.3724212050437927,-0.38999998569488525
23,124,2.243896961212158,6.0
23,125,3.188471794128418,6.599999904632568
23,126,-0.8394237160682678,1.2000000476837158
23,127,-0.38641589879989624,0.6600000262260437
23,128,-0.1313694715499878,1.100000023841858
23,129,-1.3583351373672485,1.2999999523162842
23,130,0.33158743381500244,1.7000000476837158
23,131,0.6741634607315063,-0.30000001192092896
23,132,-0.17154370248317719,0.5
23,133,-0.6458749771118164,0.800000011920929
23,134,0.7562884092330933,1.2000000476837158
23,135,-0.13815763592720032,2.0999999046325684
23,136,0.7492654323577881,1.2000000476837158
23,137,-0.5619717836380005,0.6000000238418579
23,138,-2.7336387634277344,0.10000000149011612
23,139,1.7394455671310425,0.30000001192092896
23,140,3.0155975818634033,0.699999988079071
23,141,2.0658020973205566,2.299999952316284
23,142,1.677348256111145,1.100000023841858
23,143,0.20313990116119385,-0.4000000059604645
23,144,0.38822805881500244,0.4000000059604645
23,145,1.1035590171813965,0.8999999761581421
23,146,1.4810066223144531,0.699999988079071
23,147,1.532140851020813,2.299999952316284
23,148,2.0293126106262207,1.7000000476837158
23,149,1.9459455013275146,2.0999999046325684
23,150,1.7158446311950684,2.0
23,151,1.8219257593154907,3.200000047683716
23,152,1.7319824695587158,2.799999952316284
23,153,0.5658082962036133,0.699999988079071
23,154,0.7291626930236816,-0.30000001192092896
23,155,0.5657442808151245,2.5299999713897705
23,156,0.5748844146728516,-0.25
23,157,1.7889333963394165,-1.7000000476837158
23,158,1.464246392250061,-1.600000023841858
23,159,0.882412314414978,-1.100000023841858
23,160,3.427091360092163,-0.10000000149011612
23,161,2.7963221073150635,1.5
23,162,-0.21125590801239014,-2.0
23,163,0.7946218848228455,-1.7000000476837158
23,164,-1.5233135223388672,-1.5
23,165,-0.7988324165344238,-1.2999999523162842
23,166,-0.88770991563797,-1.2000000476837158
23,167,0.9453691244125366,-0.4000000059604645
23,168,0.4298504590988159,0.75
23,169,-0.1519821286201477,-1.2000000476837158
23,170,0.801332950592041,-0.75
23,171,0.34243425726890564,-0.44999998807907104
23,172,0.6949810981750488,0.4000000059604645
23,173,-1.1390299797058105,-0.38999998569488525
23,174,-1.2734663486480713,-0.33000001311302185
23,175,-0.7637293338775635,-0.3100000023841858
23,176,-0.9662172794342041,-0.27000001072883606
23,177,-0.5141991376876831,-0.23999999463558197
23,178,-0.5408272743225098,-0.20000000298023224
23,179,-0.35557374358177185,-0.1899999976158142
23,180,-0.37204331159591675,-0.10000000149011612
23,181,-0.31931257247924805,-0.05999999865889549
23,182,-0.6156017780303955,-0.05000000074505806
23,183,-0.35664287209510803,-0.03999999910593033
23,184,-0.015492856502532959,-0.009999999776482582
23,185,-0.5415960550308228,0.10999999940395355
23,186,-1.3499877452850342,0.10999999940395355
23,187,-0.19642379879951477,0.14000000059604645
23,188,0.42896702885627747,0.5299999713897705
23,189,1.5537766218185425,3.0299999713897705
23,190,-0.647590696811676,-0.09000000357627869
23,191,-0.8098565340042114,-0.11999999731779099
23,192,-0.3133526146411896,-0.1599999964237213
23,193,-0.04083092510700226,0.11999999731779099
23,194,-0.36617499589920044,-0.20000000298023224
23,195,-0.06956449151039124,0.05000000074505806
23,196,0.11476072669029236,-0.07999999821186066
23,197,0.6493645906448364,0.6800000071525574
23,198,1.488713026046753,2.0
23,199,0.4979572296142578,1.5
23,200,1.621647596359253,0.30000001192092896
23,201,2.6982522010803223,1.7999999523162842
23,202,2.7595374584198,0.20000000298023224
23,203,1.240290880203247,1.100000023841858
23,204,0.20427274703979492,0.20000000298023224
23,205,1.301586627960205,1.2000000476837158
23,206,2.3439714908599854,1.600000023841858
23,207,3.2762656211853027,1.5
23,208,2.723201036453247,1.5
23,209,-0.003228425979614258,0.0
23,210,0.8717770576477051,1.399999976158142
23,211,-0.7392681837081909,0.0
23,212,0.09476318955421448,0.0
23,213,-0.20422464609146118,-0.10000000149011612
23,214,0.7207657694816589,0.8999999761581421
23,215,3.2377047538757324,3.700000047683716
23,216,2.028618812561035,3.25
23,217,3.014057159423828,3.1500000953674316
23,218,3.6062815189361572,2.5999999046325684
23,219,1.6034595966339111,2.9000000953674316
23,220,2.0400285720825195,3.200000047683716
23,221,2.833984375,0.8999999761581421
23,222,2.7951769828796387,2.0999999046325684
23,223,1.3358914852142334,1.5
23,224,1.7334842681884766,2.799999952316284
23,225,0.5075896978378296,1.7999999523162842
23,226,1.3984041213989258,0.949999988079071
23,227,0.7769097089767456,1.399999976158142
23,228,1.1978214979171753,1.9500000476837158
23,229,2.5926401615142822,1.899999976158142
23,230,3.761307716369629,2.6500000953674316
23,231,3.1578731536865234,3.9000000953674316
23,232,3.744783878326416,4.050000190734863
23,233,3.014317035675049,4.199999809265137
23,234,2.8729941844940186,3.5999999046325684
23,235,1.5245331525802612,2.4000000953674316
23,236,-0.3112279176712036,3.9000000953674316
23,237,-0.4577052593231201,-0.25
23,238,-0.5232840776443481,-0.44999998807907104
23,239,1.7182791233062744,3.450000047683716
23,240,2.0567116737365723,1.7999999523162842
23,241,1.8802897930145264,4.0
23,242,-1.755363941192627,0.05000000074505806
23,243,0.2510907053947449,-0.5
23,244,3.867828607559204,6.300000190734863
23,245,0.771752119064331,0.699999988079071
23,246,0.2578413486480713,1.2000000476837158
23,247,-0.029796361923217773,0.6000000238418579
23,248,0.8598723411560059,0.4000000059604645
23,249,-0.8375977277755737,0.30000001192092896
23,250,0.9271660447120667,0.0
23,251,-0.1826879382133484,0.699999988079071
23,252,3.315701961517334,2.0
23,253,1.2323603630065918,0.7699999809265137
23,254,1.9683796167373657,2.8499999046325684
23,255,1.156632423400879,2.75
23,256,2.368354320526123,5.099999904632568
23,257,1.395463228225708,2.299999952316284
23,258,0.6545377969741821,0.800000011920929
23,259,0.6924425363540649,1.0
23,260,1.779405951499939,2.25
23,261,2.440965175628662,0.75
23,262,0.5065274238586426,0.550000011920929
23,263,0.9337979555130005,2.5999999046325684
23,264,1.8882570266723633,3.200000047683716
23,265,2.1273534297943115,2.0999999046325684
23,266,0.6322572231292725,2.0999999046325684
23,267,1.7884762287139893,0.30000001192092896
23,268,2.0296268463134766,2.0
23,269,2.333237648010254,2.4000000953674316
23,270,2.6738879680633545,2.5999999046325684
23,271,3.706723213195801,2.5
23,272,2.9541170597076416,2.5999999046325684
23,273,1.6402273178100586,2.700000047683716
23,274,2.5974998474121094,2.799999952316284
23,275,2.568857192993164,2.9000000953674316
23,276,2.056565523147583,2.9000000953674316
23,277,3.031787395477295,3.0
23,278,1.777106761932373,3.200000047683716
23,279,4.519839286804199,3.5
23,280,2.6825921535491943,4.199999809265137
23,281,2.67925763130188,4.5
23,282,2.5383055210113525,4.699999809265137
23,283,2.8791182041168213,5.5
23,284,0.7697985768318176,0.6000000238418579
23,285,0.0016357898712158203,0.5
23,286,0.5070356130599976,0.0
23,287,2.658724308013916,5.5
23,288,0.7016032934188843,3.0
23,289,0.07608357071876526,3.0
23,290,1.2546944618225098,0.800000011920929
23,291,-0.33960533142089844,0.20000000298023224
23,292,-1.241456151008606,0.0
23,293,0.7689542770385742,1.2999999523162842
23,294,0.3461669683456421,-0.20000000298023224
23,295,0.9750179052352905,-0.13333334028720856
23,296,0.9165431261062622,0.0
23,297,3.527979612350464,5.199999809265137
23,298,3.4074840545654297,4.400000095367432
23,299,3.23002028465271,5.099999904632568
23,300,2.721803665161133,3.5
23,301,-0.876183271408081,1.100000023841858
23,302,-1.007952094078064,4.0
23,303,4.100619316101074,1.899999976158142
23,304,3.9272429943084717,3.200000047683716
23,305,0.08865219354629517,2.799999952316284
23,306,-0.8877425789833069,0.4000000059604645
23,307,0.42562076449394226,1.0
23,308,0.4697366952896118,1.7100000381469727
24,0,1.0887601375579834,1.100000023841858
24,1,1.7091796398162842,1.7999999523162842
24,2,-2.676095485687256,-3.9666666984558105
24,3,-1.7274219989776611,-4.9666666984558105
24,4,1.132576584815979,-4.400000095367432
25,0,-0.2982734441757202,-0.10000000149011612
25,1,0.8602784872055054,0.10000000149011612
25,2,0.49298644065856934,-1.0
25,3,2.2381839752197266,-1.100000023841858
25,4,1.689502239227295,-1.100000023841858
25,5,1.3972864151000977,-0.6000000238418579
25,6,-0.44958722591400146,-0.75
25,7,0.6172046661376953,0.3499999940395355
25,8,0.5986049175262451,-0.3499999940395355
25,9,1.760699987411499,1.0666667222976685
25,10,0.24690967798233032,0.02500000037252903
25,11,1.0355925559997559,0.949999988079071
25,12,-0.3195343017578125,0.800000011920929
25,13,0.40618637204170227,0.6666666865348816
25,14,2.297116756439209,1.1200000047683716
25,15,-0.11305302381515503,-0.6666666865348816
26,0,0.4545944929122925,-0.5
26,1,0.9032018780708313,-1.75
26,2,0.15604126453399658,0.6000000238418579
26,3,-3.0314650535583496,8.133333206176758
26,4,2.447019100189209,7.666666507720947
26,5,-2.543302059173584,6.666666507720947
26,6,2.4460110664367676,5.4666666984558105
26,7,2.6436407566070557,3.6666667461395264
26,8,-0.6646813750267029,0.10000000149011612
26,9,2.1082041263580322,0.0
26,10,1.8081181049346924,0.30000001192092896
26,11,1.182082176208496,1.2000000476837158
26,12,-0.9501288533210754,0.5
27,0,-0.009474754333496094,-0.20000000298023224
27,1,0.973842978477478,0.800000011920929
27,2,2.6486968994140625,3.5
27,3,0.09237200021743774,-0.6666666865348816
27,4,0.666790246963501,-0.699999988079071
27,5,0.37008151412010193,3.799999952316284
27,6,0.5021976232528687,3.0999999046325684
27,7,2.4683408737182617,5.699999809265137
27,8,3.2737228870391846,5.0
27,9,0.09178900718688965,2.299999952316284
28,0,0.4278550148010254,-3.009999990463257
28,1,-0.8748993873596191,-2.0999999046325684
28,2,-0.8494321703910828,-1.0
28,3,-0.7657055854797363,-1.0
28,4,-0.027121394872665405,-1.600000023841858
28,5,-0.7083208560943604,-2.299999952316284
28,6,-1.825601577758789,-1.0
28,7,-0.4164930284023285,-1.0
28,8,-1.5663176774978638,-0.6000000238418579
28,9,-2.16774320602417,-0.8999999761581421
28,10,-2.035187005996704,-0.8999999761581421
28,11,2.9178481101989746,-2.5
28,12,-1.0564268827438354,0.20000000298023224
28,13,-1.4275022745132446,0.30000001192092896
28,14,-0.724769115447998,-0.20000000298023224
28,15,0.36194920539855957,0.699999988079071
28,16,-0.9152963161468506,-0.5
28,17,-0.7135641574859619,0.6000000238418579
28,18,-2.206066131591797,-3.799999952316284
28,19,-3.0248379707336426,-1.7999999523162842
28,20,-2.7566046714782715,-1.399999976158142
28,21,-1.7998206615447998,-1.5
28,22,-1.8054680824279785,-2.299999952316284
28,23,-2.4200851917266846,-2.200000047683716
28,24,-2.3164095878601074,-0.3499999940395355
28,25,-1.6143574714660645,-1.7999999523162842
28,26,-0.2678450345993042,0.4000000059604645
28,27,-0.3894723653793335,0.4000000059604645
28,28,-0.41860318183898926,1.0
28,29,0.024249553680419922,-0.800000011920929
28,30,-0.9618722200393677,-0.6000000238418579
28,31,-1.2642089128494263,1.2000000476837158
28,32,-0.8695882558822632,-0.4000000059604645
28,33,-0.5996791124343872,0.30000001192092896
28,34,-0.6764731407165527,1.1833332777023315
28,35,-1.4978491067886353,0.41999998688697815
28,36,-0.6505255699157715,0.596666693687439
28,37,0.9411312341690063,-0.3466666638851166
28,38,0.14624160528182983,-1.6133333444595337
28,39,1.5779272317886353,0.20000000298023224
28,40,-0.5102947950363159,-1.2000000476837158
28,41,0.7901942729949951,0.5
28,42,1.2336658239364624,-1.0
28,43,0.6980010271072388,0.0
28,44,1.229015588760376,0.800000011920929
29,0,0.5477086305618286,0.2150000035762787
29,1,-0.5950067043304443,0.3499999940395355
29,2,2.86008620262146,4.309999942779541
29,3,-1.117620825767517,0.17000000178813934
29,4,0.8294633626937866,2.2799999713897705
29,5,-0.1347145140171051,0.17000000178813934
29,6,-0.23578834533691406,1.2699999809265137
29,7,-0.5724021196365356,0.18000000715255737
29,8,-0.9682942628860474,2.015000104904175
29,9,-0.7236157655715942,0.10000000149011612
30,0,4.109795570373535,2.575000047683716
30,1,2.833359479904175,1.9049999713897705
30,2,2.1786248683929443,1.596666693687439
30,3,2.00593900680542,3.323333263397217
30,4,3.1643402576446533,0.9933333396911621
30,5,-0.3580353260040283,-0.006666666828095913
30,6,-0.6620746850967407,0.5600000023841858
30,7,1.5118129253387451,1.534999966621399
30,8,1.5722287893295288,2.56333327293396
30,9,0.4594627022743225,1.1733332872390747
30,10,1.5545622110366821,2.366666555404663
30,11,3.5137929916381836,1.3975000381469727
30,12,0.5497085452079773,1.309999942779541
30,13,-0.6126872897148132,2.0166666507720947
30,14,0.8913995027542114,1.5833333730697632
30,15,1.252409815788269,3.422499895095825
30,16,3.0993294715881348,1.3166667222976685
30,17,0.49382901191711426,1.2675000429153442
30,18,1.9789819717407227,1.309999942779541
30,19,1.3933665752410889,-0.3199999928474426
30,20,2.162163734436035,1.0924999713897705
30,21,1.1622998714447021,0.012500000186264515
30,22,0.3392724096775055,0.5866666436195374
30,23,4.184970378875732,4.679999828338623
30,24,0.34249329566955566,-0.13333334028720856
30,25,2.963860034942627,1.3949999809265137
30,26,3.259895086288452,4.142499923706055
30,27,2.075864791870117,1.6649999618530273
30,28,1.5933328866958618,1.059999942779541
30,29,3.186361312866211,1.9249999523162842
30,30,2.5337297916412354,1.5199999809265137
30,31,2.9496965408325195,1.899999976158142
31,0,2.2371633052825928,2.319999933242798
31,1,-0.9322762489318848,-0.6899999976158142
31,2,-0.8345746994018555,-2.0999999046325684
32,0,2.4680328369140625,0.10000000149011612
32,1,0.1923205852508545,0.800000011920929
32,2,2.1423583030700684,1.2999999523162842
32,3,-1.6306887865066528,0.26899999380111694
32,4,-1.10630202293396,0.4745454490184784
32,5,-0.6730327606201172,-0.05999999865889549
32,6,0.38344448804855347,0.01600000075995922
32,7,-1.34353768825531,0.3954545557498932
32,8,-0.6151642799377441,0.0416666679084301
32,9,-1.6003968715667725,0.15222221612930298
32,10,-0.5932992100715637,-0.09714286029338837
32,11,3.902878999710083,2.5966665744781494
32,12,0.9973334074020386,1.940000057220459
32,13,2.5844054222106934,1.2799999713897705
32,14,0.21972805261611938,-0.03333333507180214
32,15,0.6113159656524658,1.1460000276565552
32,16,1.0350520610809326,1.1319999694824219
32,17,-0.0397377610206604,-0.014000000432133675
32,18,2.2330236434936523,1.5180000066757202
32,19,0.36807188391685486,0.5149999856948853
32,20,-0.22279620170593262,-0.8899999856948853
32,21,0.3588406443595886,0.4399999976158142
32,22,-0.9531788229942322,0.6083333492279053
32,23,2.519162654876709,1.6440000534057617
32,24,0.5303605198860168,-0.08166666328907013
32,25,1.7680550813674927,0.9333333373069763
32,26,2.873047351837158,0.15000000596046448
32,27,0.7199387550354004,2.4179999828338623
32,28,2.2229361534118652,1.6579999923706055
32,29,2.8506903648376465,0.7333333492279053
32,30,-0.4926643967628479,-0.46142858266830444
32,31,-0.6111927032470703,0.8600000143051147
32,32,-0.033657193183898926,-0.09000000357627869
32,33,3.239546060562134,-0.9566666483879089
32,34,-1.1900118589401245,-0.476666659116745
32,35,-0.044379234313964844,-0.052000001072883606
32,36,1.4344929456710815,0.026000000536441803
32,37,-0.4929374158382416,-0.1899999976158142
32,38,0.6608990430831909,-0.20666666328907013
32,39,-0.21182268857955933,-0.2574999928474426
32,40,2.359304904937744,0.10999999940395355
32,41,2.154815912246704,0.0033333334140479565
32,42,2.0834174156188965,0.4166666567325592
32,43,1.5117851495742798,0.0833333358168602
32,44,1.757585883140564,0.550000011920929
32,45,0.2645712196826935,1.5499999523162842
32,46,-0.5052016973495483,1.7999999523162842
32,47,-1.7125420570373535,-0.6000000238418579
32,48,3.940028667449951,0.3499999940395355
32,49,1.0987528562545776,0.699999988079071
32,50,3.5819122791290283,0.10000000149011612
33,0,-0.714932918548584,-0.8500000238418579
33,1,2.6081767082214355,-1.100000023841858
33,2,-0.6520424485206604,-0.4000000059604645
33,3,-0.4258270263671875,-1.6150000095367432
33,4,0.03344041854143143,-0.5
33,5,-3.364525556564331,-0.8650000095367432
33,6,1.882625937461853,0.13333334028720856
33,7,2.5693135261535645,1.1333333253860474
33,8,0.8635860681533813,1.899999976158142
33,9,1.1479156017303467,1.2000000476837158
34,0,0.18995428085327148,1.125
35,0,0.4693397879600525,2.125
35,1,-0.6428033113479614,2.125
35,2,-0.13235712051391602,1.1950000524520874
35,3,2.3934359550476074,1.9049999713897705
35,4,0.6847307682037354,1.0
35,5,2.21169114112854,2.5999999046325684
36,0,0.200958251953125,3.0199999809265137
36,1,0.9022863507270813,3.015000104904175
36,2,-0.23656582832336426,3.259999990463257
36,3,0.5006223917007446,3.2699999809265137
36,4,1.0269653797149658,4.369999885559082
36,5,-2.4589810371398926,1.840000033378601
36,6,-0.09527444839477539,3.1700000762939453
36,7,0.13876855373382568,3.9800000190734863
36,8,0.15552306175231934,0.46000000834465027
36,9,4.652011394500732,3.700000047683716
36,10,4.890638828277588,3.799999952316284
36,11,3.757397174835205,4.0
36,12,-0.5336993932723999,0.0
36,13,0.863835334777832,2.4000000953674316
36,14,0.6137759685516357,2.700000047683716
36,15,-1.175325870513916,0.800000011920929
36,16,4.966042518615723,3.799999952316284
36,17,2.7541491985321045,3.700000047683716
36,18,2.189969539642334,1.2000000476837158
36,19,1.8224143981933594,3.700000047683716
37,0,0.7996314764022827,1.6549999713897705
37,1,1.3042259216308594,0.6025000214576721
37,2,1.484540343284607,2.8450000286102295
37,3,-1.231482982635498,-1.1916667222976685
37,4,5.157415390014648,-0.6949999928474426
37,5,2.287245750427246,1.4800000190734863
37,6,-0.4013063907623291,0.5849999785423279
37,7,-0.3915632963180542,-0.28999999165534973
37,8,0.4352426528930664,0.5149999856948853
37,9,-0.5417642593383789,-0.24500000476837158
37,10,1.8191176652908325,1.465000033378601
37,11,0.6029924154281616,0.8949999809265137
37,12,1.0282670259475708,0.45500001311302185
37,13,-2.0612430572509766,-0.7300000190734863
37,14,2.4313292503356934,-0.26249998807907104
37,15,-0.023034214973449707,-0.3100000023841858
37,16,-0.197401762008667,-0.5899999737739563
37,17,-0.9391169548034668,0.007499999832361937
37,18,3.0169930458068848,-0.046666666865348816
37,19,1.3183894157409668,0.009999999776482582
37,20,0.38728928565979004,0.3233333230018616
37,21,3.718094825744629,-0.9599999785423279
37,22,-0.6470140814781189,-0.36000001430511475
37,23,-0.05867934226989746,0.30000001192092896
37,24,0.09205913543701172,1.0
37,25,1.318389892578125,-0.07000000029802322
37,26,0.38728928565979004,0.28999999165534973
38,0,2.292161226272583,-0.10999999940395355
38,1,2.083012104034424,1.7200000286102295
38,2,1.9433631896972656,1.2899999618530273
38,3,1.2213342189788818,1.065000057220459
38,4,2.940826177597046,0.9350000023841858
38,5,2.994142532348633,0.7200000286102295
38,6,0.4428889751434326,0.3050000071525574
38,7,0.6353273391723633,1.9700000286102295
38,8,1.4688787460327148,0.47999998927116394
38,9,0.7462859749794006,1.4249999523162842
38,10,-0.004480123519897461,0.45500001311302185
38,11,3.479733467102051,2.627500057220459
38,12,4.071931838989258,4.176666736602783
38,13,3.774475574493408,4.960000038146973
38,14,0.6267046928405762,0.2549999952316284
38,15,3.3364098072052,1.8949999809265137
38,16,0.734787106513977,2.0799999237060547
38,17,3.19326114654541,2.6600000858306885
38,18,0.7878678441047668,0.4099999964237213
39,0,2.802320957183838,2.7200000286102295
39,1,2.7570908069610596,2.819999933242798
39,2,0.5841758251190186,0.12666666507720947
39,3,2.5651988983154297,1.3799999952316284
39,4,1.8925673961639404,2.75
39,5,3.4043123722076416,3.6566667556762695
39,6,0.40317845344543457,0.2433333396911621
39,7,-0.2162497341632843,5.414999961853027
39,8,0.7689149975776672,2.0999999046325684
40,0,-1.261263132095337,2.2200000286102295
40,1,0.0035849064588546753,5.105000019073486
40,2,-0.49649932980537415,5.0
40,3,-0.028229475021362305,4.179999828338623
41,0,0.8564469814300537,-0.7200000286102295
41,1,-0.9103291630744934,-0.8500000238418579
41,2,1.3819621801376343,-1.2999999523162842
41,3,-0.27293890714645386,0.8999999761581421
42,0,0.2970227003097534,0.699999988079071
42,1,2.4525582790374756,1.2999999523162842
42,2,0.8276944756507874,2.299999952316284
42,3,1.1927703619003296,5.099999904632568
42,4,-0.3426145315170288,2.5999999046325684
42,5,2.4599812030792236,2.9000000953674316
42,6,0.2034328579902649,0.0
42,7,0.09710454940795898,0.0
43,0,0.7436144351959229,1.899999976158142
43,1,0.4982461631298065,2.200000047683716
43,2,1.3377524614334106,-0.20000000298023224
43,3,0.783722996711731,2.700000047683716
43,4,1.0821939706802368,2.0999999046325684
43,5,0.9862614870071411,3.200000047683716
43,6,1.7525564432144165,3.450000047683716
43,7,0.20579028129577637,3.5199999809265137
43,8,3.790717601776123,12.0
43,9,4.027148246765137,11.699999809265137
43,10,1.4911638498306274,2.4000000953674316
43,11,2.4054341316223145,3.200000047683716
43,12,2.204812526702881,4.519999980926514
43,13,3.178865909576416,6.360000133514404
43,14,0.22891351580619812,0.4466666579246521
43,15,0.06743359565734863,0.046666666865348816
43,16,0.16319221258163452,-0.7699999809265137
43,17,2.290870428085327,3.75
43,18,2.735715866088867,7.340000152587891
43,19,1.3639668226242065,2.5899999141693115
43,20,2.2156808376312256,4.885000228881836
43,21,1.9323025941848755,2.875
43,22,3.118485689163208,5.510000228881836
43,23,1.757347822189331,2.009999990463257
43,24,2.82795786857605,3.5
43,25,0.8385916948318481,0.41499999165534973
43,26,0.4222959280014038,0.3100000023841858
43,27,2.580618381500244,2.922499895095825
43,28,3.2053418159484863,4.800000190734863
43,29,0.25591933727264404,0.800000011920929
43,30,1.2553234100341797,4.385000228881836
43,31,0.28500837087631226,0.07999999821186066
43,32,1.7299880981445312,2.8399999141693115
43,33,2.50844407081604,4.199999809265137
43,34,3.5116050243377686,7.28000020980835
43,35,1.2476825714111328,0.41499999165534973
43,36,1.5415347814559937,0.6800000071525574
43,37,2.7521629333496094,1.190000057220459
43,38,2.0920090675354004,1.909999966621399
43,39,2.9558684825897217,2.7850000858306885
43,40,0.3533663749694824,1.7949999570846558
43,41,0.627330482006073,2.190000057220459
43,42,-0.23323071002960205,1.0950000286102295
43,43,-0.583304762840271,1.9249999523162842
43,44,-0.06705880165100098,2.384999990463257
43,45,-0.6967818737030029,1.2999999523162842
43,46,0.46559250354766846,0.699999988079071
43,47,-0.5664637088775635,0.41499999165534973
43,48,-0.6259102821350098,2.5
43,49,0.9342396259307861,2.799999952316284
43,50,0.8346583843231201,2.200000047683716
43,51,-0.02429330348968506,-0.6000000238418579
44,0,-0.15511125326156616,0.6000000238418579
44,1,0.13266202807426453,-0.5
44,2,0.20625972747802734,2.5999999046325684
44,3,0.4751112461090088,2.0999999046325684
44,4,0.41358351707458496,0.699999988079071
44,5,0.8546037673950195,1.5
44,6,0.6231591701507568,1.0
44,7,0.24880146980285645,0.0
45,0,-1.75147545337677,-0.5733333230018616
45,1,1.6299712657928467,-0.8366666436195374
46,0,-0.15921351313591003,0.4300000071525574
46,1,0.7744070291519165,0.47999998927116394
46,2,-0.1475369930267334,0.23999999463558197
46,3,-0.42420920729637146,0.25999999046325684
47,0,-1.0925184488296509,1.399999976158142
47,1,2.1394927501678467,2.4000000953674316
47,2,2.519197463989258,0.800000011920929
47,3,2.476229190826416,0.15000000596046448
48,0,0.009142816066741943,-1.0700000524520874
48,1,-0.3821413516998291,-0.30000001192092896
48,2,-0.001360177993774414,-0.47999998927116394
48,3,0.11346021294593811,-0.7200000286102295
48,4,-2.1753745079040527,-1.25
48,5,0.21953502297401428,-0.44999998807907104
49,0,0.06976675987243652,-0.30000001192092896
49,1,1.0168602466583252,1.0
49,2,0.6995980739593506,1.899999976158142
49,3,1.1587592363357544,2.0
49,4,1.23048734664917,2.200000047683716
49,5,1.3304123878479004,2.4000000953674316
50,0,2.741177558898926,0.30000001192092896
50,1,5.450488090515137,-0.30000001192092896
51,0,0.9470235109329224,3.237499952316284
51,1,1.0086486339569092,3.066666603088379
51,2,1.0489336252212524,2.2725000381469727
52,0,0.021163836121559143,-0.17000000178813934
52,1,-0.7018458843231201,-0.7549999952316284
52,2,-0.5682685375213623,-0.6299999952316284
53,0,-0.4992694854736328,0.8999999761581421
54,0,1.266132116317749,-0.5
54,1,0.004154998809099197,-0.8100000023841858
54,2,3.733599901199341,0.675000011920929
54,3,2.416876792907715,-0.6200000047683716
55,0,2.3100714683532715,-1.25
55,1,0.08695613592863083,0.48500001430511475
55,2,-1.0736215114593506,0.28999999165534973
55,3,-0.16135182976722717,0.5
56,0,0.5503935217857361,-4.726666450500488
56,1,0.7601191997528076,-7.326666831970215
56,2,0.9332166910171509,-8.640000343322754
56,3,0.645751953125,-4.686666488647461
57,0,0.7898674011230469,1.8200000524520874
57,1,-0.022991418838500977,0.25999999046325684
57,2,-0.3327782154083252,-0.07000000029802322
57,3,0.9502304792404175,-0.8799999952316284
57,4,-0.7301887273788452,0.14000000059604645
57,5,0.26543474197387695,0.6700000166893005
57,6,-1.2611826658248901,-0.33000001311302185
57,7,-0.6870512962341309,0.8100000023841858
57,8,1.1478145122528076,1.399999976158142
58,0,1.1328275203704834,1.6833332777023315
58,1,-1.3364384174346924,-0.009999999776482582
58,2,-1.1637051105499268,0.9100000262260437
58,3,0.23736384510993958,-0.30000001192092896
59,0,1.2760815620422363,0.5299999713897705
59,1,-0.2849196195602417,0.8299999833106995
59,2,1.039717674255371,0.7599999904632568
59,3,0.005307793617248535,0.4449999928474426
59,4,-0.00773167610168457,-0.23999999463558197
59,5,-0.2910303771495819,0.9100000262260437
59,6,-0.6103900671005249,-0.07000000029802322
59,7,-0.5815163254737854,-0.4300000071525574
59,8,-0.551490068435669,1.190000057220459
59,9,-0.02174389362335205,-0.11999999731779099
59,10,0.026109665632247925,0.07000000029802322
59,11,-0.6676073670387268,-0.33000001311302185
59,12,-0.3448335528373718,-0.07500000298023224
59,13,0.5628436803817749,1.100000023841858
59,14,-0.8985262513160706,0.07500000298023224
59,15,-1.26503324508667,-0.36000001430511475
59,16,-1.2563894987106323,-0.5699999928474426
59,17,0.09487530589103699,0.25999999046325684
59,18,0.29671961069107056,1.2899999618530273
59,19,0.3487328290939331,0.25999999046325684
59,20,-0.09582975506782532,0.7400000095367432
59,21,-0.5177438259124756,-0.1899999976158142
59,22,-0.7435557842254639,0.5
59,23,-0.29719486832618713,1.3600000143051147
59,24,-0.15267397463321686,0.45500001311302185
59,25,-0.6593706607818604,0.4050000011920929
59,26,0.14220353960990906,0.5
59,27,-0.8222656846046448,0.800000011920929
60,0,-0.9591062068939209,-0.550000011920929
60,1,-0.9064741730690002,1.159999966621399
60,2,2.7645151615142822,1.2799999713897705
60,3,1.4333186149597168,1.5449999570846558
61,0,2.3371620178222656,1.4249999523162842
61,1,1.395683765411377,0.8500000238418579
61,2,-0.3635518550872803,1.8503717628539684e-17
61,3,-0.6320136189460754,-0.05000000074505806
61,4,3.100961685180664,-0.15000000596046448
61,5,3.5580687522888184,1.625
61,6,2.9369242191314697,2.375
61,7,2.398021697998047,1.625
61,8,2.324542999267578,0.5
61,9,2.736527919769287,-1.2999999523162842
62,0,0.2653787136077881,0.9150000214576721
62,1,0.21250534057617188,-0.24500000476837158
62,2,3.6719398498535156,-0.8899999856948853
62,3,2.0487542152404785,2.4100000858306885
62,4,2.5935444831848145,1.899999976158142
62,5,2.716815948486328,2.450000047683716
62,6,-1.787588357925415,-2.5
62,7,3.0549874305725098,1.100000023841858
62,8,-0.8984572887420654,-0.8999999761581421
62,9,-1.1656949520111084,0.0
62,10,2.4848828315734863,0.6000000238418579
62,11,-1.0022790431976318,-0.6000000238418579
62,12,-0.5020431280136108,-0.800000011920929
62,13,1.963040828704834,0.7666666507720947
63,0,-0.5352161526679993,-1.0850000381469727
63,1,0.9356570243835449,-2.3499999046325684
63,2,0.8919118642807007,-0.8999999761581421
63,3,0.547653079032898,-1.6399999856948853
63,4,0.2490813136100769,-2.180000066757202
63,5,2.3523263931274414,2.9200000762939453
63,6,1.9423015117645264,2.130000114440918
63,7,2.9740548133850098,4.420000076293945
63,8,2.4213480949401855,4.539999961853027
63,9,1.9619265794754028,3.9700000286102295
63,10,2.2412149906158447,2.869999885559082
63,11,2.4967546463012695,4.039999961853027
63,12,2.7135629653930664,5.260000228881836
63,13,2.565910816192627,2.609999895095825
64,0,1.3896231651306152,3.890000104904175
65,0,-0.2948598861694336,0.125
65,1,-0.9487521052360535,1.625
66,0,-0.8146917223930359,-1.2899999618530273
66,1,0.2045310139656067,-2.049999952316284
66,2,-0.7371759414672852,-1.5499999523162842
66,3,-0.5644255876541138,0.019999999552965164
66,4,-0.1397782266139984,-0.33000001311302185
66,5,-1.0142040252685547,-0.5799999833106995
66,6,-1.441697597503662,0.3499999940395355
66,7,-0.776531457901001,0.03999999910593033
66,8,-0.7100223302841187,-0.11999999731779099
67,0,3.950922727584839,3.5999999046325684
67,1,3.1641077995300293,2.0
67,2,2.7907912731170654,2.0
67,3,4.102365493774414,3.0999999046325684
67,4,3.7117624282836914,3.799999952316284
67,5,3.858206272125244,2.5
67,6,4.605900764465332,2.700000047683716
67,7,4.771218299865723,3.299999952316284
67,8,4.445400238037109,0.20000000298023224
67,9,4.595195293426514,1.2000000476837158
67,10,4.031079292297363,2.0999999046325684
68,0,1.8144221305847168,1.0750000476837158
68,1,0.8898023366928101,0.8700000047683716
68,2,0.4460031986236572,1.3700000047683716
68,3,2.9500303268432617,0.7599999904632568
68,4,2.036175012588501,0.7699999809265137
68,5,1.1322765350341797,0.9800000190734863
68,6,2.1258058547973633,0.9100000262260437
68,7,1.2145437002182007,0.4749999940395355
68,8,1.8897706270217896,0.550000011920929
68,9,0.6804269552230835,0.6000000238418579
68,10,0.8264038562774658,1.2599999904632568
68,11,1.3307605981826782,0.3400000035762787
68,12,1.147713541984558,0.6600000262260437
68,13,1.2611713409423828,1.5299999713897705
68,14,1.473069429397583,0.4000000059604645
68,15,0.9494665861129761,1.2699999809265137
68,16,1.4012848138809204,0.5099999904632568
68,17,1.4079458713531494,0.9700000286102295
68,18,0.39452600479125977,-0.18000000715255737
69,0,-1.1250420808792114,-1.899999976158142
70,0,0.9712212085723877,-1.399999976158142
70,1,0.9689021706581116,0.699999988079071
70,2,-2.855471611022949,-0.20000000298023224
70,3,-0.535739541053772,1.100000023841858
71,0,1.545738935470581,-1.2999999523162842
71,1,0.7430448532104492,-3.0
72,0,-0.36673903465270996,0.6000000238418579
73,0,1.1564404964447021,0.699999988079071
73,1,2.6066861152648926,0.699999988079071
74,0,1.2078059911727905,1.0499999523162842
74,1,0.11900746822357178,-0.05000000074505806
74,2,1.9390532970428467,1.25
74,3,1.6829655170440674,1.350000023841858
75,0,-0.5221512317657471,1.0
76,0,2.0162086486816406,2.4000000953674316
76,1,-0.7817867994308472,-0.10000000149011612
76,2,-0.05597929656505585,1.0
76,3,-0.6436655521392822,-0.6000000238418579
76,4,0.30843639373779297,1.100000023841858
76,5,-0.9600251317024231,-0.30000001192092896
76,6,0.12057526409626007,0.8999999761581421
76,7,-0.09775295853614807,0.6000000238418579
76,8,0.010552957653999329,0.5
76,9,0.7084090709686279,1.399999976158142
77,0,1.678398609161377,1.2999999523162842
77,1,3.3173670768737793,1.7999999523162842
77,2,3.018580198287964,4.5
77,3,-0.13289451599121094,0.6000000238418579
77,4,1.8413645029067993,0.8999999761581421
77,5,2.337067127227783,2.4000000953674316
77,6,0.22888612747192383,1.7999999523162842
77,7,3.4658000469207764,2.700000047683716
77,8,2.560701847076416,1.2999999523162842
77,9,0.3175654411315918,0.4000000059604645
77,10,2.9987075328826904,2.9000000953674316
77,11,2.198852300643921,0.6000000238418579
77,12,1.5594401359558105,1.7000000476837158
77,13,-0.3237002491950989,0.20000000298023224
77,14,1.8468077182769775,1.2000000476837158
77,15,2.1812942028045654,1.0
77,16,2.360079526901245,0.699999988079071
77,17,4.76801061630249,5.199999809265137
77,18,3.7064332962036133,3.299999952316284
77,19,1.662795066833496,0.8999999761581421
77,20,2.865084171295166,1.100000023841858
77,21,2.7741024494171143,3.0999999046325684
77,22,1.7819194793701172,0.4000000059604645
77,23,0.8674668073654175,0.0
77,24,3.027599811553955,2.5
77,25,-0.539910078048706,1.2000000476837158
77,26,-1.0501699447631836,-0.30000001192092896
77,27,0.8207982182502747,0.800000011920929
77,28,-1.723893642425537,0.20000000298023224
77,29,2.9890499114990234,0.6000000238418579
77,30,-0.9374387264251709,1.5
77,31,-0.9172663688659668,-0.4000000059604645
77,32,0.26104608178138733,0.10000000149011612
77,33,0.8066611886024475,1.100000023841858
77,34,2.543377637863159,1.600000023841858
77,35,3.6497344970703125,2.700000047683716
77,36,1.7018098831176758,2.0999999046325684
77,37,-2.238043785095215,-1.100000023841858
77,38,3.7462987899780273,1.899999976158142
78,0,3.1775221824645996,4.0
78,1,3.4174182415008545,3.200000047683716
78,2,3.5443804264068604,-2.5
78,3,-2.211293935775757,-2.700000047683716
78,4,1.8967812061309814,-0.800000011920929
78,5,2.7418177127838135,0.20000000298023224
78,6,0.7008679509162903,0.0
78,7,1.9154983758926392,1.5
78,8,1.9010199308395386,3.0999999046325684
78,9,3.2021307945251465,1.899999976158142
78,10,1.9796687364578247,1.0
78,11,0.6094789505004883,0.800000011920929
78,12,2.613460063934326,2.299999952316284
78,13,0.679065465927124,1.5
78,14,3.1695687770843506,-3.4000000953674316
78,15,2.0094356536865234,0.6000000238418579
78,16,2.2669923305511475,1.0
78,17,0.6872146129608154,1.5
78,18,0.3266731798648834,0.30000001192092896
78,19,3.0781490802764893,3.5
78,20,1.3862011432647705,1.399999976158142
78,21,2.2935824394226074,1.2999999523162842
78,22,2.0045735836029053,0.5
78,23,1.8853814601898193,1.0
78,24,2.0006444454193115,1.7000000476837158
78,25,2.3980624675750732,1.0
78,26,0.887633204460144,1.5
78,27,1.42425537109375,1.0
78,28,1.3877918720245361,1.2999999523162842
78,29,0.34622204303741455,0.800000011920929
78,30,0.9427239894866943,0.800000011920929
79,0,2.4314846992492676,1.600000023841858
79,1,1.0663561820983887,3.5
79,2,-0.08904707431793213,1.5
79,3,2.8636984825134277,1.2999999523162842
79,4,3.478480339050293,4.300000190734863
79,5,1.9488048553466797,1.7000000476837158
79,6,0.629223108291626,1.399999976158142
79,7,0.25301599502563477,1.7000000476837158
79,8,0.8163288235664368,1.7000000476837158
79,9,2.1522226333618164,5.349999904632568
79,10,2.5959036350250244,4.0
79,11,2.006031036376953,0.5
79,12,0.7703988552093506,1.600000023841858
79,13,1.6518633365631104,1.7999999523162842
79,14,0.894392192363739,1.399999976158142
79,15,3.310831069946289,2.5999999046325684
79,16,0.562629759311676,1.7999999523162842
79,17,2.3416693210601807,0.30000001192092896
79,18,2.4319610595703125,2.5
79,19,3.4853036403656006,1.600000023841858
79,20,3.5762076377868652,1.899999976158142
79,21,3.0226316452026367,1.899999976158142
79,22,3.4774057865142822,1.5
79,23,1.2930622100830078,0.0
79,24,1.1298248767852783,0.05000000074505806
79,25,-0.466632604598999,-0.699999988079071
79,26,2.907294511795044,2.200000047683716
80,0,0.04235219955444336,-4.0
81,0,-2.8003921508789062,-0.10000000149011612
82,0,0.8913805484771729,1.100000023841858
82,1,1.7302895784378052,2.0
83,0,2.561904191970825,1.399999976158142
84,0,3.2203595638275146,3.299999952316284
84,1,2.972913980484009,3.5
85,0,0.23631823062896729,-5.0
85,1,0.33141326904296875,0.699999988079071
86,0,4.1718597412109375,-1.100000023841858
86,1,1.2899906635284424,2.200000047683716
86,2,2.357550621032715,0.5
86,3,3.201953172683716,2.799999952316284
86,4,0.20934653282165527,0.5
86,5,3.232675075531006,-0.8999999761581421
86,6,3.4409685134887695,2.5999999046325684
86,7,1.1037226915359497,1.7999999523162842
86,8,2.1713433265686035,4.0
86,9,0.30024176836013794,-2.299999952316284
86,10,0.364411860704422,-0.4000000059604645
86,11,0.05487486720085144,-0.10000000149011612
87,0,0.6981239914894104,3.4000000953674316
87,1,1.6547462940216064,4.199999809265137
87,2,2.1596810817718506,1.7000000476837158
88,0,0.611738920211792,2.5
88,1,2.897021770477295,2.5999999046325684
88,2,0.4189107418060303,2.200000047683716
88,3,0.08827105164527893,0.10000000149011612
88,4,0.9671357274055481,0.4000000059604645
88,5,0.15491539239883423,2.5999999046325684
