protein_idx,mut_index,pred,true
0,0,-0.025577325373888016,1.7899999618530273
0,1,0.3750947117805481,1.149999976158142
0,2,-0.5593557953834534,-5.300000190734863
0,3,0.4293847680091858,-5.199999809265137
0,4,-0.72899329662323,-6.800000190734863
1,0,1.6684198379516602,3.700000047683716
1,1,-0.38201525807380676,4.550000190734863
1,2,-0.4042075574398041,2.4000000953674316
1,3,0.2893604636192322,4.550000190734863
1,4,1.5423953533172607,0.699999988079071
2,0,0.3067343831062317,-0.550000011920929
2,1,-1.9373260736465454,-0.8100000023841858
2,2,-0.6890233755111694,-0.1899999976158142
3,0,0.25365328788757324,0.6600000262260437
3,1,1.3478870391845703,-0.46000000834465027
3,2,0.6809779405593872,0.3700000047683716
3,3,2.2611873149871826,0.7099999785423279
3,4,-1.7208133935928345,0.15000000596046448
4,0,0.44732826948165894,1.0
4,1,-0.696692168712616,-0.9599999785423279
4,2,0.18085436522960663,0.6000000238418579
4,3,-0.0034456849098205566,0.14000000059604645
4,4,1.643864393234253,3.319999933242798
4,5,0.009478569030761719,1.9600000381469727
4,6,0.2886319160461426,1.5800000429153442
4,7,-0.09354162216186523,0.8600000143051147
4,8,0.35671842098236084,1.3200000524520874
4,9,0.3242809772491455,0.7900000214576721
5,0,-0.11926034092903137,0.07999999821186066
5,1,0.17568445205688477,-0.46000000834465027
5,2,0.5196924805641174,-0.7699999809265137
5,3,0.0007569193840026855,-0.550000011920929
5,4,-0.27624380588531494,1.909999966621399
5,5,0.670685350894928,1.4800000190734863
5,6,-0.11453354358673096,1.6699999570846558
5,7,0.6898884177207947,-0.5299999713897705
5,8,0.16739434003829956,-0.25999999046325684
5,9,0.9846663475036621,-1.6299999952316284
5,10,0.022892192006111145,0.33000001311302185
6,0,0.6349865198135376,0.1599999964237213
6,1,0.908729612827301,1.0399999618530273
6,2,0.3876993656158447,1.2000000476837158
6,3,0.2775111198425293,1.5800000429153442
6,4,0.7710652351379395,1.0099999904632568
7,0,0.3074760437011719,0.05000000074505806
7,1,-0.3460153639316559,0.23000000417232513
7,2,1.096135139465332,2.1500000953674316
7,3,-0.5364685654640198,0.10999999940395355
7,4,-0.4439654052257538,1.8799999952316284
7,5,0.2365482598543167,1.0499999523162842
7,6,-0.15359237790107727,4.039999961853027
7,7,-0.8517614603042603,-0.1899999976158142
7,8,-0.6953915357589722,0.25
7,9,-0.4111330509185791,0.07000000029802322
8,0,1.1047658920288086,1.909999966621399
8,1,-0.156447172164917,2.1500000953674316
8,2,0.08088255673646927,0.9599999785423279
8,3,-0.02177312597632408,2.130000114440918
8,4,0.0065894341096282005,0.8999999761581421
8,5,-0.3558080196380615,1.2000000476837158
9,0,0.6300265192985535,1.399999976158142
9,1,-0.16010069847106934,0.800000011920929
9,2,3.7192137241363525,2.4000000953674316
9,3,2.2430410385131836,0.10000000149011612
10,0,-0.6778384447097778,1.600000023841858
10,1,0.015199840068817139,5.0
11,0,-0.3195755183696747,1.1200000047683716
11,1,0.7538967132568359,0.8999999761581421
11,2,-1.8376175165176392,0.019999999552965164
11,3,0.9864555597305298,1.690000057220459
11,4,-0.28116077184677124,1.440000057220459
11,5,1.182313323020935,2.25
11,6,0.9306704998016357,1.0499999523162842
11,7,-0.338155597448349,1.2100000381469727
11,8,0.3349103331565857,0.9900000095367432
11,9,-2.089953899383545,1.6799999475479126
11,10,-2.015460252761841,-1.059999942779541
11,11,1.4716997146606445,1.7899999618530273
11,12,0.9077494740486145,0.44999998807907104
11,13,1.6813262701034546,2.440000057220459
12,0,0.8619292378425598,0.4399999976158142
12,1,0.5718197822570801,0.25
12,2,-0.08062982559204102,0.20000000298023224
12,3,0.7275466322898865,0.25
13,0,3.2143592834472656,1.649999976158142
13,1,0.36027759313583374,1.5099999904632568
13,2,0.18662023544311523,1.2899999618530273
13,3,2.3089780807495117,1.7300000190734863
13,4,0.3314061164855957,1.409999966621399
13,5,0.24660277366638184,1.5700000524520874
13,6,0.48322439193725586,1.6699999570846558
13,7,0.5961172580718994,1.840000033378601
13,8,0.4808424711227417,1.409999966621399
13,9,0.0813910961151123,2.630000114440918
13,10,0.30645012855529785,1.840000033378601
13,11,0.52115797996521,0.2800000011920929
13,12,0.6388779282569885,2.5399999618530273
13,13,-0.2532510757446289,1.6299999952316284
13,14,-0.04878711700439453,1.8700000047683716
13,15,-0.12630224227905273,1.8799999952316284
13,16,0.39340662956237793,0.019999999552965164
13,17,1.650166392326355,1.5
13,18,-0.7016388177871704,-1.0399999618530273
13,19,-0.6178693771362305,2.240000009536743
13,20,1.0107766389846802,-0.10000000149011612
14,0,0.9978496432304382,1.350000023841858
14,1,0.8331547379493713,0.5699999928474426
14,2,1.5415806770324707,0.4300000071525574
14,3,1.1473102569580078,0.8399999737739563
14,4,-0.18360969424247742,1.1399999856948853
14,5,1.7389423847198486,1.2300000190734863
14,6,0.32746386528015137,0.6000000238418579
14,7,1.1189579963684082,0.7300000190734863
14,8,1.0699275732040405,0.5699999928474426
14,9,0.8293251991271973,0.8999999761581421
14,10,0.8642939329147339,-0.23000000417232513
14,11,1.7566275596618652,0.6499999761581421
14,12,0.12476557493209839,-0.2199999988079071
14,13,0.599265456199646,-0.27000001072883606
14,14,0.35054680705070496,0.6399999856948853
14,15,2.350545883178711,1.0399999618530273
14,16,1.1781249046325684,0.23999999463558197
15,0,-0.47495341300964355,-0.699999988079071
16,0,0.4841935634613037,0.4000000059604645
17,0,-0.40311822295188904,0.49000000953674316
17,1,-2.0569868087768555,-0.3799999952316284
17,2,0.2145005613565445,0.36000001430511475
18,0,-0.15674030780792236,3.450000047683716
19,0,-1.277095079421997,1.4199999570846558
19,1,1.0842046737670898,0.5600000023841858
19,2,0.40282589197158813,0.23999999463558197
19,3,-0.7325236797332764,0.5600000023841858
19,4,1.5111384391784668,0.8199999928474426
19,5,0.2898881435394287,0.75
19,6,-0.4661615788936615,0.7400000095367432
19,7,0.17980626225471497,0.15000000596046448
19,8,-0.954927921295166,0.10999999940395355
19,9,-0.7634822726249695,0.1899999976158142
19,10,0.7579585909843445,0.5099999904632568
19,11,0.06020665168762207,0.4300000071525574
19,12,-0.24568942189216614,0.15000000596046448
19,13,0.6567337512969971,0.2800000011920929
19,14,0.41472455859184265,0.6399999856948853
19,15,0.2387242615222931,0.6200000047683716
19,16,-1.2118558883666992,1.0700000524520874
19,17,-0.6764841079711914,0.75
19,18,-0.9654232263565063,0.09000000357627869
19,19,0.5097293853759766,0.7599999904632568
19,20,-0.44188132882118225,0.7699999809265137
19,21,-0.17724618315696716,0.27000001072883606
19,22,-0.0715467631816864,0.10999999940395355
19,23,1.200019121170044,3.0399999618530273
19,24,0.42323386669158936,2.4200000762939453
19,25,-0.7903950810432434,0.800000011920929
19,26,0.2928151488304138,1.2300000190734863
19,27,-0.4063638150691986,0.8399999737739563
19,28,0.16221415996551514,4.03000020980835
19,29,0.057408154010772705,1.2799999713897705
19,30,1.2039706707000732,1.909999966621399
19,31,0.14040234684944153,0.10999999940395355
19,32,0.2887483537197113,1.2200000286102295
19,33,-0.9307444095611572,2.4000000953674316
19,34,-2.271029472351074,2.0999999046325684
19,35,-0.2935003340244293,2.700000047683716
19,36,-2.033389091491699,2.200000047683716
19,37,-0.638748288154602,4.349999904632568
19,38,2.0374653339385986,2.9100000858306885
19,39,1.888735294342041,3.299999952316284
19,40,2.3838350772857666,2.619999885559082
19,41,2.4705166816711426,2.9100000858306885
19,42,1.499529480934143,2.7200000286102295
19,43,2.429234504699707,2.609999895095825
19,44,2.21744704246521,3.049999952316284
19,45,2.6134235858917236,3.2799999713897705
19,46,-0.3057960867881775,-0.7400000095367432
19,47,0.21686343848705292,0.23999999463558197
19,48,-0.19318650662899017,1.9900000095367432
19,49,-0.7116480469703674,2.380000114440918
19,50,-2.6193220615386963,0.6499999761581421
19,51,0.12226039171218872,1.0499999523162842
19,52,-1.0223156213760376,1.7400000095367432
19,53,-0.12003219872713089,1.5199999809265137
19,54,0.15022362768650055,1.090000033378601
19,55,-0.33007824420928955,2.190000057220459
19,56,1.3418421745300293,1.7400000095367432
19,57,0.6621658802032471,0.800000011920929
19,58,0.34607577323913574,3.5899999141693115
19,59,0.2601346969604492,1.0499999523162842
19,60,0.5031668543815613,1.1100000143051147
19,61,0.16018670797348022,0.6899999976158142
19,62,1.0430909395217896,4.710000038146973
19,63,0.37492239475250244,1.659999966621399
19,64,1.0158541202545166,1.2899999618530273
19,65,1.1378238201141357,0.9399999976158142
19,66,0.3026970624923706,0.3700000047683716
19,67,0.7340763807296753,1.7100000381469727
19,68,2.6848373413085938,2.640000104904175
19,69,0.3018171787261963,0.8700000047683716
19,70,0.0597376823425293,0.1599999964237213
19,71,-0.053271472454071045,-0.8399999737739563
19,72,-0.20540061593055725,-0.5400000214576721
19,73,-0.0348777249455452,-0.4399999976158142
19,74,1.2875466346740723,0.30000001192092896
19,75,-0.13338398933410645,0.3499999940395355
19,76,-0.3166258633136749,-0.5899999737739563
19,77,1.581571102142334,1.340000033378601
19,78,3.359776258468628,2.819999933242798
19,79,0.22792840003967285,0.30000001192092896
19,80,-0.5061913728713989,2.2699999809265137
19,81,0.17758220434188843,2.5399999618530273
19,82,1.1703753471374512,2.2699999809265137
19,83,0.2379438281059265,-0.4000000059604645
19,84,-0.7895997166633606,1.8300000429153442
19,85,0.8871709108352661,1.6299999952316284
19,86,0.45556703209877014,1.940000057220459
19,87,0.12896031141281128,0.12999999523162842
19,88,-1.2374441623687744,-1.190000057220459
19,89,-0.03234799951314926,0.029999999329447746
19,90,1.638922929763794,1.0399999618530273
19,91,0.5871362090110779,-0.0
19,92,0.3543238639831543,0.10000000149011612
19,93,0.13965272903442383,-0.6399999856948853
19,94,0.17460614442825317,3.200000047683716
19,95,-0.5645211338996887,2.0399999618530273
19,96,0.5337511897087097,2.8299999237060547
19,97,0.11921342462301254,4.429999828338623
19,98,0.014373131096363068,1.4700000286102295
19,99,-0.3522619605064392,-0.5
19,100,-0.2752477526664734,-0.5
19,101,0.9631947875022888,0.4699999988079071
19,102,-0.40025782585144043,-0.15000000596046448
19,103,-0.22698161005973816,-0.07999999821186066
19,104,0.4879235029220581,1.840000033378601
19,105,0.060391247272491455,2.890000104904175
19,106,1.5281453132629395,2.2100000381469727
19,107,-0.48415008187294006,0.3799999952316284
19,108,0.8958644866943359,1.4800000190734863
19,109,-0.7853440046310425,-0.23999999463558197
19,110,0.23795074224472046,1.659999966621399
19,111,1.0015312433242798,1.9500000476837158
19,112,-0.13975626230239868,0.03999999910593033
19,113,0.5739616751670837,0.05000000074505806
19,114,0.23432141542434692,1.4800000190734863
19,115,0.24235135316848755,1.2899999618530273
19,116,0.8841161727905273,1.7200000286102295
19,117,-0.12454259395599365,0.5600000023841858
19,118,1.6941018104553223,2.309999942779541
19,119,-0.05186764895915985,2.2100000381469727
19,120,0.8822242617607117,-0.10999999940395355
19,121,0.4326973855495453,0.27000001072883606
19,122,0.9823943376541138,1.090000033378601
19,123,-0.017831169068813324,2.059999942779541
19,124,0.5525545477867126,1.2699999809265137
19,125,0.11113343387842178,1.8700000047683716
19,126,0.41333138942718506,0.2199999988079071
19,127,-0.6398313045501709,-0.23999999463558197
19,128,0.4718737304210663,2.869999885559082
19,129,0.03334689140319824,3.4600000381469727
19,130,2.9484152793884277,2.369999885559082
19,131,0.03229212015867233,1.399999976158142
19,132,-0.031716518104076385,1.1100000143051147
19,133,0.5223819017410278,1.6100000143051147
19,134,1.0248308181762695,2.3399999141693115
19,135,-0.005397379398345947,1.0399999618530273
19,136,0.011399030685424805,1.1200000047683716
19,137,0.010065704584121704,1.2400000095367432
19,138,-0.020134180784225464,0.05999999865889549
19,139,1.2270716428756714,3.490000009536743
19,140,-0.1816554069519043,0.5199999809265137
19,141,-0.35500389337539673,2.119999885559082
19,142,-0.010056629776954651,0.4399999976158142
19,143,-0.4893827438354492,4.019999980926514
19,144,-0.505120038986206,2.2799999713897705
19,145,-0.5200339555740356,-0.05000000074505806
19,146,-0.12959325313568115,1.350000023841858
19,147,0.6698415875434875,0.9700000286102295
19,148,1.5322989225387573,3.309999942779541
19,149,0.37671899795532227,1.409999966621399
19,150,0.8465988636016846,4.510000228881836
19,151,0.7543601989746094,4.010000228881836
19,152,2.1667556762695312,3.4000000953674316
20,0,-0.5878987312316895,-0.6000000238418579
21,0,1.4693166017532349,3.9000000953674316
21,1,1.6115944385528564,1.1100000143051147
21,2,2.2657511234283447,3.009999990463257
21,3,-0.06914326548576355,1.7000000476837158
21,4,-0.49514439702033997,1.2999999523162842
21,5,0.012042522430419922,2.4000000953674316
21,6,0.335237979888916,2.700000047683716
21,7,0.3285818099975586,2.200000047683716
21,8,1.886197566986084,4.300000190734863
21,9,3.3240814208984375,4.099999904632568
21,10,0.8992997407913208,2.799999952316284
21,11,1.8675204515457153,1.7000000476837158
21,12,-0.20015105605125427,4.699999809265137
21,13,0.2654329836368561,2.9000000953674316
21,14,0.12686693668365479,3.4000000953674316
21,15,1.1558406352996826,4.699999809265137
21,16,2.028205394744873,3.799999952316284
21,17,-0.08887094259262085,0.6000000238418579
21,18,2.3199410438537598,5.0
21,19,1.7004348039627075,3.700000047683716
21,20,1.1164218187332153,0.699999988079071
22,0,0.398311972618103,-0.7599999904632568
22,1,-0.2919234037399292,-0.36000001430511475
23,0,0.24806463718414307,-0.10000000149011612
23,1,0.8867126703262329,0.10000000149011612
23,2,-0.02525072544813156,0.699999988079071
23,3,-0.4129978120326996,1.0399999618530273
23,4,0.18297219276428223,1.090000033378601
23,5,-0.17046917974948883,0.7900000214576721
23,6,0.6708399057388306,1.1699999570846558
23,7,-2.093066930770874,-0.550000011920929
23,8,-0.1997155249118805,0.05000000074505806
23,9,-0.13234426081180573,-0.3799999952316284
23,10,-0.8513599634170532,-0.75
23,11,0.4497348666191101,0.3700000047683716
24,0,2.16579270362854,2.619999885559082
24,1,-0.16881540417671204,0.25999999046325684
24,2,-1.711747646331787,0.6800000071525574
24,3,-0.681332528591156,0.5199999809265137
24,4,-0.050702840089797974,0.6200000047683716
24,5,-0.16860827803611755,0.44999998807907104
24,6,0.07599291205406189,0.05000000074505806
24,7,1.2966487407684326,-0.03999999910593033
24,8,-0.06662667542695999,0.8299999833106995
24,9,3.011049270629883,2.1700000762939453
24,10,-0.033948302268981934,0.9900000095367432
24,11,2.8183882236480713,2.0999999046325684
24,12,-0.7700170278549194,2.200000047683716
24,13,1.3888354301452637,0.6000000238418579
24,14,-0.7634537220001221,1.100000023841858
24,15,0.3246116638183594,0.8999999761581421
24,16,1.1275075674057007,0.6499999761581421
24,17,0.5923569202423096,0.9200000166893005
24,18,0.218397855758667,0.8600000143051147
24,19,1.3520159721374512,0.6299999952316284
24,20,0.9418187141418457,1.7999999523162842
24,21,-0.339092493057251,0.6000000238418579
24,22,1.2458100318908691,1.100000023841858
24,23,0.4238753318786621,1.100000023841858
24,24,-0.10781216621398926,-0.6000000238418579
24,25,1.8402153253555298,-0.8999999761581421
24,26,0.4178304672241211,0.10000000149011612
24,27,-0.15594029426574707,0.6000000238418579
24,28,1.971863865852356,0.6000000238418579
24,29,0.36809635162353516,-0.0
24,30,0.23766684532165527,1.5
24,31,1.4616377353668213,0.800000011920929
24,32,0.8765115737915039,2.200000047683716
24,33,0.3289811611175537,1.100000023841858
24,34,1.6392916440963745,-0.10000000149011612
24,35,0.991459846496582,1.7000000476837158
24,36,-0.08494234085083008,0.800000011920929
24,37,1.4009335041046143,1.2000000476837158
24,38,0.1675877571105957,-0.0
24,39,1.2613461017608643,-0.0
24,40,0.8379141092300415,0.10000000149011612
25,0,1.082560420036316,-3.009999990463257
25,1,0.048015594482421875,-1.5
25,2,-0.7934143543243408,-1.7999999523162842
25,3,-0.758716344833374,-1.399999976158142
25,4,-0.3621537685394287,-3.799999952316284
25,5,-0.1531972885131836,-1.7999999523162842
25,6,-0.873063325881958,-2.200000047683716
25,7,-0.8666695356369019,-0.3499999940395355
25,8,-0.41851186752319336,-2.299999952316284
25,9,-0.20424985885620117,0.4000000059604645
25,10,-0.020444393157958984,1.0
25,11,-0.10097432136535645,0.4000000059604645
25,12,-1.0849485397338867,-0.0
25,13,-0.7283216714859009,-0.800000011920929
25,14,-1.0374674797058105,-0.8999999761581421
25,15,-0.9620434641838074,-0.8999999761581421
25,16,-0.4910474121570587,-0.6000000238418579
25,17,-2.5154051780700684,-1.600000023841858
25,18,0.03988981246948242,-2.0999999046325684
25,19,-0.5914872288703918,-1.75
25,20,-0.45022934675216675,-0.8399999737739563
25,21,0.00928197056055069,0.5400000214576721
25,22,0.002051284536719322,-0.8899999856948853
25,23,-0.049363844096660614,-1.0
25,24,-1.6413729190826416,-2.299999952316284
25,25,0.9159992933273315,2.440000057220459
25,26,-0.883527398109436,-1.0
25,27,-1.0189367532730103,-1.0
25,28,-3.143709659576416,-1.0
25,29,-0.36507534980773926,-0.20000000298023224
25,30,-0.09835636615753174,0.699999988079071
25,31,-0.41916918754577637,-0.5
25,32,-0.35773491859436035,0.6000000238418579
25,33,-0.6646597385406494,-0.6000000238418579
25,34,-0.8327614068984985,1.2000000476837158
25,35,-0.2987792491912842,-0.4000000059604645
25,36,-0.01745152473449707,0.30000001192092896
25,37,-0.6345984935760498,0.20000000298023224
25,38,-0.7973735332489014,0.30000001192092896
25,39,-0.7158143520355225,0.4699999988079071
25,40,0.346646785736084,-0.9800000190734863
25,41,0.6582506895065308,0.20999999344348907
25,42,-0.6552571058273315,-1.1799999475479126
26,0,-0.5553270578384399,-2.3499999046325684
26,1,-0.2685800790786743,1.7999999523162842
27,0,3.111311435699463,0.949999988079071
27,1,1.9199438095092773,0.75
27,2,1.2137737274169922,0.5
27,3,0.883945107460022,-0.05999999865889549
27,4,0.8236100673675537,0.3100000023841858
27,5,-1.6195389032363892,0.3100000023841858
27,6,0.9086401462554932,-0.4300000071525574
27,7,1.6039470434188843,-0.03999999910593033
27,8,-0.5692939162254333,-0.3499999940395355
27,9,3.007558822631836,0.47999998927116394
27,10,1.1821062564849854,-2.5
27,11,-0.14622370898723602,-2.700000047683716
27,12,1.7081563472747803,-3.299999952316284
27,13,2.1483817100524902,-2.640000104904175
28,0,-0.6521782875061035,4.269999980926514
28,1,-0.13982391357421875,2.509999990463257
28,2,-0.4869248867034912,4.429999828338623
29,0,-0.43362557888031006,0.7699999809265137
29,1,1.8399155139923096,0.699999988079071
29,2,1.9457173347473145,1.3300000429153442
29,3,1.822371006011963,0.12999999523162842
29,4,0.1865537017583847,3.430000066757202
29,5,-0.9585751891136169,0.5299999713897705
30,0,1.1053969860076904,2.5999999046325684
30,1,1.6270759105682373,1.7999999523162842
30,2,1.3922173976898193,1.100000023841858
30,3,1.4814726114273071,1.100000023841858
30,4,1.5722886323928833,1.100000023841858
30,5,-0.6021165251731873,0.20000000298023224
30,6,0.7574000954627991,1.2000000476837158
30,7,-1.0221734046936035,0.10000000149011612
30,8,0.50350022315979,1.2999999523162842
30,9,-0.834345817565918,-0.699999988079071
30,10,0.7185471057891846,0.30000001192092896
30,11,-0.13642099499702454,-0.10000000149011612
30,12,1.13883376121521,1.100000023841858
30,13,0.880646824836731,3.700000047683716
30,14,-0.39174818992614746,1.2999999523162842
30,15,-1.196524739265442,2.799999952316284
30,16,-1.7358664274215698,-0.5
30,17,-0.017492374405264854,-0.5
30,18,0.7871202230453491,0.5
30,19,-0.6659271717071533,1.399999976158142
30,20,-0.44824153184890747,2.299999952316284
30,21,0.01677560806274414,3.5999999046325684
30,22,0.28898119926452637,1.600000023841858
30,23,0.6519041061401367,2.799999952316284
30,24,0.4835231304168701,0.6000000238418579
30,25,0.6886938810348511,2.0
30,26,0.4481050968170166,0.6000000238418579
30,27,-0.18628725409507751,-0.0
30,28,-0.18608853220939636,-0.4000000059604645
30,29,1.5825947523117065,0.5
30,30,-0.23013819754123688,0.10000000149011612
30,31,0.9444648027420044,1.399999976158142
30,32,-0.20170874893665314,0.4000000059604645
30,33,1.408416748046875,1.2999999523162842
30,34,1.2479546070098877,0.20000000298023224
30,35,1.2812453508377075,2.799999952316284
30,36,0.8365082740783691,3.799999952316284
30,37,1.1744905710220337,2.4000000953674316
30,38,0.8612079620361328,2.799999952316284
30,39,0.8237001895904541,3.799999952316284
30,40,-1.1830132007598877,2.200000047683716
30,41,-0.9079545140266418,-0.20000000298023224
30,42,0.9875145554542542,0.4000000059604645
30,43,-0.1030975878238678,-0.4000000059604645
30,44,1.3760906457901,0.699999988079071
30,45,-0.0396820604801178,0.699999988079071
30,46,1.603075385093689,1.7999999523162842
30,47,-0.018598616123199463,-0.0
30,48,1.589583158493042,1.2999999523162842
30,49,-0.062038809061050415,-0.0
30,50,0.19000405073165894,0.30000001192092896
30,51,1.4949381351470947,1.899999976158142
30,52,0.08008122444152832,-0.30000001192092896
30,53,1.589733600616455,0.6000000238418579
30,54,-0.5314647555351257,-0.5
30,55,1.0567172765731812,0.5
30,56,-0.2755562365055084,-0.30000001192092896
30,57,1.3740490674972534,0.10000000149011612
30,58,-0.08842968940734863,0.20000000298023224
30,59,0.2574503421783447,0.4000000059604645
30,60,0.18073952198028564,2.299999952316284
30,61,0.5240941047668457,1.309999942779541
30,62,-0.031093478202819824,2.0999999046325684
31,0,2.0921993255615234,1.75
31,1,1.39128577709198,1.649999976158142
31,2,1.2666776180267334,1.4500000476837158
31,3,1.1667823791503906,1.9500000476837158
31,4,1.5249316692352295,1.350000023841858
31,5,2.663905143737793,2.25
31,6,1.4812331199645996,1.4500000476837158
31,7,-0.46424126625061035,2.549999952316284
31,8,-0.0814138650894165,1.850000023841858
31,9,-1.2683885097503662,-0.44999998807907104
31,10,-0.34639692306518555,2.3499999046325684
31,11,0.17911624908447266,1.649999976158142
31,12,0.42783260345458984,2.8499999046325684
31,13,-0.19461846351623535,0.15000000596046448
31,14,1.5326550006866455,1.4500000476837158
31,15,0.4561443328857422,4.550000190734863
31,16,0.47492361068725586,4.050000190734863
31,17,1.2233737707138062,3.6500000953674316
31,18,-0.8267678022384644,2.6500000953674316
31,19,-0.05241978168487549,0.15000000596046448
31,20,1.8670578002929688,1.149999976158142
31,21,-0.46967262029647827,-0.15000000596046448
31,22,0.7848925590515137,0.949999988079071
31,23,0.1905340850353241,-0.15000000596046448
31,24,1.5328136682510376,0.8500000238418579
31,25,-0.26638007164001465,1.5499999523162842
32,0,-1.4768571853637695,-0.8999999761581421
32,1,-0.9198770523071289,-0.44999998807907104
33,0,1.247382640838623,2.180000066757202
33,1,1.418186068534851,2.5
33,2,2.8642213344573975,3.109999895095825
33,3,0.8917548656463623,1.559999942779541
33,4,2.8567910194396973,2.390000104904175
33,5,0.37834644317626953,0.3799999952316284
33,6,0.5050289630889893,3.109999895095825
33,7,0.6898641586303711,2.390000104904175
33,8,3.2732653617858887,2.509999990463257
33,9,0.4710047245025635,0.07000000029802322
33,10,0.5214335918426514,0.7200000286102295
33,11,3.440103054046631,2.3399999141693115
33,12,0.405853271484375,0.36000001430511475
33,13,0.2706334590911865,1.440000057220459
33,14,2.7560973167419434,0.9599999785423279
33,15,2.981081962585449,1.0800000429153442
33,16,0.6823002099990845,-0.0
33,17,2.933534622192383,3.109999895095825
33,18,2.683941125869751,-0.9599999785423279
33,19,3.378709077835083,3.950000047683716
33,20,3.7972841262817383,3.440000057220459
34,0,0.6811966300010681,1.0499999523162842
34,1,-0.1941935271024704,0.7900000214576721
34,2,-1.9923516511917114,1.7200000286102295
34,3,-1.7663521766662598,0.1899999976158142
34,4,0.007850676774978638,2.130000114440918
34,5,-1.2710679769515991,-0.07000000029802322
34,6,-0.686930775642395,0.9300000071525574
34,7,0.09256672859191895,0.6499999761581421
34,8,-0.8279825448989868,-2.6600000858306885
34,9,-0.27020686864852905,0.6000000238418579
34,10,0.7591369152069092,0.1899999976158142
34,11,0.3855690360069275,-1.3899999856948853
34,12,0.2694269120693207,-0.4300000071525574
34,13,0.056825801730155945,0.9599999785423279
34,14,0.05287766456604004,0.4099999964237213
34,15,-1.0487992763519287,0.9300000071525574
34,16,-1.780987024307251,1.149999976158142
34,17,-1.2136427164077759,0.23999999463558197
34,18,0.030025839805603027,2.440000057220459
34,19,1.525165319442749,0.6000000238418579
34,20,0.031833767890930176,1.1699999570846558
34,21,1.3983027935028076,2.390000104904175
35,0,-0.3266146183013916,-1.4700000286102295
35,1,2.9494481086730957,-0.47999998927116394
35,2,0.2612406015396118,0.6399999856948853
35,3,-3.0980489253997803,-3.549999952316284
35,4,0.23877625167369843,1.1399999856948853
35,5,0.4278137683868408,2.7200000286102295
35,6,0.46341395378112793,0.8600000143051147
35,7,0.5639641284942627,1.7200000286102295
35,8,-0.13303565979003906,1.7200000286102295
35,9,0.48887956142425537,0.2800000011920929
35,10,0.5824053287506104,0.3499999940395355
35,11,0.4536101818084717,2.7300000190734863
35,12,1.0714828968048096,3.2200000286102295
35,13,1.6227812767028809,1.75
35,14,-2.595578670501709,-2.259999990463257
35,15,-0.029901981353759766,1.2400000095367432
35,16,0.1978452205657959,0.8299999833106995
35,17,-0.258822500705719,-0.8999999761581421
35,18,-0.15979456901550293,1.9600000381469727
35,19,-0.18433082103729248,0.3100000023841858
35,20,-0.6702914237976074,2.109999895095825
35,21,1.6230337619781494,2.009999990463257
35,22,-0.18462133407592773,0.6800000071525574
35,23,-0.12757587432861328,2.130000114440918
35,24,1.0631123781204224,1.2999999523162842
36,0,1.1696410179138184,3.7300000190734863
36,1,2.391583204269409,0.4000000059604645
36,2,-2.177513360977173,0.20999999344348907
36,3,3.4635987281799316,4.309999942779541
36,4,-2.2409708499908447,-1.909999966621399
36,5,-2.6775479316711426,-0.3199999928474426
36,6,0.43360745906829834,4.599999904632568
36,7,-0.4807264804840088,0.10000000149011612
36,8,3.170466899871826,0.33000001311302185
36,9,1.9490094184875488,-0.8100000023841858
36,10,1.349487066268921,-0.019999999552965164
36,11,3.3330836296081543,1.0
36,12,3.586315155029297,0.019999999552965164
36,13,0.26675984263420105,0.5299999713897705
36,14,2.147777795791626,0.6200000047683716
36,15,1.550653100013733,0.550000011920929
36,16,1.0566554069519043,-0.14000000059604645
36,17,1.9736592769622803,1.3899999856948853
36,18,2.246432065963745,1.7699999809265137
36,19,2.5143086910247803,1.7899999618530273
36,20,2.5099775791168213,0.28999999165534973
36,21,-0.002292923629283905,-0.44999998807907104
36,22,2.3499391078948975,0.11999999731779099
36,23,2.4336676597595215,0.36000001430511475
36,24,-0.23135818541049957,0.14000000059604645
36,25,1.5170314311981201,0.9300000071525574
36,26,0.6653189659118652,0.7200000286102295
36,27,1.4039764404296875,2.5399999618530273
36,28,0.540841817855835,0.36000001430511475
36,29,0.3283500671386719,3.7100000381469727
36,30,1.553048849105835,4.090000152587891
36,31,-0.051206111907958984,0.10000000149011612
36,32,1.9994338750839233,1.7699999809265137
36,33,0.34552836418151855,1.2000000476837158
36,34,0.898438572883606,1.7200000286102295
36,35,0.4372905492782593,0.8100000023841858
36,36,3.6701602935791016,3.8299999237060547
36,37,0.047444820404052734,-0.0
36,38,1.3419870138168335,1.2899999618530273
36,39,3.3758227825164795,3.5899999141693115
36,40,2.6170527935028076,2.2200000286102295
36,41,0.4154771566390991,1.100000023841858
36,42,1.2950531244277954,3.7799999713897705
36,43,0.8044562339782715,2.700000047683716
36,44,0.44419336318969727,0.47999998927116394
36,45,-0.0178014375269413,0.6000000238418579
36,46,-0.39321011304855347,0.11999999731779099
36,47,3.357236385345459,3.7300000190734863
36,48,0.6394457817077637,-0.1899999976158142
36,49,-1.545588731765747,-0.05000000074505806
36,50,0.14070913195610046,-0.9100000262260437
36,51,0.17424358427524567,-1.3200000524520874
36,52,0.11823608726263046,-1.149999976158142
36,53,-0.1587410718202591,-0.4300000071525574
36,54,0.6403384208679199,0.25999999046325684
36,55,-0.31840574741363525,1.649999976158142
36,56,2.1600308418273926,0.28999999165534973
36,57,0.31735265254974365,-0.5299999713897705
36,58,1.342127799987793,-0.17000000178813934
36,59,-0.8410767912864685,0.05000000074505806
36,60,1.676283836364746,-0.47999998927116394
36,61,-0.5319907665252686,-0.8600000143051147
36,62,-0.5993174910545349,-0.07000000029802322
36,63,-0.515579342842102,-0.5299999713897705
36,64,0.9100544452667236,-0.07000000029802322
36,65,-0.0710027664899826,-0.8899999856948853
36,66,-0.7978656888008118,0.14000000059604645
36,67,0.5448042154312134,1.440000057220459
36,68,0.05476975440979004,1.3200000524520874
36,69,0.6457365155220032,0.8399999737739563
36,70,0.7934589385986328,1.5099999904632568
36,71,2.8382372856140137,1.440000057220459
36,72,-0.590622067451477,0.8600000143051147
36,73,2.675372838973999,2.299999952316284
36,74,-0.42967331409454346,-1.100000023841858
36,75,-0.20280301570892334,0.05000000074505806
36,76,0.3283122777938843,0.3100000023841858
36,77,2.409013271331787,1.340000033378601
36,78,1.5234289169311523,0.3799999952316284
36,79,1.9036495685577393,1.409999966621399
36,80,-0.15814566612243652,0.36000001430511475
36,81,0.5663259029388428,0.36000001430511475
36,82,2.409841775894165,0.4300000071525574
36,83,-0.9891526699066162,0.28999999165534973
36,84,2.234914541244507,0.2199999988079071
36,85,-0.6198692917823792,-0.44999998807907104
36,86,-0.5880482792854309,-0.1899999976158142
36,87,-0.20190215110778809,-0.6499999761581421
36,88,1.8359854221343994,0.33000001311302185
36,89,0.7628158330917358,0.07000000029802322
36,90,1.5220752954483032,0.3799999952316284
36,91,-0.6784952282905579,0.23999999463558197
36,92,-0.009451627731323242,0.7400000095367432
36,93,3.061903953552246,0.6700000166893005
36,94,0.03719806671142578,0.9800000190734863
36,95,3.048265218734741,0.5
36,96,-0.0805199146270752,0.36000001430511475
36,97,-0.1849766969680786,0.5
36,98,0.34667056798934937,2.490000009536743
36,99,-0.08719044923782349,0.1899999976158142
36,100,0.13975977897644043,2.319999933242798
36,101,-0.11985373497009277,-0.07000000029802322
36,102,-0.5524090528488159,0.9599999785423279
36,103,-0.09556376934051514,0.23999999463558197
36,104,0.1577209234237671,0.15000000596046448
36,105,0.13055159151554108,0.17000000178813934
36,106,0.2977367341518402,1.2799999713897705
36,107,0.12694746255874634,0.6499999761581421
36,108,0.37005889415740967,1.3899999856948853
36,109,-0.055548906326293945,0.9399999976158142
37,0,-0.051587820053100586,4.78000020980835
37,1,1.6208714246749878,0.9599999785423279
37,2,1.07955801486969,0.23999999463558197
37,3,0.21465978026390076,-0.23999999463558197
37,4,0.0410592257976532,-1.2400000095367432
37,5,0.5012686252593994,2.450000047683716
37,6,0.18832054734230042,0.6399999856948853
37,7,1.5738074779510498,1.1799999475479126
37,8,0.7534162998199463,0.8999999761581421
37,9,1.7728525400161743,0.8999999761581421
37,10,0.3701030910015106,0.4399999976158142
37,11,1.9137412309646606,3.950000047683716
37,12,0.2410036325454712,1.9199999570846558
37,13,2.459548234939575,1.909999966621399
37,14,2.326265335083008,1.190000057220459
37,15,3.4787583351135254,4.119999885559082
37,16,1.3506228923797607,-0.019999999552965164
37,17,2.2940831184387207,1.4600000381469727
37,18,-0.011698819696903229,0.3799999952316284
37,19,-0.8721749782562256,-0.2800000011920929
37,20,-1.5163785219192505,0.5699999928474426
37,21,-0.4381675720214844,-1.399999976158142
37,22,-0.4569063186645508,-1.7999999523162842
37,23,-0.06685113906860352,-1.2000000476837158
37,24,-0.12679563462734222,-0.7599999904632568
37,25,-0.05878223478794098,-0.0
37,26,-0.18526087701320648,-0.7200000286102295
37,27,0.31746476888656616,-0.44999998807907104
37,28,0.060091666877269745,-0.1899999976158142
37,29,-0.006732253357768059,-0.03999999910593033
37,30,-0.2028907835483551,0.07999999821186066
37,31,-0.1620958298444748,-0.27000001072883606
37,32,-0.08667144179344177,-0.8700000047683716
37,33,0.14602243900299072,-0.1899999976158142
37,34,0.5670889616012573,0.44999998807907104
37,35,1.4512391090393066,-0.3799999952316284
37,36,2.0019307136535645,0.03999999910593033
37,37,-2.610539436340332,-0.7599999904632568
37,38,0.3069190979003906,4.400000095367432
37,39,1.6190786361694336,2.4600000381469727
37,40,-0.020664453506469727,0.44999998807907104
37,41,2.0353312492370605,2.2699999809265137
37,42,0.3150444030761719,0.9100000262260437
37,43,1.105128526687622,1.059999942779541
37,44,0.8046044111251831,0.3799999952316284
37,45,-0.0824291929602623,0.44999998807907104
37,46,0.43428465723991394,-0.6800000071525574
37,47,0.07256446033716202,0.15000000596046448
37,48,0.26380088925361633,0.03999999910593033
37,49,0.13756121695041656,-0.23000000417232513
37,50,-0.7708911895751953,0.15000000596046448
37,51,0.5753418207168579,2.309999942779541
37,52,-0.48762425780296326,-0.9900000095367432
37,53,-1.1783403158187866,0.07999999821186066
37,54,-1.2420436143875122,3.069999933242798
37,55,1.5472753047943115,2.200000047683716
37,56,-0.26795345544815063,0.27000001072883606
38,0,-0.19829437136650085,1.7100000381469727
38,1,1.779310703277588,1.3700000047683716
38,2,0.6224864721298218,1.840000033378601
38,3,3.212172508239746,0.9800000190734863
38,4,0.20535922050476074,2.819999933242798
38,5,-1.080909252166748,0.75
38,6,-1.4737179279327393,1.350000023841858
38,7,1.6884791851043701,-0.20000000298023224
38,8,-0.6057720184326172,1.190000057220459
38,9,3.141120433807373,2.369999885559082
38,10,-0.058576107025146484,0.8899999856948853
38,11,1.5276347398757935,1.0
38,12,0.7987889051437378,1.0800000429153442
38,13,3.0560474395751953,3.5999999046325684
38,14,0.4867115020751953,4.730000019073486
38,15,3.200047016143799,-0.1899999976158142
38,16,0.03169751167297363,1.940000057220459
38,17,3.200345039367676,2.5299999713897705
38,18,0.3479623794555664,2.630000114440918
38,19,-0.9569168090820312,1.1200000047683716
38,20,0.03333854675292969,0.800000011920929
38,21,1.4168485403060913,1.4500000476837158
38,22,0.8097730278968811,2.680000066757202
38,23,0.09531623125076294,2.0999999046325684
38,24,0.8181504011154175,3.0299999713897705
38,25,0.3430108428001404,2.799999952316284
38,26,3.3044545650482178,1.9199999570846558
38,27,0.09546375274658203,-0.03999999910593033
38,28,3.254223346710205,2.5399999618530273
38,29,0.15982604026794434,1.1299999952316284
38,30,1.1083095073699951,0.09000000357627869
38,31,1.5771424770355225,1.2799999713897705
38,32,-1.24941086769104,0.41999998688697815
38,33,1.2016119956970215,0.4099999964237213
38,34,-0.04795336723327637,-0.07000000029802322
38,35,0.9677698016166687,-0.8299999833106995
38,36,0.7266292572021484,-0.46000000834465027
38,37,1.1910525560379028,-1.100000023841858
38,38,0.5947850942611694,-1.4299999475479126
38,39,0.9821122884750366,-0.4099999964237213
38,40,-0.8004454374313354,0.3799999952316284
38,41,-0.8181908130645752,1.809999942779541
38,42,1.4380019903182983,3.2799999713897705
38,43,0.1977328062057495,2.690000057220459
38,44,1.307942271232605,3.759999990463257
38,45,-1.1101397275924683,2.640000104904175
38,46,0.6346350312232971,3.5
38,47,-1.6101584434509277,2.930000066757202
38,48,-0.4565224051475525,1.3600000143051147
38,49,-1.0978660583496094,2.740000009536743
38,50,1.5980970859527588,2.4700000286102295
38,51,-1.0087677240371704,1.340000033378601
38,52,0.38830482959747314,1.8600000143051147
38,53,-0.542822003364563,1.9800000190734863
38,54,-0.4277217388153076,0.9700000286102295
38,55,-2.0730605125427246,0.27000001072883606
38,56,-3.3508167266845703,0.4399999976158142
38,57,0.7589184045791626,1.9900000095367432
38,58,-0.700079083442688,2.5299999713897705
38,59,-0.31519341468811035,1.5199999809265137
38,60,-0.9232850670814514,2.200000047683716
38,61,-1.9000828266143799,3.880000114440918
38,62,1.4681711196899414,3.7200000286102295
38,63,-0.4613710045814514,0.7300000190734863
38,64,-1.0620038509368896,1.100000023841858
38,65,0.8740676045417786,1.6399999856948853
38,66,-0.20685413479804993,1.1699999570846558
38,67,-0.361738383769989,0.7099999785423279
38,68,0.06301243603229523,-0.3199999928474426
38,69,0.37898650765419006,-0.20000000298023224
38,70,1.0941872596740723,-0.5899999737739563
38,71,-0.015361472964286804,0.05000000074505806
38,72,-0.49138084053993225,0.5099999904632568
38,73,0.9471042156219482,0.27000001072883606
38,74,-0.04608917236328125,0.10000000149011612
38,75,-0.7582635283470154,0.6399999856948853
38,76,-0.14672426879405975,0.7900000214576721
38,77,1.0894737243652344,1.409999966621399
38,78,0.12427398562431335,-0.009999999776482582
38,79,-0.04816369712352753,0.14000000059604645
38,80,-0.025829315185546875,1.0499999523162842
38,81,0.05420637130737305,1.3300000429153442
38,82,1.3059380054473877,1.0
38,83,0.02298581600189209,0.5699999928474426
38,84,-0.28140291571617126,1.4600000381469727
38,85,-1.469109058380127,0.8799999952316284
38,86,1.4666030406951904,2.759999990463257
38,87,-0.32357460260391235,2.059999942779541
38,88,-0.2855733036994934,0.6399999856948853
38,89,0.4143460690975189,3.430000066757202
38,90,0.04212293028831482,2.2200000286102295
38,91,-0.06863462924957275,0.6100000143051147
38,92,0.05584760755300522,2.309999942779541
38,93,-0.38785791397094727,3.799999952316284
38,94,1.355942964553833,2.3399999141693115
38,95,3.9823970794677734,4.760000228881836
38,96,1.6238555908203125,4.099999904632568
38,97,3.5692174434661865,4.730000019073486
38,98,2.0465121269226074,4.409999847412109
38,99,2.129213571548462,0.11999999731779099
38,100,3.3949058055877686,2.180000066757202
38,101,2.1521568298339844,1.409999966621399
38,102,1.0269054174423218,1.2599999904632568
38,103,2.443103313446045,1.4600000381469727
38,104,3.549665927886963,3.109999895095825
38,105,2.3668177127838135,-0.1599999964237213
38,106,1.4326908588409424,0.75
38,107,2.474050283432007,0.550000011920929
38,108,3.259840965270996,1.0
38,109,2.0359487533569336,0.4399999976158142
38,110,3.564326286315918,1.4800000190734863
38,111,-0.6938729882240295,2.1700000762939453
38,112,-0.15009301900863647,2.2799999713897705
38,113,-0.9064397811889648,2.2300000190734863
38,114,2.3588521480560303,0.3100000023841858
38,115,2.830759286880493,1.9900000095367432
38,116,3.893650770187378,3.740000009536743
38,117,-2.4495978355407715,-0.1899999976158142
38,118,-3.114731550216675,0.10000000149011612
38,119,2.2944552898406982,1.7999999523162842
38,120,2.6045444011688232,2.549999952316284
38,121,3.6549487113952637,3.740000009536743
38,122,-0.2657521367073059,2.9200000762939453
38,123,1.190452218055725,4.090000152587891
38,124,-0.42368388175964355,-0.5699999928474426
38,125,-0.26379725337028503,-0.46000000834465027
38,126,-0.624043881893158,-0.5099999904632568
38,127,1.048567533493042,0.5199999809265137
38,128,-0.34775227308273315,-0.6899999976158142
38,129,0.11427003890275955,0.44999998807907104
38,130,-1.5455284118652344,0.17000000178813934
38,131,0.018396427854895592,0.47999998927116394
38,132,0.45065462589263916,0.8500000238418579
38,133,1.2367515563964844,3.2899999618530273
38,134,3.4154982566833496,4.21999979019165
38,135,-0.1348210573196411,0.09000000357627869
38,136,0.595615029335022,0.38999998569488525
38,137,0.6647648215293884,1.3700000047683716
38,138,1.2746888399124146,2.7300000190734863
38,139,4.012422561645508,3.430000066757202
38,140,0.0389246940612793,0.6200000047683716
38,141,1.0913928747177124,0.15000000596046448
38,142,0.5663449764251709,0.8799999952316284
38,143,0.7352807521820068,2.6500000953674316
38,144,3.5167696475982666,2.630000114440918
38,145,0.12313199043273926,0.14000000059604645
38,146,0.36946284770965576,0.9599999785423279
38,147,-0.006260395050048828,0.23000000417232513
38,148,2.0036544799804688,1.8799999952316284
38,149,0.2694540023803711,1.7899999618530273
38,150,0.2494652271270752,4.119999885559082
38,151,-0.03202629089355469,0.6000000238418579
38,152,1.995024561882019,1.75
38,153,0.29230618476867676,0.46000000834465027
38,154,0.03357556462287903,1.1299999952316284
38,155,1.8024576902389526,2.5899999141693115
38,156,-0.19276517629623413,-0.6899999976158142
38,157,-0.12259914726018906,-0.20999999344348907
38,158,-0.21785211563110352,-1.0499999523162842
38,159,-0.31250935792922974,-0.23999999463558197
38,160,-0.30635330080986023,-0.12999999523162842
38,161,-0.13648375868797302,0.2199999988079071
38,162,1.11948561668396,0.7900000214576721
38,163,-0.16775846481323242,-0.05999999865889549
38,164,-0.19210900366306305,1.3200000524520874
38,165,-1.174874186515808,1.2599999904632568
38,166,1.7297234535217285,3.2200000286102295
38,167,-0.00984480232000351,0.4399999976158142
38,168,-0.19879989326000214,-0.11999999731779099
38,169,-1.4803022146224976,0.699999988079071
38,170,-0.6490691900253296,0.25999999046325684
38,171,1.0694178342819214,0.7900000214576721
38,172,-0.4885171949863434,0.75
38,173,-0.1536339372396469,0.9700000286102295
38,174,-2.335045099258423,0.019999999552965164
38,175,-0.2991842031478882,0.05999999865889549
38,176,-0.2308165580034256,0.3799999952316284
38,177,-1.7821900844573975,0.7599999904632568
38,178,-0.13192559778690338,0.3400000035762787
38,179,-1.938345193862915,0.4000000059604645
38,180,1.986936330795288,1.600000023841858
38,181,-0.4021238088607788,0.699999988079071
38,182,0.04428891837596893,0.7900000214576721
38,183,-0.18391717970371246,0.8500000238418579
38,184,-2.1960761547088623,0.800000011920929
38,185,-0.2905866205692291,0.2800000011920929
38,186,-0.07845801115036011,-0.1899999976158142
38,187,1.2743123769760132,-0.20000000298023224
38,188,-0.08041490614414215,-0.09000000357627869
38,189,0.08190378546714783,-0.10000000149011612
38,190,-0.585170328617096,0.25
38,191,0.550155758857727,-0.23999999463558197
38,192,-0.13492146134376526,0.019999999552965164
38,193,4.91216778755188e-05,0.25
38,194,-1.0863269567489624,-0.20000000298023224
38,195,1.165360927581787,0.10000000149011612
38,196,-0.1781480759382248,0.17000000178813934
38,197,0.3371686339378357,0.07999999821186066
38,198,-0.20958572626113892,0.3199999928474426
38,199,-0.07670288532972336,1.4700000286102295
38,200,-0.4358879625797272,1.8300000429153442
38,201,1.5413930416107178,1.5700000524520874
38,202,-0.11997278779745102,0.8899999856948853
38,203,-0.34639567136764526,-0.1599999964237213
38,204,-0.10029738396406174,1.6799999475479126
38,205,-0.4396931231021881,0.09000000357627869
38,206,1.0281682014465332,0.5099999904632568
38,207,-0.1970781534910202,-0.0
38,208,-0.15494504570960999,-0.1899999976158142
38,209,-0.04110126197338104,-0.25
38,210,-0.2419220507144928,0.1599999964237213
38,211,-0.6585347056388855,0.47999998927116394
38,212,-0.11464709043502808,0.30000001192092896
38,213,-0.2145204246044159,0.029999999329447746
38,214,0.362863689661026,0.6000000238418579
38,215,-0.18501874804496765,0.25
38,216,-0.560207724571228,0.4000000059604645
38,217,-0.08896774798631668,0.550000011920929
38,218,-0.8142459392547607,-0.03999999910593033
38,219,1.060573697090149,1.309999942779541
38,220,-0.21305620670318604,0.5
38,221,-0.5886372327804565,0.25999999046325684
38,222,0.23696359992027283,0.6899999976158142
38,223,-0.9014360904693604,-0.05000000074505806
38,224,0.42704254388809204,1.0700000524520874
38,225,-0.024345770478248596,0.15000000596046448
38,226,-0.1173786073923111,-0.10000000149011612
38,227,0.05913608521223068,-0.0
38,228,-0.46551021933555603,0.75
38,229,0.6958733201026917,0.38999998569488525
38,230,-0.1740010529756546,0.15000000596046448
38,231,-0.0712989792227745,0.2199999988079071
38,232,0.4537259638309479,0.4699999988079071
38,233,-1.336891770362854,0.5799999833106995
38,234,1.5875794887542725,1.850000023841858
38,235,0.042605139315128326,0.30000001192092896
38,236,-0.3750411868095398,1.3799999952316284
38,237,-0.053701356053352356,1.0299999713897705
38,238,-1.4055540561676025,1.8799999952316284
38,239,0.46430492401123047,4.599999904632568
38,240,0.2952713966369629,1.1100000143051147
38,241,0.7264032363891602,2.049999952316284
38,242,0.3239865303039551,3.3399999141693115
38,243,0.8776144981384277,3.809999942779541
38,244,0.6459689140319824,4.78000020980835
38,245,0.3287203311920166,0.9599999785423279
38,246,0.8092100620269775,2.299999952316284
38,247,1.4760985374450684,2.180000066757202
38,248,3.568516254425049,4.429999828338623
38,249,0.23271477222442627,0.7599999904632568
38,250,0.9348049759864807,1.4199999570846558
38,251,0.22159099578857422,2.380000114440918
38,252,3.5499744415283203,3.8399999141693115
38,253,-0.09241795539855957,1.600000023841858
38,254,0.1400768756866455,1.6299999952316284
38,255,3.604670763015747,4.579999923706055
38,256,-0.082672119140625,1.8300000429153442
38,257,0.16937470436096191,1.850000023841858
38,258,0.9276173114776611,3.6600000858306885
38,259,0.08158135414123535,3.0899999141693115
38,260,0.5515744686126709,3.5799999237060547
38,261,1.2476696968078613,1.5099999904632568
38,262,3.4999806880950928,3.7899999618530273
38,263,-0.06187784671783447,1.8200000524520874
38,264,0.4461069107055664,2.7799999713897705
38,265,1.1504981517791748,1.5099999904632568
38,266,2.0676233768463135,0.2800000011920929
38,267,0.8489174842834473,2.059999942779541
38,268,1.6969258785247803,0.14000000059604645
38,269,0.1535263955593109,1.350000023841858
38,270,0.6175538897514343,1.2599999904632568
38,271,-0.34933072328567505,0.7699999809265137
38,272,-0.28122466802597046,1.149999976158142
38,273,0.9150316715240479,2.5999999046325684
38,274,4.265287399291992,3.180000066757202
38,275,0.022877931594848633,1.0399999618530273
38,276,0.47632265090942383,1.4199999570846558
38,277,0.8419744968414307,1.6100000143051147
38,278,-0.06276547908782959,0.8399999737739563
38,279,-0.1675032377243042,0.3100000023841858
38,280,1.0083227157592773,1.809999942779541
38,281,3.095949172973633,2.5399999618530273
38,282,-0.4877347946166992,0.5600000023841858
38,283,-0.4734433889389038,0.7599999904632568
38,284,-0.28214526176452637,2.059999942779541
38,285,-0.7492268085479736,1.6200000047683716
38,286,2.942625045776367,4.659999847412109
38,287,-1.170473575592041,1.4299999475479126
38,288,-1.6051924228668213,0.7300000190734863
38,289,0.787946343421936,4.429999828338623
38,290,2.559509754180908,4.440000057220459
38,291,0.04083007574081421,4.389999866485596
38,292,-0.2410239577293396,2.299999952316284
38,293,-0.6496988534927368,4.980000019073486
38,294,0.5359354019165039,1.8799999952316284
38,295,-0.3627488613128662,2.3399999141693115
38,296,-0.06767827272415161,1.6100000143051147
38,297,-0.5739499926567078,1.0299999713897705
38,298,0.5447580814361572,0.9700000286102295
38,299,0.3127603530883789,0.9700000286102295
38,300,-1.541244626045227,-0.5899999737739563
38,301,-0.14815832674503326,0.3799999952316284
38,302,0.10172379016876221,0.3499999940395355
38,303,-1.0332977771759033,-0.25
38,304,1.4865533113479614,1.5
38,305,-0.015354931354522705,0.10000000149011612
38,306,-0.2837754786014557,0.5099999904632568
38,307,1.3344836235046387,0.4399999976158142
38,308,-0.3235212564468384,0.10000000149011612
38,309,-0.9349000453948975,0.550000011920929
38,310,1.5947185754776,2.259999990463257
38,311,0.012689417228102684,0.25
38,312,1.0317418575286865,0.9300000071525574
38,313,-0.2520237863063812,0.019999999552965164
38,314,-0.7432339191436768,0.5799999833106995
38,315,0.3436148762702942,1.25
38,316,0.1796809434890747,1.3200000524520874
38,317,-0.9087947010993958,2.549999952316284
38,318,-0.09229081869125366,2.8399999141693115
38,319,1.9997540712356567,2.4000000953674316
38,320,0.27690958976745605,1.6399999856948853
38,321,2.1019110679626465,2.859999895095825
38,322,0.2763844430446625,1.3799999952316284
38,323,1.6566717624664307,2.259999990463257
38,324,-0.24095244705677032,1.100000023841858
38,325,1.475033164024353,2.059999942779541
38,326,0.4242422580718994,0.7900000214576721
38,327,2.0204248428344727,2.5299999713897705
38,328,-3.236072063446045,-0.8299999833106995
38,329,-2.1730852127075195,1.0
38,330,0.005384683609008789,1.5199999809265137
38,331,0.6361326575279236,0.8199999928474426
38,332,-0.07602077722549438,-0.6200000047683716
38,333,0.39093345403671265,-0.5600000023841858
38,334,1.0350136756896973,1.0299999713897705
38,335,-0.017628096044063568,1.0800000429153442
38,336,-0.7670375108718872,1.590000033378601
38,337,1.077035903930664,1.8700000047683716
38,338,-0.8591140508651733,1.5399999618530273
38,339,0.45925408601760864,0.5699999928474426
38,340,-0.4910609722137451,1.6299999952316284
38,341,0.03364567458629608,0.7300000190734863
38,342,-1.209780216217041,1.2000000476837158
38,343,1.7134445905685425,1.159999966621399
38,344,-1.1000285148620605,0.05000000074505806
38,345,0.5717800259590149,0.3499999940395355
38,346,-0.5641215443611145,0.25999999046325684
38,347,-0.05243338644504547,1.690000057220459
38,348,-0.6414622068405151,0.949999988079071
38,349,-2.2906992435455322,2.5399999618530273
38,350,1.4569379091262817,0.6100000143051147
38,351,-0.4764178395271301,0.7400000095367432
38,352,1.3860431909561157,0.8500000238418579
38,353,-0.2227768898010254,1.5199999809265137
38,354,-0.5924344062805176,1.0399999618530273
38,355,1.3741364479064941,2.619999885559082
38,356,-1.2204147577285767,-0.7300000190734863
38,357,0.6450033187866211,1.350000023841858
38,358,-0.8841428756713867,-0.4699999988079071
38,359,-2.036607503890991,-0.07000000029802322
38,360,-0.30487847328186035,-0.7400000095367432
38,361,0.283836305141449,1.7899999618530273
38,362,-2.199397087097168,-0.8600000143051147
38,363,0.42001184821128845,0.8799999952316284
38,364,-2.080024242401123,-0.8999999761581421
38,365,0.21130450069904327,0.23000000417232513
38,366,0.27851709723472595,0.03999999910593033
38,367,0.4565712809562683,0.3700000047683716
38,368,0.49771249294281006,0.5600000023841858
38,369,0.03703027963638306,-0.03999999910593033
38,370,0.3551888167858124,-0.09000000357627869
38,371,-3.2656760215759277,2.2300000190734863
38,372,-0.8781492710113525,1.0499999523162842
38,373,0.011672258377075195,3.5199999809265137
38,374,-3.3585212230682373,1.1699999570846558
38,375,0.26341092586517334,2.1500000953674316
38,376,-2.954800844192505,-0.10000000149011612
38,377,-0.18894940614700317,0.8899999856948853
38,378,-1.3693366050720215,0.1899999976158142
38,379,1.724663496017456,2.0299999713897705
38,380,-1.5817911624908447,-0.5099999904632568
38,381,0.7465757131576538,0.75
38,382,-0.9939633011817932,-0.23999999463558197
38,383,-0.35097193717956543,2.819999933242798
38,384,-0.38892483711242676,-0.27000001072883606
38,385,-0.6891734600067139,0.7599999904632568
38,386,3.1221694946289062,4.860000133514404
38,387,2.9039556980133057,2.450000047683716
38,388,-0.07205843925476074,4.260000228881836
38,389,3.2300665378570557,4.820000171661377
38,390,-0.29070043563842773,0.7400000095367432
38,391,-0.393904447555542,0.8799999952316284
38,392,3.3009090423583984,4.710000038146973
38,393,2.8947505950927734,2.359999895095825
38,394,0.7655579447746277,-0.14000000059604645
38,395,2.8699493408203125,0.029999999329447746
38,396,-0.41576457023620605,0.15000000596046448
38,397,-0.24704456329345703,1.0700000524520874
38,398,2.1517550945281982,0.03999999910593033
38,399,1.3478493690490723,0.3100000023841858
38,400,-0.3206517696380615,-0.029999999329447746
38,401,-0.3547525405883789,0.019999999552965164
38,402,3.6056413650512695,4.760000228881836
38,403,3.1310818195343018,3.3399999141693115
38,404,-0.04066944122314453,2.1600000858306885
38,405,3.440225124359131,4.610000133514404
38,406,-0.3840162754058838,-0.10999999940395355
38,407,-0.5441255569458008,0.8999999761581421
38,408,3.471900701522827,2.440000057220459
38,409,3.0209155082702637,1.5499999523162842
38,410,0.7389763593673706,0.05000000074505806
38,411,2.141252279281616,0.17000000178813934
38,412,-0.2818470001220703,-0.09000000357627869
38,413,0.09403669834136963,0.10000000149011612
38,414,1.524787425994873,-0.009999999776482582
38,415,0.8709448575973511,-0.20000000298023224
38,416,0.0670931339263916,2.3399999141693115
38,417,3.5300416946411133,4.489999771118164
38,418,-0.4816117286682129,0.7599999904632568
38,419,3.5714797973632812,4.829999923706055
38,420,1.304964303970337,0.14000000059604645
38,421,3.4520010948181152,3.0899999141693115
38,422,2.9131147861480713,1.340000033378601
38,423,2.0379083156585693,2.690000057220459
38,424,0.15383076667785645,3.2300000190734863
38,425,-0.2761416435241699,1.909999966621399
38,426,-0.18207049369812012,1.1200000047683716
38,427,2.963078737258911,3.880000114440918
38,428,-0.2087247371673584,3.3499999046325684
38,429,-0.4510970115661621,0.14000000059604645
38,430,-0.735729455947876,0.15000000596046448
38,431,2.9909157752990723,3.359999895095825
38,432,0.8817524313926697,-0.05999999865889549
38,433,-0.11302661895751953,-0.07000000029802322
38,434,2.0857770442962646,0.20000000298023224
38,435,0.18186414241790771,-0.20000000298023224
38,436,0.5630509853363037,0.25
38,437,-0.07231056690216064,0.019999999552965164
38,438,1.2629907131195068,0.5600000023841858
38,439,0.25421711802482605,0.2199999988079071
38,440,1.4896090030670166,3.630000114440918
38,441,0.1905728578567505,2.7200000286102295
38,442,-0.212121844291687,0.4000000059604645
38,443,1.5938955545425415,1.8600000143051147
38,444,0.17711472511291504,2.2799999713897705
38,445,1.632078766822815,3.7799999713897705
38,446,0.27691447734832764,1.5499999523162842
38,447,0.5539066791534424,1.940000057220459
38,448,2.512753486633301,3.8299999237060547
38,449,1.7512180805206299,3.309999942779541
38,450,1.370902180671692,3.049999952316284
38,451,2.1838717460632324,3.2100000381469727
38,452,1.5199549198150635,3.180000066757202
38,453,0.7479119896888733,2.6500000953674316
38,454,-0.18853509426116943,0.7200000286102295
38,455,-0.3647748827934265,1.9700000286102295
38,456,-0.013823910616338253,0.3799999952316284
38,457,-2.2266674041748047,1.7200000286102295
38,458,-0.2665395736694336,3.309999942779541
38,459,0.6892985105514526,0.4099999964237213
38,460,-0.04531341791152954,0.07000000029802322
38,461,1.8684751987457275,1.0499999523162842
38,462,0.0322645902633667,0.15000000596046448
38,463,-0.2542905807495117,2.2699999809265137
38,464,-0.03267848491668701,3.8299999237060547
38,465,-0.34976494312286377,1.809999942779541
38,466,-0.0769268274307251,4.53000020980835
38,467,1.4739340543746948,2.390000104904175
38,468,-0.11614140123128891,1.690000057220459
38,469,2.575704574584961,1.9500000476837158
38,470,0.01585102081298828,2.700000047683716
38,471,1.39900803565979,0.6800000071525574
38,472,-3.282304286956787,0.23999999463558197
38,473,-0.6418695449829102,-0.3700000047683716
38,474,1.2357865571975708,1.9299999475479126
38,475,3.602308750152588,2.240000009536743
38,476,-0.4741024374961853,0.27000001072883606
38,477,-0.42080116271972656,2.140000104904175
38,478,0.7792656421661377,-0.0
38,479,0.7679895162582397,1.2000000476837158
38,480,0.21590828895568848,2.7699999809265137
38,481,-1.1424905061721802,-1.309999942779541
39,0,0.2191142737865448,1.7100000381469727
39,1,0.21885153651237488,2.619999885559082
39,2,-0.5502327084541321,0.7300000190734863
39,3,1.5637129545211792,2.200000047683716
39,4,1.6416654586791992,3.069999933242798
39,5,0.8207144737243652,2.0399999618530273
39,6,4.096761226654053,2.880000114440918
39,7,2.342775344848633,1.9500000476837158
39,8,0.5036108493804932,3.359999895095825
39,9,0.2924478054046631,0.33000001311302185
39,10,0.448455810546875,0.8999999761581421
39,11,0.9108691215515137,1.3300000429153442
39,12,0.3469000458717346,0.10000000149011612
39,13,0.6758618354797363,2.0799999237060547
39,14,0.5856447219848633,2.2200000286102295
39,15,0.44713306427001953,3.009999990463257
39,16,0.3076498508453369,0.550000011920929
39,17,1.7981183528900146,1.8899999856948853
39,18,0.07902166247367859,1.2400000095367432
39,19,0.4716094434261322,1.059999942779541
39,20,-0.4117045998573303,-0.5600000023841858
39,21,0.05447494983673096,1.7100000381469727
39,22,0.11753018945455551,1.0700000524520874
39,23,0.3028847575187683,-0.5799999833106995
39,24,-0.13066644966602325,2.2699999809265137
39,25,-1.0074890851974487,0.699999988079071
39,26,-0.013397693634033203,2.390000104904175
39,27,0.9130811095237732,2.619999885559082
39,28,0.12480664253234863,3.0399999618530273
39,29,0.33547163009643555,2.180000066757202
39,30,0.5331506729125977,2.259999990463257
39,31,0.770555317401886,1.7799999713897705
39,32,0.4522169828414917,2.559999942779541
39,33,0.899147629737854,1.9900000095367432
39,34,-0.11815714836120605,-2.7200000286102295
39,35,0.07913327217102051,-2.3499999046325684
40,0,0.5240299701690674,1.659999966621399
40,1,3.289792060852051,1.899999976158142
40,2,0.14989186823368073,-0.07000000029802322
40,3,-0.010073523968458176,0.10000000149011612
40,4,-0.133417546749115,-0.5099999904632568
40,5,0.8153237700462341,0.5699999928474426
40,6,0.44842100143432617,3.1600000858306885
40,7,0.4149134159088135,1.75
40,8,0.49678659439086914,1.190000057220459
40,9,0.6007461547851562,0.17000000178813934
40,10,0.5990152359008789,3.109999895095825
40,11,-0.6125019788742065,0.5799999833106995
40,12,-0.4761925935745239,-1.590000033378601
40,13,-0.952442467212677,0.7300000190734863
40,14,-0.2377006560564041,0.4399999976158142
40,15,0.4069719910621643,-0.029999999329447746
40,16,0.21243786811828613,2.0199999809265137
40,17,0.3911014795303345,1.090000033378601
40,18,-0.10244894027709961,2.069999933242798
40,19,0.19479870796203613,1.850000023841858
40,20,-0.8743792772293091,-0.8100000023841858
40,21,-0.3874855637550354,0.20999999344348907
40,22,-0.46621912717819214,-1.0299999713897705
40,23,-0.014289457350969315,-1.159999966621399
40,24,0.18554559350013733,-1.6100000143051147
40,25,-0.236604243516922,-1.409999966621399
40,26,0.5428733825683594,1.7000000476837158
41,0,2.3399202823638916,1.1799999475479126
41,1,3.125906467437744,2.490000009536743
41,2,1.2371488809585571,1.559999942779541
41,3,1.887178659439087,1.9800000190734863
41,4,0.41289782524108887,0.6499999761581421
41,5,0.3127634525299072,0.18000000715255737
41,6,0.4988749027252197,4.860000133514404
41,7,0.29577183723449707,0.10999999940395355
41,8,0.858005166053772,3.3299999237060547
41,9,0.39615702629089355,0.7200000286102295
41,10,0.6042253971099854,4.110000133514404
41,11,0.28509974479675293,1.2799999713897705
41,12,1.1921039819717407,0.6700000166893005
41,13,0.35085535049438477,0.33000001311302185
41,14,1.0696947574615479,0.6899999976158142
41,15,0.37602853775024414,0.4000000059604645
41,16,0.7128040790557861,0.9900000095367432
41,17,0.7519239783287048,2.880000114440918
41,18,0.2959785461425781,1.809999942779541
41,19,-0.060699015855789185,-0.12999999523162842
41,20,0.3568885326385498,1.1699999570846558
41,21,0.4377528429031372,1.3700000047683716
41,22,0.5632857084274292,2.8499999046325684
41,23,0.7480601072311401,0.9100000262260437
41,24,0.3587334156036377,3.1700000762939453
41,25,-0.9543697834014893,1.9700000286102295
41,26,1.7935609817504883,4.230000019073486
41,27,-0.209120512008667,0.5400000214576721
41,28,0.24564683437347412,2.740000009536743
41,29,1.0449886322021484,1.4900000095367432
41,30,1.4607936143875122,1.8799999952316284
41,31,-0.4659963846206665,2.140000104904175
41,32,-1.1031904220581055,1.1100000143051147
41,33,-1.000253677368164,-0.12999999523162842
42,0,-0.48141205310821533,0.25999999046325684
43,0,-0.9638118147850037,-0.23999999463558197
43,1,-0.2236141860485077,0.5299999713897705
43,2,-0.4935842752456665,-0.05000000074505806
43,3,-0.7062379717826843,-0.36000001430511475
43,4,-0.001361452043056488,1.3600000143051147
43,5,-0.16189929842948914,0.05000000074505806
43,6,-0.43848857283592224,-0.5699999928474426
43,7,-0.5507746934890747,1.2899999618530273
43,8,-0.23927506804466248,0.25999999046325684
43,9,-0.24213579297065735,0.7400000095367432
43,10,-0.576562225818634,0.7699999809265137
43,11,-0.28616321086883545,0.4099999964237213
43,12,0.22431795299053192,0.5
43,13,0.0029119551181793213,0.9100000262260437
43,14,-0.05191343277692795,-0.4300000071525574
43,15,-0.10147272050380707,1.2000000476837158
43,16,0.0207512229681015,-0.11999999731779099
43,17,-0.07501380145549774,1.100000023841858
43,18,-0.1066908985376358,0.28999999165534973
43,19,0.40151944756507874,-0.07000000029802322
43,20,0.19333778321743011,0.07000000029802322
43,21,-0.18243345618247986,-0.33000001311302185
43,22,0.4437403678894043,0.25999999046325684
43,23,0.21263045072555542,-0.1899999976158142
43,24,0.49125829339027405,0.7699999809265137
43,25,-0.2718077003955841,0.3100000023841858
44,0,1.6085344552993774,1.2000000476837158
44,1,0.8967105150222778,2.5999999046325684
44,2,1.426450252532959,2.5999999046325684
44,3,0.8244103789329529,1.100000023841858
44,4,-0.6910567283630371,0.699999988079071
44,5,0.06386774778366089,0.4000000059604645
44,6,0.09557367861270905,-0.5
44,7,0.411637544631958,2.299999952316284
44,8,0.5389235019683838,3.799999952316284
44,9,0.4790229797363281,-1.2999999523162842
45,0,-1.146347999572754,0.33000001311302185
45,1,0.5260426998138428,0.949999988079071
45,2,0.6112232208251953,1.850000023841858
46,0,0.4376087188720703,2.559999942779541
46,1,2.6397180557250977,2.430000066757202
46,2,0.7512874007225037,2.8399999141693115
46,3,0.45683327317237854,3.259999990463257
46,4,0.5306796431541443,0.3100000023841858
46,5,0.7843901515007019,2.4000000953674316
46,6,0.32356956601142883,2.7300000190734863
46,7,-0.7500969767570496,0.7599999904632568
46,8,-0.6538140773773193,2.680000066757202
46,9,-0.2422219067811966,3.6700000762939453
46,10,3.152167797088623,3.9800000190734863
46,11,3.3106274604797363,3.6700000762939453
46,12,3.4792346954345703,3.819999933242798
46,13,2.351412773132324,1.2200000286102295
46,14,-0.3751348555088043,-0.0
46,15,3.354551076889038,3.6700000762939453
46,16,3.328855037689209,3.819999933242798
47,0,-0.02527022361755371,-1.3200000524520874
47,1,2.483074188232422,0.9399999976158142
47,2,1.9128191471099854,-0.5099999904632568
47,3,0.5949822664260864,1.6799999475479126
47,4,2.9164528846740723,2.259999990463257
47,5,-0.7052248120307922,-0.019999999552965164
47,6,1.1841247081756592,1.25
47,7,-0.8977961540222168,-0.3100000023841858
47,8,-0.5468923449516296,0.07000000029802322
47,9,1.822306752204895,0.41999998688697815
47,10,1.6091605424880981,2.369999885559082
47,11,2.067032814025879,0.8299999833106995
47,12,-0.05272698402404785,0.8700000047683716
47,13,-0.37316808104515076,0.38999998569488525
48,0,-0.23232710361480713,-0.5
48,1,0.015203196555376053,-0.05000000074505806
48,2,0.539384126663208,-0.75
48,3,-0.004725933074951172,0.6499999761581421
49,0,0.6435461044311523,1.190000057220459
49,1,-0.03231098875403404,0.12999999523162842
49,2,0.2926841676235199,-0.0
49,3,-0.5800201892852783,-0.4099999964237213
49,4,-0.2910158634185791,0.8199999928474426
50,0,-1.2120431661605835,-0.14000000059604645
51,0,-1.147165298461914,0.14000000059604645
51,1,-0.5361449718475342,0.6700000166893005
51,2,-1.4838626384735107,-0.8899999856948853
51,3,-0.6584842205047607,1.8200000524520874
51,4,-1.435357689857483,-0.33000001311302185
51,5,-1.1078805923461914,0.25999999046325684
51,6,-0.6680238246917725,0.8100000023841858
51,7,-0.43268918991088867,-0.07000000029802322
52,0,1.2579128742218018,-1.7200000286102295
52,1,0.3269183039665222,-1.8200000524520874
52,2,-0.19202959537506104,-0.46000000834465027
52,3,0.044502951204776764,-1.7699999809265137
52,4,0.01233995147049427,1.25
53,0,-1.2448289394378662,2.0199999809265137
53,1,1.3676767349243164,3.740000009536743
53,2,0.7554526925086975,1.649999976158142
53,3,-0.2049054503440857,1.7999999523162842
53,4,-0.2637109160423279,-1.149999976158142
53,5,0.43244004249572754,3.9000000953674316
53,6,0.5753844380378723,2.130000114440918
53,7,0.2252342700958252,-0.09000000357627869
53,8,0.3799270987510681,1.909999966621399
53,9,0.06342771649360657,0.5699999928474426
53,10,-0.013566844165325165,1.4500000476837158
53,11,1.8061155080795288,2.9100000858306885
53,12,-1.1762146949768066,1.899999976158142
53,13,0.6026238203048706,2.5299999713897705
54,0,-0.9760218262672424,0.699999988079071
54,1,-0.6877617835998535,2.299999952316284
55,0,0.10302706062793732,-0.8899999856948853
55,1,-0.12379151582717896,-0.3700000047683716
55,2,0.6866599321365356,-0.27000001072883606
56,0,2.3887100219726562,2.0299999713897705
56,1,0.30899345874786377,1.0499999523162842
57,0,-0.32027411460876465,-0.0
58,0,2.325878381729126,-0.6200000047683716
58,1,-0.004968598484992981,-0.8100000023841858
59,0,-2.1378719806671143,0.20000000298023224
60,0,2.4222664833068848,1.399999976158142
60,1,4.189032077789307,1.1799999475479126
60,2,-2.909916400909424,1.0299999713897705
60,3,-0.4262775182723999,-0.47999998927116394
61,0,0.15992599725723267,2.700000047683716
62,0,0.038517095148563385,2.0999999046325684
62,1,0.3311578333377838,2.700000047683716
63,0,0.24255084991455078,0.5099999904632568
63,1,-0.0020900219678878784,0.550000011920929
63,2,-0.28134387731552124,1.3300000429153442
63,3,-0.11183802038431168,2.2899999618530273
63,4,1.4392802715301514,0.5699999928474426
63,5,0.9891854524612427,-0.6299999952316284
63,6,-1.285862922668457,-1.0399999618530273
63,7,-0.0894581526517868,2.4100000858306885
63,8,0.3236621916294098,1.600000023841858
63,9,-0.31826260685920715,0.8999999761581421
63,10,0.6848639249801636,1.2599999904632568
63,11,-0.5570363402366638,-0.38999998569488525
63,12,-0.6535642147064209,-0.12999999523162842
63,13,0.033687129616737366,-0.7300000190734863
63,14,0.13192856311798096,-1.6699999570846558
63,15,0.5950592756271362,-2.190000057220459
63,16,1.4164716005325317,2.0899999141693115
64,0,0.1135254055261612,-0.019999999552965164
64,1,0.2802727222442627,-1.3600000143051147
64,2,0.19277042150497437,-0.3799999952316284
64,3,-0.11969152092933655,0.17000000178813934
64,4,-0.23208832740783691,-0.36000001430511475
64,5,-1.9247169494628906,-0.23999999463558197
64,6,-1.9449238777160645,0.3100000023841858
64,7,-0.5014485120773315,-1.0499999523162842
64,8,-0.008348703384399414,0.4099999964237213
64,9,-0.20341145992279053,-0.28999999165534973
65,0,-0.6356468200683594,-2.0799999237060547
65,1,-0.007454872131347656,2.319999933242798
65,2,-0.44007301330566406,-0.6899999976158142
66,0,-1.006136417388916,1.100000023841858
66,1,-0.07880520820617676,-0.4000000059604645
66,2,-0.04207882285118103,0.20000000298023224
66,3,-0.042459726333618164,2.299999952316284
66,4,-0.2925533056259155,3.5999999046325684
66,5,-0.14563655853271484,0.6000000238418579
66,6,-0.3641451597213745,1.5
66,7,-0.6235284805297852,1.2000000476837158
66,8,0.00952214002609253,0.30000001192092896
66,9,0.5943737030029297,-0.8999999761581421
66,10,-0.036582447588443756,1.1100000143051147
66,11,-0.11192131042480469,-0.8399999737739563
66,12,0.03231923282146454,-0.5600000023841858
66,13,0.6622533202171326,2.200000047683716
66,14,0.43678411841392517,1.5
66,15,0.5662128329277039,2.299999952316284
66,16,-0.2421029508113861,-0.30000001192092896
66,17,-3.031802177429199,1.399999976158142
66,18,0.8597297072410583,1.899999976158142
66,19,-0.9831461906433105,1.7000000476837158
66,20,-0.39771926403045654,-0.0
66,21,-1.0168094635009766,-0.0
66,22,-1.0442500114440918,0.20000000298023224
66,23,0.9417315721511841,1.7000000476837158
66,24,0.6522663235664368,0.8999999761581421
66,25,1.4477794170379639,1.2999999523162842
66,26,0.8881286382675171,0.5
66,27,2.8606722354888916,4.400000095367432
66,28,-1.7908464670181274,-2.4800000190734863
66,29,-3.7637386322021484,-2.7300000190734863
66,30,-0.6672545671463013,-1.4600000381469727
66,31,0.31574487686157227,1.9600000381469727
66,32,-0.09098601341247559,-0.0
66,33,0.04841121286153793,-0.7400000095367432
66,34,0.17776399850845337,1.1299999952316284
66,35,-0.9198175668716431,0.4000000059604645
66,36,-1.6722294092178345,-1.7000000476837158
66,37,-3.290121555328369,-2.8499999046325684
66,38,-1.6300702095031738,-2.3499999046325684
66,39,-3.2481017112731934,-2.6500000953674316
66,40,-1.9483157396316528,-2.700000047683716
66,41,-3.7294921875,-2.25
66,42,-3.564268112182617,-2.9000000953674316
67,0,-0.24743688106536865,0.6000000238418579
67,1,-0.06443437933921814,-0.5
67,2,-0.04242205619812012,2.5999999046325684
67,3,-0.24426090717315674,2.0999999046325684
67,4,-0.2139366865158081,0.699999988079071
67,5,-0.2537649869918823,1.5
67,6,-0.6213945150375366,1.0
67,7,0.023388206958770752,-0.0
68,0,-0.4435865879058838,-0.07000000029802322
68,1,0.09858697652816772,-0.23999999463558197
68,2,-0.06744968891143799,-0.009999999776482582
68,3,0.7369649410247803,0.12999999523162842
68,4,1.8250632286071777,0.9700000286102295
68,5,-0.15244105458259583,-0.10999999940395355
68,6,-0.6376203298568726,-0.47999998927116394
68,7,0.19702476263046265,0.029999999329447746
68,8,0.5438328385353088,1.4600000381469727
68,9,-0.5575999021530151,0.10999999940395355
68,10,0.32811376452445984,-0.17000000178813934
68,11,0.12147244065999985,-0.10000000149011612
68,12,0.7263314723968506,0.30000001192092896
68,13,-0.3464306592941284,0.05000000074505806
68,14,-0.2991282343864441,0.28999999165534973
68,15,0.25092047452926636,1.8799999952316284
68,16,0.23892830312252045,0.1899999976158142
68,17,-0.10205191373825073,0.3199999928474426
68,18,-0.06552542746067047,0.3100000023841858
68,19,-0.027014538645744324,0.44999998807907104
68,20,-0.03930447995662689,0.5699999928474426
68,21,0.1868499219417572,0.5799999833106995
68,22,-0.11276017874479294,0.6100000143051147
68,23,-0.03725165128707886,0.029999999329447746
68,24,0.17598921060562134,-0.6899999976158142
69,0,1.047622799873352,-0.2199999988079071
69,1,2.007211208343506,2.069999933242798
69,2,1.9108184576034546,1.4700000286102295
69,3,1.8968745470046997,0.8399999737739563
69,4,-1.3701788187026978,-1.600000023841858
69,5,-0.48188960552215576,-1.7699999809265137
69,6,0.18347030878067017,0.7900000214576721
69,7,-0.2496802657842636,-1.1399999856948853
69,8,-0.056059349328279495,1.159999966621399
69,9,-0.04028758406639099,-0.3799999952316284
69,10,0.026220351457595825,-0.2800000011920929
69,11,-0.1269870400428772,-0.03999999910593033
69,12,0.18378490209579468,0.5899999737739563
69,13,0.022831201553344727,-1.409999966621399
69,14,-0.2484840750694275,-2.75
69,15,-0.8676789999008179,-1.590000033378601
69,16,-0.5587353706359863,-0.28999999165534973
69,17,-0.32581496238708496,-2.180000066757202
69,18,-2.3599605560302734,-1.5299999713897705
69,19,0.5795735120773315,-1.75
69,20,-0.5190427899360657,-1.5800000429153442
70,0,0.4434853792190552,1.0
70,1,3.056170701980591,1.5399999618530273
70,2,0.34845197200775146,0.3100000023841858
70,3,3.390536308288574,1.159999966621399
70,4,0.3843313455581665,0.6600000262260437
70,5,3.1545615196228027,1.0299999713897705
70,6,-0.22661271691322327,0.20000000298023224
70,7,-1.6212550401687622,-0.699999988079071
70,8,-0.4542014002799988,-0.15000000596046448
71,0,-0.5452387928962708,-0.30000001192092896
71,1,0.06821334362030029,0.20000000298023224
71,2,-0.7413642406463623,0.09000000357627869
71,3,0.09352675080299377,0.8899999856948853
71,4,0.2182845175266266,0.800000011920929
71,5,0.12903252243995667,0.7400000095367432
72,0,0.7714970707893372,2.950000047683716
72,1,0.3374517560005188,-1.0399999618530273
72,2,-0.28796446323394775,-4.75
73,0,0.171112060546875,1.7200000286102295
73,1,-0.35836875438690186,1.7899999618530273
73,2,-0.28461921215057373,-0.20000000298023224
73,3,-0.20077908039093018,1.2200000286102295
73,4,2.6274197101593018,4.53000020980835
74,0,-0.14895713329315186,0.699999988079071
74,1,1.8432021141052246,1.2999999523162842
74,2,-0.03429853916168213,-0.0
74,3,1.6036763191223145,2.299999952316284
74,4,-0.044752880930900574,-0.0
74,5,-0.5690689086914062,2.5999999046325684
74,6,1.5534464120864868,2.9000000953674316
75,0,-1.2753931283950806,2.759999990463257
75,1,-0.29003122448921204,5.0
75,2,0.6329838037490845,4.670000076293945
76,0,1.8136537075042725,1.2300000190734863
76,1,0.33657634258270264,-0.949999988079071
76,2,0.3674851655960083,-0.07000000029802322
76,3,1.606463074684143,-0.25
76,4,0.410266637802124,-1.4299999475479126
76,5,0.14849185943603516,-0.8299999833106995
76,6,-0.37426871061325073,1.9299999475479126
76,7,0.46108174324035645,2.440000057220459
76,8,-0.2810547351837158,0.49000000953674316
77,0,-0.21253439784049988,2.119999885559082
77,1,0.49827465415000916,1.690000057220459
77,2,-0.2834717631340027,0.6399999856948853
78,0,0.17604374885559082,-1.7899999618530273
78,1,-1.0064647197723389,1.0800000429153442
78,2,-0.08957242965698242,2.1500000953674316
79,0,0.09915933758020401,0.5099999904632568
79,1,0.7774178385734558,1.149999976158142
79,2,0.2648872137069702,0.4000000059604645
79,3,-0.13742324709892273,0.2800000011920929
79,4,-0.8219389915466309,1.5199999809265137
79,5,0.11453568935394287,1.3899999856948853
79,6,-0.6897414326667786,-0.550000011920929
79,7,-0.45873475074768066,0.10000000149011612
79,8,3.6014959812164307,1.7300000190734863
79,9,2.038325786590576,1.7899999618530273
79,10,0.021352846175432205,0.5799999833106995
79,11,-0.6091017127037048,-0.5199999809265137
80,0,1.5087740421295166,0.9300000071525574
81,0,0.5271632075309753,3.109999895095825
82,0,1.5968352556228638,1.3799999952316284
83,0,1.3140699863433838,0.46000000834465027
83,1,2.230961799621582,1.4800000190734863
83,2,1.4981948137283325,0.9700000286102295
83,3,-0.4291961193084717,0.6000000238418579
83,4,-0.8357009291648865,-0.1899999976158142
83,5,-1.0999042987823486,-0.1599999964237213
83,6,1.5402488708496094,2.809999942779541
83,7,-2.0986695289611816,-1.340000033378601
83,8,0.23767830431461334,0.6399999856948853
83,9,1.1778748035430908,1.7799999713897705
83,10,0.22351503372192383,-0.49000000953674316
83,11,-1.150693416595459,-0.38999998569488525
83,12,-1.1022921800613403,-0.7900000214576721
83,13,1.1873871088027954,-0.5899999737739563
83,14,-0.273029088973999,0.05000000074505806
83,15,0.1537766456604004,1.4600000381469727
83,16,-0.26909399032592773,0.5699999928474426
84,0,-0.16324105858802795,-0.3100000023841858
84,1,-0.11623088270425797,0.3199999928474426
84,2,-2.9665517807006836,-1.3799999952316284
84,3,-2.295902729034424,-1.940000057220459
84,4,-1.6929616928100586,-1.9299999475479126
84,5,-3.3371903896331787,-2.3499999046325684
84,6,-1.0795526504516602,-0.8899999856948853
84,7,-1.6042637825012207,0.7599999904632568
84,8,-1.7221362590789795,0.9700000286102295
84,9,2.79734468460083,0.1899999976158142
85,0,-0.34021782875061035,0.7699999809265137
85,1,-0.445184588432312,1.1200000047683716
85,2,1.9095746278762817,0.8100000023841858
85,3,0.8521109819412231,2.8399999141693115
85,4,1.0829681158065796,0.36000001430511475
85,5,0.6933791637420654,3.559999942779541
85,6,0.9863079786300659,0.1599999964237213
85,7,0.8768836259841919,0.20999999344348907
85,8,0.5698888301849365,1.350000023841858
85,9,0.4981093406677246,3.9100000858306885
85,10,0.5189951658248901,2.549999952316284
85,11,0.24770188331604004,2.890000104904175
85,12,0.5404382944107056,2.930000066757202
85,13,0.31126999855041504,3.0199999809265137
85,14,0.9864259958267212,1.6799999475479126
85,15,1.404253363609314,-0.4099999964237213
86,0,-1.1791965961456299,3.759999990463257
86,1,-0.7326722741127014,3.1700000762939453
86,2,-0.42318058013916016,3.390000104904175
86,3,1.5297963619232178,1.100000023841858
86,4,-3.4934139251708984,1.2000000476837158
86,5,0.10137613117694855,0.25999999046325684
86,6,-0.004180707037448883,0.6200000047683716
86,7,0.2978060245513916,2.3399999141693115
86,8,1.9031033515930176,4.989999771118164
86,9,3.5305137634277344,4.679999828338623
86,10,2.8706986904144287,3.6500000953674316
86,11,0.07101035118103027,4.079999923706055
86,12,2.3675661087036133,3.6700000762939453
86,13,3.578584671020508,4.730000019073486
86,14,3.1027212142944336,3.5899999141693115
86,15,0.14069914817810059,3.5399999618530273
86,16,2.3281595706939697,4.869999885559082
86,17,1.4006421566009521,3.069999933242798
86,18,-0.012745499610900879,0.9300000071525574
86,19,-0.24988675117492676,-1.2400000095367432
86,20,-0.036427974700927734,0.14000000059604645
86,21,-0.2314351201057434,-0.7400000095367432
86,22,-0.703700065612793,0.41999998688697815
86,23,0.5056076049804688,1.5800000429153442
86,24,0.15849202871322632,-0.8799999952316284
86,25,-0.6229153871536255,-0.5
86,26,0.46662014722824097,1.8799999952316284
86,27,0.5902590751647949,1.7699999809265137
86,28,-0.7751150727272034,-1.100000023841858
86,29,-1.289520502090454,-0.0
86,30,-1.3946964740753174,-0.10000000149011612
87,0,1.4149887561798096,3.059999942779541
87,1,1.2891569137573242,1.2599999904632568
87,2,0.8953803181648254,-0.30000001192092896
87,3,-0.21016722917556763,-0.800000011920929
87,4,0.8995850086212158,-1.0
87,5,0.8799469470977783,0.10000000149011612
87,6,-1.2854269742965698,-2.0
87,7,0.6721689701080322,-0.8999999761581421
87,8,1.7333847284317017,0.800000011920929
87,9,0.8785272836685181,-0.8999999761581421
87,10,1.0780322551727295,0.10000000149011612
87,11,0.7403090000152588,-0.6000000238418579
87,12,-0.2956673502922058,-0.800000011920929
87,13,0.6242425441741943,-1.7999999523162842
87,14,0.9560572504997253,-0.800000011920929
87,15,0.3106689155101776,-1.0
87,16,0.6375964283943176,0.4000000059604645
87,17,1.7376151084899902,0.4000000059604645
87,18,1.0542774200439453,0.4000000059604645
87,19,0.9858908653259277,-0.20000000298023224
88,0,0.22141194343566895,3.2100000381469727
88,1,0.63985276222229,4.550000190734863
88,2,-0.1510050743818283,1.9500000476837158
88,3,0.10369940847158432,1.7100000381469727
88,4,0.06334403157234192,-0.3499999940395355
88,5,0.4993124008178711,0.4300000071525574
88,6,0.6792469024658203,0.4399999976158142
88,7,0.5507581233978271,4.380000114440918
88,8,0.1673896312713623,1.7899999618530273
88,9,0.25615835189819336,0.800000011920929
88,10,1.3541927337646484,2.8499999046325684
88,11,0.2011411190032959,2.200000047683716
88,12,0.4484703540802002,0.07999999821186066
88,13,0.8039605617523193,2.990000009536743
88,14,4.069934844970703,4.809999942779541
88,15,0.32676100730895996,0.4300000071525574
88,16,0.10737895965576172,4.199999809265137
88,17,-0.22655344009399414,0.4399999976158142
88,18,-0.09679007530212402,0.699999988079071
88,19,0.738930344581604,0.6700000166893005
88,20,2.9893593788146973,1.1799999475479126
88,21,0.2934117317199707,1.9199999570846558
88,22,3.655604124069214,2.7799999713897705
88,23,0.3105342388153076,3.799999952316284
88,24,0.43368375301361084,2.5799999237060547
88,25,3.516303062438965,4.869999885559082
88,26,-0.42821478843688965,1.9500000476837158
88,27,-0.34714579582214355,1.090000033378601
88,28,-0.002015829086303711,2.8499999046325684
88,29,-0.26369547843933105,1.2999999523162842
88,30,-0.2306077480316162,2.369999885559082
88,31,0.5020673274993896,2.0299999713897705
88,32,2.9195480346679688,3.5
88,33,0.17476314306259155,0.44999998807907104
88,34,0.7475681304931641,0.27000001072883606
88,35,-0.24653777480125427,-0.6899999976158142
88,36,-0.11183381080627441,3.5399999618530273
89,0,-0.021467188373208046,0.28999999165534973
90,0,2.0055971145629883,0.9700000286102295
90,1,1.7405914068222046,0.9700000286102295
90,2,0.16019688546657562,1.0
90,3,0.5877901315689087,-1.2100000381469727
90,4,-0.29110318422317505,1.590000033378601
90,5,-0.2915019392967224,0.8899999856948853
90,6,1.4385442733764648,1.7200000286102295
90,7,0.9902392625808716,1.4600000381469727
90,8,2.5189757347106934,0.009999999776482582
90,9,1.7223190069198608,0.2199999988079071
90,10,1.7208563089370728,0.3400000035762787
90,11,2.737105369567871,0.5600000023841858
90,12,3.065826654434204,0.5799999833106995
90,13,2.021822214126587,0.07999999821186066
90,14,3.8327178955078125,0.9900000095367432
90,15,3.058271884918213,0.5099999904632568
90,16,2.1992011070251465,-0.4399999976158142
90,17,1.3398507833480835,0.47999998927116394
90,18,-0.6195326447486877,0.05000000074505806
90,19,-1.0271779298782349,0.5099999904632568
90,20,0.1612643003463745,0.5799999833106995
90,21,-0.9521400928497314,0.5099999904632568
90,22,-0.2231006622314453,0.27000001072883606
90,23,-0.5804294347763062,0.6200000047683716
90,24,-1.0298948287963867,0.699999988079071
90,25,2.304720640182495,0.8999999761581421
90,26,0.9070636034011841,2.990000009536743
90,27,5.09401273727417,3.190000057220459
90,28,4.354733943939209,2.619999885559082
90,29,3.8020105361938477,2.690000057220459
90,30,-0.07398867607116699,1.6299999952316284
90,31,4.281333923339844,3.009999990463257
90,32,4.059115409851074,2.6500000953674316
90,33,3.8475422859191895,3.0899999141693115
90,34,3.074028730392456,2.5299999713897705
90,35,0.46396470069885254,0.029999999329447746
90,36,1.914096713066101,3.2100000381469727
90,37,1.6452505588531494,2.8499999046325684
90,38,0.5170981884002686,0.550000011920929
90,39,-0.002489805221557617,0.36000001430511475
90,40,0.29059886932373047,0.8299999833106995
90,41,0.0301668643951416,1.5
90,42,0.2829728126525879,1.340000033378601
90,43,-0.1356966495513916,0.6299999952316284
90,44,0.522768497467041,0.6700000166893005
90,45,0.10244870185852051,0.25
90,46,0.6278591156005859,1.3899999856948853
90,47,0.1445763111114502,1.2899999618530273
90,48,1.0375062227249146,-1.0800000429153442
90,49,0.28775858879089355,0.3199999928474426
90,50,-1.7796497344970703,-0.23999999463558197
90,51,-0.4137302041053772,1.3600000143051147
90,52,0.8823917508125305,2.009999990463257
90,53,-0.6906322836875916,0.8100000023841858
90,54,-1.613276720046997,-0.12999999523162842
90,55,-0.7191016674041748,1.5499999523162842
90,56,-1.6480401754379272,-0.009999999776482582
90,57,-1.4515334367752075,0.14000000059604645
90,58,-0.6682822108268738,0.3499999940395355
90,59,-0.298951119184494,1.2599999904632568
90,60,-0.7737564444541931,0.05000000074505806
90,61,-1.1365938186645508,-0.36000001430511475
90,62,-2.008774995803833,0.7900000214576721
90,63,0.350942999124527,0.9399999976158142
90,64,-0.4978659749031067,-0.7799999713897705
90,65,0.1881408393383026,0.41999998688697815
90,66,0.19056084752082825,0.6100000143051147
90,67,0.259641170501709,0.3799999952316284
90,68,0.23618076741695404,0.8799999952316284
90,69,0.19663578271865845,0.6600000262260437
90,70,-0.14995935559272766,0.4099999964237213
90,71,0.06739751994609833,0.3499999940395355
90,72,0.27012500166893005,0.9100000262260437
90,73,-2.8538460731506348,1.100000023841858
90,74,-0.023740291595458984,1.590000033378601
90,75,1.2908519506454468,1.9900000095367432
90,76,4.281548500061035,2.759999990463257
90,77,-0.32684898376464844,0.5
90,78,-0.4268221855163574,0.7799999713897705
90,79,1.6847559213638306,1.2699999809265137
90,80,4.658660411834717,1.8200000524520874
90,81,4.405526638031006,1.3799999952316284
90,82,3.5699191093444824,2.0399999618530273
90,83,0.19896650314331055,0.05000000074505806
90,84,2.118366003036499,0.05000000074505806
90,85,4.082454681396484,1.7200000286102295
90,86,-0.3202970027923584,1.649999976158142
90,87,4.298526763916016,2.0
90,88,3.57772159576416,0.800000011920929
90,89,2.0567164421081543,1.7999999523162842
90,90,0.33839184045791626,0.3100000023841858
90,91,1.783407211303711,2.0299999713897705
90,92,2.4065237045288086,2.4200000762939453
90,93,2.1288905143737793,2.440000057220459
90,94,0.6938052177429199,1.940000057220459
90,95,2.8453805446624756,2.069999933242798
90,96,1.331905484199524,2.0899999141693115
90,97,2.662522792816162,2.2899999618530273
90,98,0.5271961688995361,1.7899999618530273
90,99,-0.4062737226486206,1.2000000476837158
90,100,0.3075851500034332,-0.28999999165534973
90,101,-0.27622029185295105,0.49000000953674316
91,0,1.5921481847763062,0.9700000286102295
91,1,-1.224156141281128,0.6200000047683716
91,2,-0.5567893981933594,0.4000000059604645
91,3,-0.4238932728767395,-0.4000000059604645
91,4,-1.0110523700714111,0.6600000262260437
91,5,-0.8366279602050781,0.25
91,6,-0.40688079595565796,0.27000001072883606
91,7,-0.38702595233917236,1.1799999475479126
91,8,0.9304221272468567,2.359999895095825
91,9,0.34916865825653076,1.4299999475479126
91,10,0.8470548391342163,2.0299999713897705
91,11,0.021749496459960938,2.009999990463257
91,12,-0.13822925090789795,0.9100000262260437
91,13,0.21907585859298706,0.9900000095367432
91,14,-0.3900032341480255,-0.5699999928474426
91,15,-0.44557511806488037,1.7999999523162842
91,16,-0.02307283878326416,1.6200000047683716
91,17,0.17605340480804443,0.4099999964237213
91,18,0.6635114550590515,0.5
91,19,0.6416890621185303,1.899999976158142
91,20,-0.0555151104927063,0.3799999952316284
91,21,-1.695298194885254,0.9800000190734863
91,22,-0.2825687527656555,0.46000000834465027
91,23,-0.30159303545951843,1.0499999523162842
91,24,-0.0528561994433403,0.75
91,25,-0.8657252192497253,2.4100000858306885
91,26,-0.16668081283569336,0.3799999952316284
91,27,-0.1724536418914795,1.0199999809265137
92,0,-1.0233739614486694,0.8100000023841858
92,1,0.40955907106399536,2.5799999237060547
92,2,0.025390708819031715,0.5099999904632568
92,3,0.31189900636672974,0.5699999928474426
92,4,-0.23941922187805176,-0.6200000047683716
92,5,0.8702586889266968,2.0399999618530273
92,6,0.8934075832366943,1.9800000190734863
92,7,-0.21258091926574707,0.23000000417232513
92,8,-1.531412124633789,2.799999952316284
92,9,-0.9015878438949585,0.5899999737739563
92,10,-0.3875649869441986,0.6000000238418579
92,11,-0.5424224734306335,0.4300000071525574
92,12,0.8529863953590393,1.3600000143051147
92,13,0.5262664556503296,1.0700000524520874
92,14,0.2903175950050354,0.7300000190734863
92,15,1.0244227647781372,2.0399999618530273
92,16,0.803846001625061,0.6800000071525574
93,0,0.36661267280578613,1.2699999809265137
93,1,-1.114324927330017,-0.6800000071525574
93,2,1.1292155981063843,1.6299999952316284
93,3,-1.6962659358978271,2.2899999618530273
93,4,0.4611058235168457,0.9900000095367432
93,5,2.119673728942871,2.7100000381469727
93,6,0.45857447385787964,0.9700000286102295
93,7,0.944452166557312,3.0199999809265137
93,8,0.2307596206665039,0.7400000095367432
93,9,0.7938449382781982,3.380000114440918
93,10,-0.8217138051986694,1.6399999856948853
93,11,-0.46469637751579285,0.6000000238418579
93,12,1.8225457668304443,2.0
93,13,1.134469985961914,2.4000000953674316
93,14,1.9872936010360718,1.7799999713897705
93,15,0.3096034526824951,2.8399999141693115
93,16,0.0003707408905029297,0.7099999785423279
93,17,0.2889108657836914,0.6299999952316284
93,18,0.5071694850921631,0.7099999785423279
93,19,-0.32985806465148926,2.0199999809265137
93,20,1.1739561557769775,1.899999976158142
93,21,-1.6599936485290527,1.6799999475479126
93,22,0.9611197710037231,1.25
93,23,2.092623233795166,1.409999966621399
93,24,0.8642274737358093,-0.10999999940395355
93,25,0.9295995235443115,0.3700000047683716
93,26,-0.28555768728256226,0.7300000190734863
93,27,1.107918620109558,0.18000000715255737
93,28,0.4092133343219757,1.649999976158142
93,29,2.0579538345336914,1.100000023841858
93,30,1.2444626092910767,2.2699999809265137
93,31,0.3307301104068756,2.5899999141693115
93,32,0.3228280544281006,2.3399999141693115
93,33,3.6193671226501465,3.6500000953674316
93,34,1.6075031757354736,0.5199999809265137
93,35,2.879894495010376,2.4000000953674316
94,0,-0.19256985187530518,-0.8199999928474426
94,1,0.2949482202529907,-0.4399999976158142
94,2,-1.5510929822921753,0.9200000166893005
94,3,-1.4641824960708618,0.8399999737739563
95,0,-2.2043912410736084,-0.30000001192092896
95,1,-0.8072330951690674,-0.47999998927116394
95,2,-0.18028175830841064,-1.0700000524520874
95,3,-0.08451855927705765,-0.44999998807907104
95,4,-1.7454719543457031,-1.25
95,5,1.7124147415161133,-0.7200000286102295
96,0,3.445122718811035,2.6700000762939453
96,1,1.6995303630828857,0.9200000166893005
96,2,-1.972402572631836,-1.5499999523162842
96,3,0.33204972743988037,0.14000000059604645
96,4,0.5062041282653809,2.740000009536743
96,5,0.2381153106689453,-0.019999999552965164
96,6,0.4814286231994629,3.5799999237060547
96,7,0.31583356857299805,0.2800000011920929
96,8,0.3199295103549957,1.6299999952316284
96,9,0.08426141738891602,0.3700000047683716
96,10,1.3729571104049683,3.299999952316284
96,11,0.6914461851119995,0.800000011920929
96,12,1.2530699968338013,2.4000000953674316
96,13,0.7454806566238403,1.909999966621399
96,14,0.3317897319793701,0.8799999952316284
96,15,0.3742971420288086,4.130000114440918
96,16,0.922229528427124,2.880000114440918
96,17,0.8620295524597168,3.9600000381469727
96,18,0.4570915699005127,2.809999942779541
96,19,-2.0523462295532227,0.27000001072883606
96,20,1.0319738388061523,2.5799999237060547
96,21,0.5107921361923218,1.2599999904632568
96,22,0.4393554925918579,1.399999976158142
96,23,0.2247939109802246,2.690000057220459
96,24,0.753253698348999,3.9600000381469727
96,25,0.9422719478607178,1.2100000381469727
96,26,3.468153953552246,4.059999942779541
96,27,-0.6450023651123047,3.0899999141693115
97,0,1.0812582969665527,2.0799999237060547
97,1,-0.6118022203445435,3.8299999237060547
97,2,0.23467016220092773,2.700000047683716
97,3,0.7572489380836487,2.700000047683716
97,4,0.3691091537475586,3.2300000190734863
97,5,0.7075649499893188,4.880000114440918
97,6,0.22148776054382324,2.1500000953674316
97,7,0.08780121803283691,4.449999809265137
98,0,0.5935964584350586,2.0
98,1,-0.3121945858001709,-0.30000001192092896
98,2,-0.047525882720947266,1.899999976158142
98,3,0.9941946864128113,2.200000047683716
98,4,2.719848155975342,2.4000000953674316
98,5,1.9437288045883179,1.0
99,0,0.018969766795635223,-0.8299999833106995
99,1,-0.29990872740745544,-0.33000001311302185
99,2,-0.2764021158218384,0.029999999329447746
99,3,1.2878459692001343,4.119999885559082
99,4,0.9797130823135376,4.199999809265137
99,5,0.911827564239502,0.9300000071525574
99,6,0.506584644317627,1.340000033378601
99,7,0.28583431243896484,3.240000009536743
99,8,3.6156160831451416,3.950000047683716
99,9,0.9060232639312744,2.200000047683716
99,10,0.5181388854980469,1.7200000286102295
99,11,0.026509523391723633,2.930000066757202
99,12,3.361189603805542,3.5999999046325684
99,13,-0.7487186193466187,0.12999999523162842
99,14,-0.024959564208984375,1.0800000429153442
100,0,1.597273349761963,2.8499999046325684
100,1,1.2885210514068604,1.649999976158142
100,2,1.1705347299575806,0.6399999856948853
100,3,1.8488337993621826,1.25
100,4,0.5777561664581299,2.0
101,0,2.7098302841186523,0.699999988079071
101,1,2.5975959300994873,2.299999952316284
101,2,3.5607590675354004,1.9299999475479126
101,3,3.0487253665924072,1.1200000047683716
101,4,0.32570356130599976,0.30000001192092896
101,5,3.2567458152770996,2.069999933242798
101,6,1.4048055410385132,0.9399999976158142
101,7,0.4693366289138794,2.509999990463257
101,8,-0.054051611572504044,0.4000000059604645
101,9,1.0258246660232544,1.0199999809265137
101,10,-0.020168006420135498,0.6200000047683716
101,11,1.1192865371704102,1.5700000524520874
101,12,0.38784003257751465,1.2100000381469727
101,13,0.5216447114944458,0.09000000357627869
101,14,2.1431169509887695,0.4000000059604645
101,15,0.6254867315292358,0.30000001192092896
101,16,-0.15356573462486267,-0.10999999940395355
101,17,1.6524327993392944,0.7400000095367432
101,18,-0.08003569394350052,2.0999999046325684
101,19,0.6954548358917236,1.0399999618530273
101,20,0.5368378162384033,2.7100000381469727
101,21,0.9204623699188232,1.3700000047683716
101,22,0.44651323556900024,0.41999998688697815
101,23,-0.0056146010756492615,0.07999999821186066
101,24,1.6496856212615967,1.2300000190734863
101,25,0.028935477137565613,0.3700000047683716
101,26,1.790813684463501,1.5700000524520874
101,27,0.02871719002723694,-0.3100000023841858
101,28,1.3113749027252197,0.800000011920929
101,29,0.18361954391002655,-0.0
101,30,0.9793519973754883,1.0399999618530273
101,31,0.4116600751876831,0.019999999552965164
101,32,0.7052934169769287,0.019999999552965164
101,33,0.039811551570892334,0.4000000059604645
101,34,0.9154905080795288,0.5400000214576721
101,35,1.260963797569275,0.9900000095367432
101,36,-0.12574565410614014,-0.10000000149011612
101,37,-0.06497359275817871,3.2799999713897705
101,38,0.1610577553510666,-0.5099999904632568
101,39,1.4912468194961548,-0.0
101,40,-0.07007759809494019,0.3100000023841858
101,41,0.2669028043746948,-0.30000001192092896
101,42,1.2158361673355103,2.4600000381469727
101,43,-0.29916810989379883,0.3100000023841858
101,44,-0.14982926845550537,0.7200000286102295
102,0,0.06313029676675797,0.3499999940395355
102,1,-0.61430823802948,-0.25
102,2,-0.9543740153312683,0.25
102,3,-0.5263531804084778,0.44999998807907104
102,4,-0.57283616065979,1.2999999523162842
102,5,0.16395072638988495,1.75
102,6,0.5423308610916138,2.119999885559082
102,7,0.6215115785598755,2.299999952316284
102,8,-0.5494564175605774,0.10000000149011612
102,9,-2.875615119934082,1.0199999809265137
102,10,-0.4995533227920532,0.5
102,11,-0.03751709312200546,0.7699999809265137
102,12,-1.7681026458740234,-1.0199999809265137
102,13,-1.3310625553131104,-0.3199999928474426
102,14,0.2911083698272705,0.550000011920929
102,15,-0.9441673755645752,0.800000011920929
102,16,-0.294241726398468,0.20000000298023224
102,17,1.292643427848816,0.3499999940395355
102,18,0.262249231338501,2.119999885559082
102,19,0.37539350986480713,2.5
102,20,-0.2169259488582611,-0.4000000059604645
102,21,-0.6498603820800781,-0.25
102,22,0.7849348783493042,3.319999933242798
102,23,2.0525474548339844,2.3299999237060547
102,24,0.8866101503372192,0.8500000238418579
102,25,0.188493013381958,0.2800000011920929
102,26,1.6790534257888794,1.0
102,27,2.90853214263916,3.700000047683716
102,28,0.3218398094177246,1.1799999475479126
102,29,0.23510074615478516,0.3499999940395355
102,30,1.0493242740631104,2.200000047683716
102,31,1.694175362586975,3.299999952316284
102,32,0.271121621131897,0.6499999761581421
102,33,-0.28077197074890137,-0.4000000059604645
102,34,-0.20643746852874756,0.6200000047683716
102,35,-0.9790475368499756,-0.07999999821186066
102,36,0.29383182525634766,-0.550000011920929
102,37,0.5632873177528381,0.44999998807907104
102,38,0.5601195693016052,0.800000011920929
102,39,-0.40456753969192505,-1.399999976158142
102,40,-0.23250478506088257,-0.5
102,41,0.42001184821128845,3.8499999046325684
102,42,-0.24946337938308716,2.299999952316284
102,43,-0.14777520298957825,0.699999988079071
102,44,0.46198785305023193,2.5999999046325684
102,45,0.12638604640960693,1.75
102,46,0.43453288078308105,3.049999952316284
102,47,1.713813066482544,2.049999952316284
102,48,-0.29634809494018555,0.949999988079071
102,49,2.3032565116882324,2.8499999046325684
102,50,-0.058547019958496094,1.4500000476837158
102,51,0.9436677098274231,1.850000023841858
102,52,1.6174087524414062,2.549999952316284
102,53,-0.012342214584350586,0.10000000149011612
102,54,0.8169684410095215,1.0499999523162842
102,55,-0.4308645725250244,-0.0
102,56,-0.5477595329284668,0.10000000149011612
102,57,-0.17882204055786133,-0.800000011920929
102,58,-0.07865029573440552,0.6000000238418579
102,59,0.8951678276062012,0.4000000059604645
102,60,0.3268955945968628,-0.6000000238418579
102,61,-0.9719091653823853,0.75
102,62,-1.0912284851074219,1.850000023841858
102,63,-0.1485394835472107,0.800000011920929
102,64,-0.9303949475288391,0.4000000059604645
102,65,-0.7909905910491943,-0.0
102,66,-1.4299983978271484,0.3499999940395355
102,67,-0.4852142930030823,-0.6499999761581421
102,68,-0.239457368850708,0.15000000596046448
102,69,0.6021814346313477,0.30000001192092896
102,70,0.7599623203277588,1.0199999809265137
102,71,0.6639777421951294,0.550000011920929
102,72,-0.35641729831695557,1.5
102,73,-0.3972827196121216,0.3199999928474426
102,74,-0.14605951309204102,1.0700000524520874
102,75,0.6423758268356323,0.5299999713897705
102,76,1.5458652973175049,2.6500000953674316
102,77,-0.4380468726158142,1.0499999523162842
102,78,0.5356268882751465,0.800000011920929
102,79,0.821796178817749,1.0499999523162842
102,80,0.49958300590515137,0.05000000074505806
102,81,-0.21128129959106445,1.5
102,82,1.5452834367752075,1.75
102,83,2.188591718673706,2.049999952316284
102,84,2.840627670288086,2.5
102,85,-0.14881491661071777,1.600000023841858
102,86,0.7164831161499023,1.75
102,87,1.2844362258911133,0.20000000298023224
102,88,0.6017621159553528,0.20000000298023224
102,89,-0.1144222617149353,0.30000001192092896
103,0,-0.7543739080429077,2.1500000953674316
104,0,3.1408586502075195,2.700000047683716
104,1,0.09229016304016113,2.299999952316284
104,2,0.2526193857192993,4.579999923706055
104,3,0.05521130561828613,1.0499999523162842
104,4,0.957337498664856,3.440000057220459
104,5,0.31992506980895996,3.299999952316284
104,6,0.35802626609802246,3.200000047683716
104,7,1.8821427822113037,1.649999976158142
105,0,0.6879532337188721,0.6399999856948853
105,1,0.04396629333496094,1.1699999570846558
105,2,-0.07361303269863129,-0.4099999964237213
105,3,-0.37185776233673096,-1.3300000429153442
105,4,-0.7935153245925903,-0.07000000029802322
105,5,0.5715816617012024,-1.149999976158142
105,6,-1.3359949588775635,0.029999999329447746
105,7,0.10711418092250824,-1.5099999904632568
105,8,1.121679425239563,-3.7899999618530273
105,9,0.20436415076255798,-0.41999998688697815
105,10,0.5585424900054932,-3.6700000762939453
105,11,-0.6404650807380676,0.05000000074505806
105,12,-0.8027169704437256,0.009999999776482582
105,13,-0.5658485889434814,-0.1599999964237213
105,14,0.813406229019165,-2.430000066757202
105,15,0.5718425512313843,0.019999999552965164
105,16,0.5891362428665161,-0.4099999964237213
105,17,0.11838269233703613,-1.399999976158142
105,18,1.970170497894287,0.800000011920929
105,19,2.293351173400879,0.15000000596046448
105,20,3.647773504257202,-1.0499999523162842
105,21,2.7923378944396973,1.9500000476837158
105,22,1.3948421478271484,-3.4000000953674316
105,23,2.06320858001709,-0.20000000298023224
105,24,0.9778639078140259,4.420000076293945
105,25,0.8782374858856201,1.2799999713897705
105,26,0.5787930488586426,4.010000228881836
105,27,0.7739651203155518,2.990000009536743
105,28,0.8857477903366089,4.070000171661377
105,29,0.39533984661102295,0.6000000238418579
105,30,0.409684419631958,-3.130000114440918
105,31,0.12807109951972961,0.5799999833106995
105,32,2.8902761936187744,-1.100000023841858
105,33,-2.2395758628845215,1.3600000143051147
105,34,1.3058743476867676,2.2699999809265137
105,35,-2.067049980163574,1.340000033378601
105,36,-2.2937614917755127,1.0299999713897705
105,37,0.9889191389083862,1.7200000286102295
105,38,-2.3842787742614746,1.1200000047683716
105,39,0.396274209022522,0.6899999976158142
105,40,3.1580018997192383,1.5800000429153442
105,41,2.2471823692321777,1.409999966621399
105,42,-0.09097039699554443,1.3200000524520874
105,43,2.847503662109375,0.11999999731779099
106,0,-0.8902945518493652,-1.1100000143051147
107,0,1.6678462028503418,1.9700000286102295
107,1,1.0210245847702026,2.380000114440918
107,2,2.0394673347473145,2.609999895095825
107,3,3.201399564743042,4.150000095367432
107,4,2.8915483951568604,1.409999966621399
107,5,3.0058934688568115,3.200000047683716
107,6,2.9612832069396973,2.3399999141693115
107,7,3.2433509826660156,1.600000023841858
107,8,0.28178870677948,1.5700000524520874
107,9,-0.923613429069519,-1.2999999523162842
107,10,1.182004451751709,4.519999980926514
107,11,0.2276402711868286,1.9199999570846558
107,12,-0.04074215888977051,1.2999999523162842
107,13,0.05192923545837402,4.789999961853027
107,14,0.08730688691139221,3.4800000190734863
107,15,-0.2421933114528656,0.20000000298023224
107,16,-0.4553581774234772,0.17000000178813934
107,17,1.8438955545425415,1.0
107,18,-1.3135970830917358,1.3200000524520874
107,19,0.8994333744049072,1.8600000143051147
107,20,1.3902311325073242,1.9199999570846558
107,21,0.26050472259521484,2.8299999237060547
107,22,3.109304428100586,1.440000057220459
107,23,1.352225422859192,1.600000023841858
107,24,0.6865435838699341,3.7300000190734863
107,25,1.2845505475997925,3.880000114440918
107,26,1.2324602603912354,3.4800000190734863
107,27,0.5045363903045654,1.5
107,28,-1.4928498268127441,2.9700000286102295
107,29,-0.1889229118824005,2.9100000858306885
107,30,0.14688247442245483,2.25
107,31,2.119457721710205,3.259999990463257
107,32,3.129077196121216,3.609999895095825
107,33,0.2222752571105957,3.4200000762939453
107,34,0.61887526512146,0.8500000238418579
107,35,0.3687540888786316,-0.5199999809265137
107,36,0.7716658115386963,2.359999895095825
108,0,-0.20851123332977295,0.4399999976158142
109,0,0.44729483127593994,3.359999895095825
109,1,-0.07695436477661133,0.8299999833106995
110,0,0.09014478325843811,0.05000000074505806
110,1,0.5043723583221436,-0.7599999904632568
110,2,1.1839940547943115,-0.47999998927116394
110,3,0.5630358457565308,-0.75
110,4,0.11560796946287155,-1.1100000143051147
110,5,0.043424107134342194,-0.029999999329447746
110,6,0.4024869203567505,-0.05999999865889549
110,7,0.6653167605400085,0.2199999988079071
111,0,1.2247611284255981,0.6499999761581421
112,0,-2.8261208534240723,-3.5899999141693115
112,1,-0.22502648830413818,-0.4000000059604645
112,2,-0.9703935980796814,-1.5
112,3,0.22331196069717407,-1.2999999523162842
112,4,-0.03325449675321579,-0.0
112,5,0.13336139917373657,-0.5
112,6,-1.2006322145462036,-1.2999999523162842
112,7,-0.4858171045780182,-0.6000000238418579
113,0,3.3258583545684814,1.3300000429153442
113,1,3.3691108226776123,2.2799999713897705
113,2,3.506500244140625,1.8799999952316284
113,3,-0.042937345802783966,-0.029999999329447746
113,4,-0.20875808596611023,0.5600000023841858
113,5,0.05690832436084747,0.6000000238418579
113,6,1.5308526754379272,1.7899999618530273
113,7,0.7358981370925903,2.609999895095825
113,8,0.5621132850646973,1.0499999523162842
113,9,1.2277436256408691,1.7000000476837158
113,10,-0.021217048168182373,1.340000033378601
113,11,0.2055143117904663,1.4800000190734863
113,12,-0.5073200464248657,1.8300000429153442
113,13,-0.6075090169906616,-0.23999999463558197
113,14,-0.05703750252723694,0.9700000286102295
113,15,-0.6799041032791138,-0.10000000149011612
113,16,0.6090631484985352,3.2799999713897705
113,17,1.7021410465240479,1.600000023841858
113,18,0.5611460208892822,4.150000095367432
113,19,-0.04884132742881775,3.640000104904175
113,20,-0.24466881155967712,1.4700000286102295
113,21,-0.05504465103149414,1.5399999618530273
113,22,-0.009396791458129883,1.5700000524520874
113,23,1.1688275337219238,2.740000009536743
113,24,-0.019289493560791016,1.2300000190734863
113,25,2.0767552852630615,2.4800000190734863
113,26,3.2043886184692383,1.8600000143051147
113,27,1.3666716814041138,4.769999980926514
113,28,-0.24009430408477783,-0.28999999165534973
114,0,0.6618553996086121,3.299999952316284
114,1,0.11928096413612366,3.4700000286102295
114,2,-0.1712518036365509,2.0299999713897705
114,3,0.5431559085845947,1.809999942779541
114,4,0.27683529257774353,0.12999999523162842
115,0,3.3055667877197266,1.25
115,1,2.945784568786621,1.4199999570846558
115,2,0.36394697427749634,1.0
115,3,0.8273081183433533,0.9100000262260437
115,4,1.5600353479385376,3.2799999713897705
115,5,0.09255537390708923,0.75
115,6,0.06372182071208954,0.6000000238418579
115,7,0.16159656643867493,0.6499999761581421
115,8,0.008057370781898499,0.38999998569488525
115,9,0.5204449892044067,0.1899999976158142
115,10,0.7007949948310852,0.5799999833106995
115,11,0.15832369029521942,0.5799999833106995
115,12,-0.0764392614364624,0.8899999856948853
115,13,1.8759547472000122,3.5299999713897705
115,14,0.9182802438735962,1.899999976158142
115,15,0.49704861640930176,3.680000066757202
115,16,3.0126843452453613,3.2300000190734863
115,17,1.2027279138565063,1.2100000381469727
115,18,0.5771000385284424,0.6499999761581421
115,19,0.08074116706848145,4.210000038146973
115,20,-0.06882132589817047,0.7900000214576721
115,21,-0.5084141492843628,0.699999988079071
115,22,-0.024358510971069336,0.38999998569488525
115,23,1.9978660345077515,2.1600000858306885
115,24,1.3802447319030762,3.3399999141693115
115,25,0.005175530910491943,0.6100000143051147
115,26,1.1289527416229248,1.2699999809265137
115,27,2.9367566108703613,1.7300000190734863
115,28,-0.2795053720474243,0.6299999952316284
115,29,0.2345283031463623,3.700000047683716
115,30,-0.7702561616897583,1.0199999809265137
115,31,0.38726669549942017,1.3600000143051147
115,32,0.10840599983930588,0.2800000011920929
115,33,1.103446364402771,0.7599999904632568
115,34,0.1250217705965042,0.800000011920929
115,35,0.1381382942199707,0.49000000953674316
115,36,1.2778959274291992,1.0700000524520874
115,37,-0.30386656522750854,0.7599999904632568
115,38,0.26346534490585327,0.5899999737739563
115,39,0.03887462615966797,0.5
115,40,0.4617716670036316,1.159999966621399
115,41,0.5124154090881348,0.6899999976158142
115,42,0.1471819281578064,-0.0
115,43,0.5813614130020142,2.259999990463257
115,44,0.8446685671806335,1.0700000524520874
115,45,0.27835845947265625,4.920000076293945
115,46,0.5348339080810547,1.4600000381469727
115,47,2.410114049911499,2.380000114440918
115,48,1.5722229480743408,0.8899999856948853
115,49,0.8132621049880981,1.3600000143051147
115,50,3.415304183959961,3.240000009536743
115,51,1.89750337600708,1.3300000429153442
115,52,-0.03592181205749512,1.9600000381469727
115,53,0.4621999263763428,1.2100000381469727
115,54,0.3720688819885254,1.159999966621399
115,55,1.2388132810592651,0.9599999785423279
115,56,0.16511639952659607,0.3100000023841858
115,57,0.2584061026573181,0.550000011920929
115,58,0.1935720443725586,0.9700000286102295
115,59,0.1655869483947754,-0.10000000149011612
115,60,1.0802057981491089,2.440000057220459
115,61,0.8535345196723938,1.7400000095367432
115,62,1.3211191892623901,1.0499999523162842
115,63,0.5734264850616455,0.10000000149011612
115,64,0.10127026587724686,0.9300000071525574
115,65,0.2880162298679352,0.8799999952316284
115,66,0.18707352876663208,1.309999942779541
115,67,0.5428832769393921,2.049999952316284
115,68,-0.20095294713974,0.699999988079071
115,69,-0.053955018520355225,0.18000000715255737
115,70,1.4078017473220825,1.1799999475479126
115,71,0.9668499827384949,2.1600000858306885
115,72,0.11719262599945068,0.6700000166893005
115,73,-0.002786187455058098,0.6399999856948853
115,74,-0.010351568460464478,0.8199999928474426
116,0,3.062716007232666,3.299999952316284
116,1,3.923956871032715,3.5
117,0,-0.04121773689985275,-1.3899999856948853
117,1,0.9285141229629517,-1.409999966621399
117,2,1.2946748733520508,-1.0499999523162842
117,3,-0.8390001058578491,-0.9399999976158142
117,4,0.5573158860206604,-0.3499999940395355
117,5,-0.12012087553739548,-1.3899999856948853
117,6,-0.4215344786643982,0.15000000596046448
117,7,0.4985945224761963,-0.949999988079071
117,8,0.7424002289772034,0.4000000059604645
117,9,0.6453791260719299,1.0099999904632568
117,10,-0.29362016916275024,-1.440000057220459
117,11,-0.22975701093673706,-0.38999998569488525
117,12,0.29524946212768555,-1.850000023841858
118,0,0.018525153398513794,-0.7200000286102295
119,0,-0.14407873153686523,4.309999942779541
119,1,0.1444873809814453,4.309999942779541
119,2,3.0405287742614746,3.8299999237060547
119,3,0.9617989659309387,3.109999895095825
119,4,1.8277238607406616,2.630000114440918
119,5,2.222036123275757,3.109999895095825
119,6,-0.21383881568908691,1.909999966621399
119,7,0.1343146562576294,2.869999885559082
119,8,2.342456340789795,4.550000190734863
119,9,-0.5838890671730042,2.119999885559082
119,10,0.5373069047927856,3.7300000190734863
119,11,0.24875879287719727,2.619999885559082
119,12,0.19698047637939453,4.980000019073486
119,13,0.573927640914917,2.5999999046325684
119,14,1.4308838844299316,2.200000047683716
119,15,0.15766406059265137,-0.1599999964237213
119,16,0.7774226665496826,4.190000057220459
119,17,1.9806948900222778,3.0299999713897705
119,18,0.6031407117843628,2.299999952316284
119,19,-0.9436336159706116,1.2999999523162842
119,20,-1.505065679550171,1.100000023841858
119,21,0.3094921112060547,2.0999999046325684
119,22,-0.36662882566452026,0.6600000262260437
119,23,0.3209678828716278,3.119999885559082
119,24,-0.32032036781311035,3.0999999046325684
119,25,2.16681170463562,2.25
119,26,-0.11007629334926605,0.8999999761581421
119,27,0.16937248408794403,1.2200000286102295
119,28,0.2917605936527252,1.6299999952316284
119,29,-0.5348228216171265,0.9900000095367432
119,30,0.4165498912334442,0.5400000214576721
119,31,1.3514543771743774,1.4900000095367432
119,32,-0.10211115330457687,0.8299999833106995
119,33,0.08250269293785095,0.5299999713897705
119,34,0.5893253087997437,0.05999999865889549
119,35,0.5578165054321289,1.159999966621399
119,36,-0.46225833892822266,3.0
119,37,0.4288625717163086,0.7400000095367432
119,38,1.4785820245742798,0.25999999046325684
119,39,-0.9529891014099121,-0.05000000074505806
119,40,-0.4344162344932556,-0.4399999976158142
119,41,2.1247940063476562,0.20000000298023224
119,42,0.39282259345054626,0.09000000357627869
119,43,-0.034006357192993164,0.009999999776482582
119,44,3.741023063659668,1.7200000286102295
119,45,0.5972267389297485,1.0199999809265137
119,46,2.6060075759887695,2.1500000953674316
119,47,1.2708226442337036,-0.07999999821186066
119,48,0.4479635953903198,-0.20000000298023224
119,49,1.6438623666763306,0.6800000071525574
119,50,-0.7277444005012512,-0.1599999964237213
119,51,-1.1966177225112915,-0.09000000357627869
119,52,-0.8635277152061462,-0.11999999731779099
119,53,0.7128359079360962,0.05000000074505806
119,54,-0.08728749305009842,-0.30000001192092896
119,55,-1.2385480403900146,-0.38999998569488525
119,56,1.2082078456878662,0.7699999809265137
119,57,1.2873471975326538,1.7899999618530273
119,58,-0.00333319790661335,0.25999999046325684
119,59,0.13307411968708038,0.41999998688697815
119,60,0.11855316162109375,-0.7699999809265137
119,61,0.5932091474533081,-0.3700000047683716
119,62,-0.0483563207089901,1.090000033378601
119,63,0.8692598342895508,0.7900000214576721
119,64,1.716071605682373,-0.07000000029802322
119,65,4.372072219848633,2.869999885559082
119,66,3.6369385719299316,2.0299999713897705
119,67,1.4010381698608398,0.7599999904632568
119,68,3.319939136505127,1.75
119,69,0.42822134494781494,0.44999998807907104
119,70,1.43487548828125,2.390000104904175
119,71,-2.489269971847534,0.07999999821186066
119,72,-1.3925738334655762,0.5799999833106995
119,73,-0.0462336540222168,0.6800000071525574
119,74,0.08826340734958649,0.9399999976158142
119,75,-0.37009167671203613,-0.0
119,76,-0.10401919484138489,-0.029999999329447746
119,77,0.05417138338088989,-0.4699999988079071
119,78,0.2588212788105011,-0.15000000596046448
119,79,-0.06284743547439575,-0.38999998569488525
119,80,0.611235499382019,0.6499999761581421
119,81,-0.3619239628314972,-0.46000000834465027
119,82,-0.03688642382621765,-0.27000001072883606
119,83,0.8477746844291687,2.9100000858306885
119,84,1.7124862670898438,2.799999952316284
119,85,-0.14833354949951172,-1.100000023841858
119,86,0.7608226537704468,-1.7000000476837158
119,87,0.20487017929553986,-1.600000023841858
119,88,2.2461419105529785,-0.10000000149011612
119,89,2.78977108001709,1.5
119,90,-0.36900779604911804,-1.2999999523162842
119,91,-0.16308671236038208,-1.2000000476837158
119,92,-0.8210642337799072,-1.5
119,93,-2.392618179321289,-1.100000023841858
119,94,-3.645009756088257,-1.7000000476837158
119,95,-3.1172451972961426,-2.0
119,96,-0.9692882895469666,-0.8700000047683716
119,97,0.6100975871086121,0.699999988079071
120,0,0.1534222662448883,0.949999988079071
120,1,0.35023802518844604,1.2599999904632568
120,2,-0.19002607464790344,1.0099999904632568
120,3,0.1288464516401291,0.7099999785423279
120,4,0.19351696968078613,1.0099999904632568
120,5,0.08555279672145844,1.1299999952316284
120,6,1.4480525255203247,1.1200000047683716
120,7,1.1814801692962646,1.3700000047683716
120,8,0.09690594673156738,0.20000000298023224
120,9,1.9387263059616089,1.2599999904632568
121,0,0.07392711937427521,1.8700000047683716
121,1,-0.14385318756103516,-0.17000000178813934
121,2,-0.019635017961263657,0.3199999928474426
121,3,0.20353642106056213,-0.4399999976158142
121,4,-0.1140042394399643,-0.07000000029802322
121,5,4.640847682952881,3.0999999046325684
121,6,1.5514336824417114,3.9000000953674316
121,7,-0.31271934509277344,1.399999976158142
121,8,0.44573140144348145,0.20000000298023224
121,9,-2.150089979171753,0.20000000298023224
121,10,0.9098751544952393,2.1700000762939453
121,11,-3.5140414237976074,0.8199999928474426
121,12,-0.9203284978866577,0.009999999776482582
121,13,-2.9273855686187744,-0.699999988079071
121,14,1.1141566038131714,-3.4000000953674316
121,15,1.0658822059631348,-1.0399999618530273
121,16,1.2898550033569336,-1.649999976158142
121,17,-0.007907629013061523,-0.9900000095367432
121,18,0.427016019821167,-1.9500000476837158
121,19,0.961581826210022,-0.6499999761581421
121,20,0.7893694639205933,-0.25
121,21,0.47326695919036865,-0.8899999856948853
121,22,-0.0023156404495239258,0.23000000417232513
121,23,0.526781439781189,0.05000000074505806
121,24,0.09885808825492859,-0.15000000596046448
121,25,0.7069831490516663,0.4000000059604645
121,26,2.00449800491333,0.8999999761581421
121,27,-0.3320530951023102,-0.07000000029802322
121,28,-0.25700807571411133,-0.10000000149011612
121,29,-2.6847455501556396,-1.8300000429153442
121,30,0.7547415494918823,-1.4199999570846558
121,31,0.5132794976234436,-0.8100000023841858
121,32,-1.0698347091674805,-0.23999999463558197
121,33,-0.8356361389160156,-0.30000001192092896
121,34,-1.0966675281524658,-0.8899999856948853
121,35,0.5292323231697083,-0.03999999910593033
121,36,-0.0329897403717041,2.9800000190734863
121,37,-0.5147264003753662,-0.6399999856948853
121,38,0.12767362594604492,-1.7000000476837158
121,39,-0.8160717487335205,-0.9700000286102295
121,40,0.061225175857543945,-0.8299999833106995
121,41,-1.39686918258667,-0.5099999904632568
121,42,-0.008569322526454926,0.5299999713897705
121,43,-0.11446332931518555,-0.12999999523162842
121,44,0.39992988109588623,-0.2199999988079071
121,45,-0.3430657386779785,-0.0
121,46,-0.8067478537559509,-0.33000001311302185
121,47,0.6478123664855957,-0.5699999928474426
121,48,0.37454867362976074,-0.8100000023841858
121,49,1.0500084161758423,-1.4199999570846558
121,50,2.1493473052978516,-1.0700000524520874
121,51,1.2732150554656982,-1.3799999952316284
121,52,0.8053097128868103,-1.0199999809265137
121,53,0.10386943817138672,-0.7900000214576721
121,54,0.27851933240890503,-0.7400000095367432
121,55,1.996168851852417,-0.8299999833106995
121,56,2.2084128856658936,-0.800000011920929
121,57,4.263731002807617,1.899999976158142
121,58,3.796052932739258,1.5
121,59,1.255179524421692,0.5
121,60,3.237204074859619,2.700000047683716
121,61,4.048043251037598,3.5999999046325684
121,62,-0.23631668090820312,-1.899999976158142
121,63,-0.3954637050628662,-1.2999999523162842
121,64,1.6080842018127441,-0.5
121,65,4.394989967346191,1.7999999523162842
121,66,4.205930709838867,1.2000000476837158
121,67,3.3741114139556885,1.7999999523162842
121,68,2.9960861206054688,0.800000011920929
121,69,2.2599475383758545,2.299999952316284
122,0,0.36416369676589966,-0.3100000023841858
123,0,0.6728264689445496,3.5
123,1,-0.12792986631393433,3.0299999713897705
123,2,-0.8172863125801086,-4.199999809265137
123,3,-1.3850009441375732,-3.369999885559082
123,4,-1.6360454559326172,1.0299999713897705
123,5,-2.200286865234375,0.7200000286102295
123,6,3.062694549560547,1.9500000476837158
123,7,3.0346908569335938,2.0
124,0,-0.14049673080444336,-0.10000000149011612
124,1,0.7027428150177002,3.1500000953674316
125,0,-0.40438103675842285,2.049999952316284
126,0,0.6289217472076416,-0.9599999785423279
126,1,0.918037474155426,-0.0
126,2,-0.2615094780921936,-0.0
126,3,-0.1098099946975708,0.23999999463558197
127,0,-0.9425839781761169,0.3100000023841858
127,1,-3.437023878097534,1.399999976158142
127,2,0.2825961709022522,0.14000000059604645
127,3,-0.6391012072563171,-0.10999999940395355
128,0,3.1709814071655273,1.100000023841858
128,1,0.09484602510929108,-0.6899999976158142
128,2,0.9024028778076172,2.1500000953674316
128,3,-0.3398362696170807,-0.17000000178813934
128,4,2.6390182971954346,-0.3799999952316284
128,5,1.7733557224273682,4.309999942779541
128,6,3.297677755355835,2.299999952316284
129,0,0.4486069679260254,1.059999942779541
129,1,-0.4969017505645752,1.8799999952316284
129,2,1.0303378105163574,1.1200000047683716
129,3,0.03395611047744751,0.8399999737739563
129,4,1.5873708724975586,2.559999942779541
129,5,0.3351169228553772,2.4600000381469727
129,6,0.008551955223083496,1.1299999952316284
129,7,-0.07503235340118408,2.190000057220459
129,8,-0.4886549711227417,1.6200000047683716
130,0,0.3007891774177551,-0.20999999344348907
130,1,0.7965899705886841,-0.6899999976158142
130,2,0.5747560858726501,-0.3700000047683716
130,3,0.7750853300094604,0.10999999940395355
130,4,-0.040864020586013794,0.5
130,5,0.41810882091522217,-0.23000000417232513
130,6,0.09005415439605713,0.1599999964237213
130,7,0.12333481013774872,0.3499999940395355
130,8,-1.5064533948898315,1.1299999952316284
130,9,-1.9143669605255127,1.0099999904632568
130,10,-1.824500322341919,-0.07999999821186066
130,11,-1.622513771057129,0.9300000071525574
130,12,1.7704803943634033,3.4600000381469727
130,13,0.7763221859931946,3.4200000762939453
130,14,-0.7914130687713623,2.7799999713897705
130,15,3.453676700592041,4.960000038146973
130,16,-0.6219820976257324,0.4399999976158142
130,17,-0.699425458908081,1.1699999570846558
130,18,0.29828572273254395,2.859999895095825
131,0,0.5685577392578125,-0.20000000298023224
131,1,-1.3601958751678467,-1.399999976158142
131,2,-1.0783381462097168,-1.100000023841858
131,3,-1.6385059356689453,-1.350000023841858
131,4,-0.15480241179466248,-0.20000000298023224
131,5,-0.5714312195777893,-0.949999988079071
131,6,-0.3571052551269531,-0.550000011920929
131,7,-0.5889179706573486,-0.699999988079071
131,8,0.03684985637664795,-0.44999998807907104
131,9,0.016623318195343018,0.05000000074505806
