protein_idx,mut_index,pred,true
0,0,1.4492018222808838,3.700000047683716
0,1,-0.45160841941833496,4.550000190734863
0,2,-1.0204863548278809,2.4000000953674316
0,3,1.5428580045700073,4.550000190734863
0,4,0.541866660118103,0.699999988079071
1,0,-0.278215616941452,-0.550000011920929
1,1,-0.18382824957370758,-0.8100000023841858
1,2,0.26030105352401733,-0.1899999976158142
2,0,-0.9824408292770386,-0.20000000298023224
2,1,-2.554551601409912,0.20000000298023224
2,2,-3.0504043102264404,-0.800000011920929
2,3,1.073244333267212,1.7999999523162842
2,4,2.0411109924316406,4.599999904632568
3,0,0.3983854651451111,0.1599999964237213
3,1,1.2225544452667236,1.2000000476837158
3,2,1.7311773300170898,1.0099999904632568
3,3,2.2228806018829346,1.707748532295227
3,4,2.2228803634643555,1.7674607038497925
3,5,2.2228803634643555,1.249974012374878
3,6,3.0407233238220215,2.149614095687866
3,7,3.0407233238220215,2.2531137466430664
3,8,3.0407235622406006,1.9722875356674194
4,0,1.6717488765716553,1.399999976158142
4,1,2.6931300163269043,1.1799999475479126
4,2,-1.2689895629882812,1.0299999713897705
4,3,-0.3214528262615204,-0.47999998927116394
5,0,-2.099946975708008,0.19120459258556366
5,1,-2.099946975708008,0.43021032214164734
5,2,-2.099946975708008,0.2629063129425049
5,3,-1.1005213260650635,0.23000000417232513
5,4,-0.5258886814117432,1.478456974029541
5,5,-0.5258888006210327,0.05000000074505806
5,6,0.7517768144607544,0.8365200757980347
5,7,0.7517770528793335,1.7925430536270142
5,8,0.7517770528793335,1.8881453275680542
5,9,1.0735918283462524,2.1500000953674316
5,10,-0.5965482592582703,-0.16730400919914246
5,11,-0.5965481996536255,0.7409178018569946
5,12,-0.5965481400489807,0.7648183703422546
5,13,-0.8506795167922974,-1.0038241147994995
5,14,-0.8506796360015869,-0.7887189388275146
5,15,-0.8506795167922974,-0.6453154683113098
5,16,0.7778951525688171,0.10999999940395355
5,17,-0.7969555854797363,1.8799999952316284
5,18,-0.4974546432495117,1.0499999523162842
5,19,0.6805504560470581,4.039999961853027
5,20,-0.7863776683807373,-0.1899999976158142
5,21,-0.5109993815422058,0.25
5,22,-0.721895694732666,0.07000000029802322
5,23,-0.24848704040050507,-0.0
5,24,-0.248487189412117,-0.23900572955608368
5,25,-0.24848712980747223,-0.47801145911216736
6,0,1.8009973764419556,2.5999999046325684
6,1,0.8834235668182373,1.7999999523162842
6,2,0.7979978919029236,1.7999999523162842
6,3,0.8631570339202881,1.100000023841858
6,4,0.9496538043022156,1.100000023841858
6,5,0.8154920935630798,1.100000023841858
6,6,1.2704286575317383,1.100000023841858
6,7,-1.4613949060440063,0.20000000298023224
6,8,0.5572446584701538,1.2000000476837158
6,9,-1.6214776039123535,0.10000000149011612
6,10,0.39324820041656494,1.2999999523162842
6,11,-2.158460855484009,-0.699999988079071
6,12,-0.39900970458984375,0.30000001192092896
6,13,0.20315873622894287,-0.10000000149011612
6,14,1.960909366607666,1.100000023841858
6,15,3.4301464557647705,3.700000047683716
6,16,1.5739649534225464,1.2999999523162842
6,17,3.605175256729126,2.799999952316284
6,18,1.2304611206054688,-0.5
6,19,-0.8302704095840454,-0.5
6,20,0.6409884095191956,0.5
6,21,-1.3981661796569824,1.399999976158142
6,22,0.21591536700725555,2.299999952316284
6,23,3.7483978271484375,3.5999999046325684
6,24,1.2818481922149658,1.600000023841858
6,25,2.578845739364624,2.799999952316284
6,26,0.8175526857376099,0.6000000238418579
6,27,3.0521745681762695,2.0
6,28,0.7401678562164307,0.6000000238418579
6,29,0.7051639556884766,0.0
6,30,-1.426300287246704,-0.4000000059604645
6,31,0.5315810441970825,0.5
6,32,0.7050336599349976,0.10000000149011612
6,33,2.2287817001342773,1.399999976158142
6,34,-0.1283966302871704,0.10000000149011612
6,35,1.486639142036438,1.399999976158142
6,36,0.06825963407754898,0.4000000059604645
6,37,2.047226905822754,1.2999999523162842
6,38,2.798943519592285,0.20000000298023224
6,39,3.420224905014038,2.799999952316284
6,40,3.0772151947021484,3.799999952316284
6,41,2.6328516006469727,2.4000000953674316
6,42,3.6222898960113525,2.799999952316284
6,43,3.9428021907806396,3.799999952316284
6,44,2.267130136489868,2.200000047683716
6,45,-0.8354873657226562,-0.20000000298023224
6,46,0.7821688055992126,0.4000000059604645
6,47,0.1361830234527588,-0.4000000059604645
6,48,-0.27744579315185547,-0.4000000059604645
6,49,0.6364952325820923,0.699999988079071
6,50,-0.21659012138843536,-0.5
6,51,-0.24354547262191772,1.2999999523162842
6,52,-0.3438135087490082,1.399999976158142
6,53,0.36636248230934143,0.699999988079071
6,54,2.0732529163360596,1.7999999523162842
6,55,-0.3458927571773529,-0.0
6,56,1.541104793548584,1.2999999523162842
6,57,-0.24952831864356995,0.0
6,58,1.2942781448364258,1.2999999523162842
6,59,-0.23475971817970276,0.0
6,60,-0.28996267914772034,0.30000001192092896
6,61,1.2798986434936523,1.899999976158142
6,62,-1.2114149332046509,-0.30000001192092896
6,63,-0.27933260798454285,0.6000000238418579
6,64,-1.2186927795410156,-0.5
6,65,0.3568969666957855,0.5
6,66,-0.9128010272979736,-0.30000001192092896
6,67,0.5082236528396606,0.10000000149011612
6,68,2.4172770977020264,0.20000000298023224
6,69,1.728406310081482,0.4000000059604645
6,70,2.020617961883545,2.299999952316284
6,71,1.7930095195770264,1.309999942779541
6,72,1.5160517692565918,2.0999999046325684
7,0,2.8567306995391846,1.909999966621399
7,1,-0.3759567141532898,2.1500000953674316
7,2,0.516269862651825,0.9599999785423279
7,3,1.9523218870162964,2.130000114440918
7,4,-0.5223407745361328,0.8999999761581421
7,5,-0.5223408341407776,2.1531100273132324
7,6,-0.456423282623291,1.2000000476837158
8,0,0.1854906976222992,1.600000023841858
8,1,0.80445796251297,5.0
9,0,-0.8917753100395203,1.1200000047683716
9,1,-0.658318042755127,0.8999999761581421
9,2,0.021284639835357666,0.019999999552965164
9,3,1.6346983909606934,1.690000057220459
9,4,0.2817450761795044,1.440000057220459
9,5,-0.24959367513656616,2.25
9,6,-0.4005187749862671,1.0499999523162842
9,7,-1.7641488313674927,1.2100000381469727
9,8,0.25626814365386963,0.9900000095367432
9,9,1.3057048320770264,1.6799999475479126
9,10,-0.6450927257537842,-1.059999942779541
9,11,1.6353034973144531,1.7899999618530273
9,12,-0.253900408744812,0.44999998807907104
9,13,1.196959376335144,2.440000057220459
9,14,0.7635465264320374,5.599999904632568
9,15,0.6551387906074524,7.349999904632568
9,16,0.31081029772758484,5.849999904632568
9,17,-0.4743356704711914,3.4000000953674316
9,18,2.007066249847412,7.349999904632568
9,19,0.7490987181663513,5.0
9,20,-0.33119913935661316,4.849999904632568
9,21,-0.687394380569458,5.050000190734863
9,22,-0.8548794984817505,-0.4000000059604645
9,23,-0.29985085129737854,3.450000047683716
9,24,0.9177079200744629,5.150000095367432
9,25,0.01774495281279087,6.300000190734863
9,26,-0.7991471886634827,3.5999999046325684
9,27,-0.5526676177978516,1.2999999523162842
10,0,0.4075624942779541,1.399999976158142
10,1,2.150442123413086,0.800000011920929
10,2,-0.8305541276931763,2.4000000953674316
10,3,1.7211782932281494,0.10000000149011612
11,0,0.9661906957626343,0.4399999976158142
11,1,1.109133005142212,0.25
11,2,1.3038394451141357,0.20000000298023224
11,3,0.04901242256164551,0.25
12,0,2.683931350708008,1.649999976158142
12,1,1.2630383968353271,3.4700000286102295
12,2,-0.12048828601837158,1.5099999904632568
12,3,2.6791059970855713,1.2899999618530273
12,4,2.6246426105499268,4.329999923706055
12,5,1.3686221837997437,1.7300000190734863
12,6,0.6709480285644531,1.409999966621399
12,7,0.5013525485992432,1.5700000524520874
12,8,3.0194993019104004,5.349999904632568
12,9,1.1760283708572388,1.6699999570846558
12,10,2.7243056297302246,3.9700000286102295
12,11,1.3933436870574951,0.44999998807907104
12,12,1.3497741222381592,1.600000023841858
12,13,1.574470043182373,1.840000033378601
12,14,0.6456999778747559,1.409999966621399
12,15,3.439908981323242,2.630000114440918
12,16,1.0979979038238525,1.840000033378601
12,17,3.2567296028137207,0.2800000011920929
12,18,1.93845534324646,2.5399999618530273
12,19,3.6915056705474854,1.6299999952316284
12,20,3.3150744438171387,1.8700000047683716
12,21,2.96048903465271,1.8799999952316284
12,22,2.0872960090637207,0.019999999552965164
12,23,3.836343288421631,1.5
12,24,0.47235846519470215,-1.0399999618530273
12,25,2.914165735244751,2.240000009536743
12,26,2.0770561695098877,-0.10000000149011612
13,0,1.2294474840164185,1.350000023841858
13,1,-0.670577883720398,0.5699999928474426
13,2,1.5690466165542603,0.4300000071525574
13,3,1.8273897171020508,0.8399999737739563
13,4,2.1986522674560547,1.1399999856948853
13,5,1.693634033203125,1.2300000190734863
13,6,0.6628552675247192,0.6000000238418579
13,7,1.0102766752243042,0.7300000190734863
13,8,1.3633639812469482,0.5699999928474426
13,9,1.1163737773895264,0.8999999761581421
13,10,1.8825433254241943,-0.23000000417232513
13,11,-0.1579255759716034,-2.549999952316284
13,12,1.856252908706665,0.6499999761581421
13,13,-0.6974508166313171,-0.2199999988079071
13,14,-1.1501808166503906,-0.27000001072883606
13,15,0.32065367698669434,0.6399999856948853
13,16,3.4029598236083984,1.0399999618530273
13,17,1.1610705852508545,0.23999999463558197
13,18,-0.9674394130706787,0.800000011920929
13,19,-0.5266854763031006,0.5
13,20,-0.4010472595691681,-0.4000000059604645
13,21,-0.03341987729072571,0.5
13,22,0.27361321449279785,0.30000001192092896
13,23,0.6294805407524109,1.1349999904632568
13,24,1.5748249292373657,2.700000047683716
13,25,2.295048952102661,2.700000047683716
13,26,1.9579323530197144,1.8262499570846558
13,27,-0.6408970355987549,-0.30000001192092896
13,28,1.5159492492675781,2.0
13,29,-1.429453730583191,-0.20000000298023224
13,30,1.0251859426498413,1.3700000047683716
13,31,2.3485496044158936,1.899999976158142
13,32,-0.6118029356002808,0.6000000238418579
13,33,-1.0095338821411133,-0.10000000149011612
13,34,-0.7282928228378296,-0.0
13,35,-0.15314997732639313,1.7999999523162842
13,36,-1.8424493074417114,-0.4000000059604645
13,37,2.182624101638794,2.009999990463257
13,38,0.8960275650024414,1.316249966621399
13,39,0.8960379362106323,3.4000000953674316
13,40,0.29735928773880005,0.10000000149011612
13,41,1.8375236988067627,3.216249942779541
13,42,0.5033248662948608,-0.20000000298023224
13,43,0.615376889705658,0.6000000238418579
13,44,-1.9213600158691406,-0.5
13,45,0.7358208894729614,0.4699999988079071
13,46,0.1921248435974121,-0.0
13,47,1.6595784425735474,1.899999976158142
13,48,0.10187745094299316,-2.9000000953674316
13,49,-0.15792548656463623,-2.4000000953674316
13,50,-0.15792536735534668,-2.490000009536743
13,51,0.24020874500274658,-0.10000000149011612
13,52,-1.0504062175750732,0.10000000149011612
13,53,-1.2312350273132324,0.6000000238418579
13,54,-0.6064602732658386,-0.20000000298023224
13,55,1.751890778541565,1.100000023841858
13,56,0.6273534893989563,3.4000000953674316
13,57,1.8607701063156128,4.599999904632568
13,58,0.2660504877567291,1.899999976158142
13,59,1.5064033269882202,3.7799999713897705
13,60,-0.637682318687439,-0.20000000298023224
13,61,-0.6898605823516846,0.3100000023841858
13,62,-0.05926629900932312,-0.10000000149011612
13,63,0.9644918441772461,0.6449999809265137
13,64,1.9535701274871826,3.0199999809265137
13,65,-1.0736688375473022,0.18000000715255737
13,66,2.6314334869384766,1.934999942779541
13,67,2.6251392364501953,3.7100000381469727
13,68,3.327552080154419,4.0
13,69,0.23013392090797424,3.319999933242798
14,0,-0.3019413650035858,-0.30000001192092896
14,1,0.5846015214920044,2.3884599208831787
14,2,1.0507036447525024,1.6799999475479126
15,0,1.1786099672317505,-0.9599999785423279
15,1,-0.544337809085846,-0.44999998807907104
15,2,1.9568290710449219,0.8038277626037598
15,3,-0.23912477493286133,1.2129186391830444
15,4,1.5768004655838013,2.377990484237671
15,5,-0.051357388496398926,0.3253588378429413
15,6,1.3207546472549438,1.6699999570846558
15,7,0.518657386302948,1.159999966621399
15,8,1.258415699005127,1.190000057220459
15,9,0.8788873553276062,1.309999942779541
15,10,0.2670670747756958,-0.05000000074505806
15,11,0.099150151014328,0.009999999776482582
15,12,0.07096657156944275,0.36000001430511475
15,13,-0.03373619168996811,0.33000001311302185
15,14,-0.1406310796737671,0.002392343943938613
15,15,-0.14063113927841187,0.20999999344348907
16,0,-0.365005224943161,0.3346080183982849
16,1,0.9579756259918213,0.8843212127685547
16,2,0.5644223093986511,-0.6931166052818298
16,3,0.954763650894165,-0.23900572955608368
16,4,2.118067979812622,0.6214148998260498
16,5,1.7443445920944214,1.6491395235061646
16,6,1.1301145553588867,-0.2868068814277649
16,7,1.297226071357727,1.7925430536270142
16,8,0.7379840612411499,0.21510516107082367
16,9,0.0490170493721962,-0.5258126258850098
16,10,1.0353950262069702,-0.3346080183982849
17,0,-0.09566807746887207,-0.699999988079071
18,0,-0.5520929098129272,0.47801145911216736
18,1,-0.5520927906036377,1.6730401515960693
18,2,-0.25216031074523926,0.7170172333717346
18,3,-0.2521604299545288,1.4340344667434692
19,0,-0.5199332237243652,0.49000000953674316
19,1,-0.51993328332901,0.17000000178813934
19,2,-1.2942966222763062,-0.3799999952316284
19,3,-1.2942962646484375,-0.23000000417232513
19,4,-0.8456029891967773,0.36000001430511475
19,5,-0.8456028699874878,0.3400000035762787
19,6,-0.51993328332901,0.550000011920929
19,7,-1.294296383857727,-0.7699999809265137
19,8,-0.8456028699874878,0.3499999940395355
20,0,1.855571985244751,1.309999942779541
20,1,1.848152756690979,3.1700000762939453
20,2,3.6710567474365234,2.7100000381469727
21,0,-2.7663733959198,-0.14000000059604645
21,1,0.44621923565864563,1.5099999904632568
22,0,0.6182384490966797,3.450000047683716
23,0,3.2564682960510254,2.4200000762939453
23,1,3.3994812965393066,7.409999847412109
23,2,4.79240083694458,6.28000020980835
23,3,5.5475382804870605,4.150000095367432
24,0,-0.038181185722351074,0.4399999976158142
25,0,-0.6676183938980103,1.4199999570846558
25,1,0.1932912915945053,0.5600000023841858
25,2,0.08536489307880402,0.23999999463558197
25,3,0.2862991392612457,0.5600000023841858
25,4,0.8343810439109802,0.8199999928474426
25,5,-0.03228744864463806,0.75
25,6,-0.05173762887716293,0.7400000095367432
25,7,-0.42163214087486267,0.15000000596046448
25,8,-0.2841513752937317,0.10999999940395355
25,9,-0.41963547468185425,0.1899999976158142
25,10,-0.14129595458507538,0.5099999904632568
25,11,2.7794113159179688,4.099999904632568
25,12,-0.3240833282470703,0.4300000071525574
25,13,-0.6179460287094116,0.15000000596046448
25,14,-0.08014639467000961,0.2800000011920929
25,15,-0.16836944222450256,0.6399999856948853
25,16,0.2042647749185562,0.6200000047683716
25,17,0.3973844349384308,1.0700000524520874
25,18,0.32460591197013855,0.75
25,19,-1.331053614616394,0.09000000357627869
25,20,0.3985216021537781,0.7799999713897705
25,21,0.3985214829444885,0.7599999904632568
25,22,-0.5754132866859436,0.7699999809265137
25,23,-0.3649987280368805,0.27000001072883606
25,24,0.46255820989608765,0.10999999940395355
25,25,0.15806370973587036,3.0399999618530273
25,26,0.005350589752197266,2.4200000762939453
25,27,-0.28004133701324463,4.900000095367432
25,28,-2.2328577041625977,0.6899999976158142
25,29,-2.2328574657440186,0.800000011920929
25,30,-0.5143100023269653,1.2300000190734863
25,31,-1.246950387954712,0.8399999737739563
25,32,0.6161296367645264,4.03000020980835
25,33,-0.1774277687072754,1.2799999713897705
25,34,1.3854037523269653,1.909999966621399
25,35,-0.07395350933074951,0.10999999940395355
25,36,0.564742922782898,1.2200000286102295
25,37,0.5552801489830017,2.4000000953674316
25,38,0.8735846877098083,2.0999999046325684
25,39,2.7841200828552246,5.400000095367432
25,40,1.2137105464935303,2.700000047683716
25,41,0.586435854434967,2.200000047683716
25,42,-0.6227197647094727,4.349999904632568
25,43,2.2601869106292725,2.9100000858306885
25,44,1.6236231327056885,3.299999952316284
25,45,1.6922478675842285,2.619999885559082
25,46,2.314516544342041,2.9100000858306885
25,47,1.5184627771377563,2.7200000286102295
25,48,2.5733470916748047,2.609999895095825
25,49,2.364301919937134,3.049999952316284
25,50,2.97520112991333,3.2799999713897705
25,51,2.157694101333618,5.300000190734863
25,52,2.6843600273132324,8.399999618530273
25,53,1.8354302644729614,3.4000000953674316
25,54,2.431384801864624,7.800000190734863
25,55,-0.8781187534332275,-0.7400000095367432
25,56,0.7259913086891174,0.23999999463558197
25,57,0.7959018349647522,1.9900000095367432
25,58,0.5985409021377563,2.380000114440918
25,59,-1.5244598388671875,0.6499999761581421
25,60,0.85868901014328,1.0499999523162842
25,61,0.08356732130050659,1.7400000095367432
25,62,0.8997536301612854,1.5199999809265137
25,63,1.0417083501815796,1.090000033378601
25,64,1.001441240310669,2.190000057220459
25,65,2.3931002616882324,1.7400000095367432
25,66,0.9969963431358337,0.800000011920929
25,67,2.148667573928833,3.5899999141693115
25,68,0.4668769836425781,1.0499999523162842
25,69,0.4914080500602722,1.1100000143051147
25,70,0.1522194892168045,0.6899999976158142
25,71,2.0771660804748535,4.710000038146973
25,72,0.3868544101715088,1.8600000143051147
25,73,0.3868544101715088,1.659999966621399
25,74,1.4045751094818115,1.2899999618530273
25,75,1.9776759147644043,3.0999999046325684
25,76,0.7587248086929321,0.9399999976158142
25,77,0.2550380825996399,0.3700000047683716
25,78,2.2204527854919434,1.7100000381469727
25,79,1.8897907733917236,2.640000104904175
25,80,0.49398672580718994,0.8700000047683716
25,81,3.214463472366333,4.010000228881836
25,82,3.214462995529175,3.9000000953674316
25,83,4.320346832275391,7.400000095367432
25,84,0.5333755016326904,0.1599999964237213
25,85,0.7444350719451904,1.4700000286102295
25,86,0.7444350719451904,1.409999966621399
25,87,0.7444353103637695,1.100000023841858
25,88,2.049703598022461,3.309999942779541
25,89,2.049704074859619,3.200000047683716
25,90,3.2735705375671387,5.699999809265137
25,91,0.8358291387557983,1.1749999523162842
25,92,0.8358287811279297,0.9700000286102295
25,93,0.8358286619186401,0.8999999761581421
25,94,-0.23732900619506836,-0.8399999737739563
25,95,-0.44172248244285583,-0.5400000214576721
25,96,-0.12934038043022156,-0.4399999976158142
25,97,1.0723880529403687,0.30000001192092896
25,98,-0.21163606643676758,0.3499999940395355
25,99,-2.09165358543396,-0.5899999737739563
25,100,1.900198221206665,4.510000228881836
25,101,1.900197982788086,4.199999809265137
25,102,0.3881014883518219,1.340000033378601
25,103,3.9605493545532227,7.0
25,104,3.4269046783447266,2.819999933242798
25,105,1.649759292602539,0.30000001192092896
25,106,2.4956207275390625,4.699999809265137
25,107,0.055070627480745316,2.2699999809265137
25,108,0.4570816159248352,4.0
25,109,-0.4655458331108093,2.5399999618530273
25,110,1.7025644779205322,2.2699999809265137
25,111,0.21281373500823975,-0.4000000059604645
25,112,-1.6067593097686768,1.8300000429153442
25,113,0.6415258049964905,1.6299999952316284
25,114,-0.821479856967926,1.940000057220459
25,115,0.12120676785707474,0.12999999523162842
25,116,-0.2523634731769562,0.20000000298023224
25,117,1.2228275537490845,1.600000023841858
25,118,-1.4268577098846436,-1.190000057220459
25,119,-0.2819102108478546,0.029999999329447746
25,120,1.381702184677124,1.0399999618530273
25,121,0.3715313971042633,0.0
25,122,-0.03636106848716736,0.10000000149011612
25,123,-1.1006261110305786,-0.6399999856948853
25,124,0.08444026112556458,3.200000047683716
25,125,-0.6769981384277344,2.859999895095825
25,126,-0.6769981384277344,2.0399999618530273
25,127,-0.15073035657405853,2.8299999237060547
25,128,2.8207385540008545,2.5
25,129,0.0833592563867569,4.429999828338623
25,130,0.2762344181537628,1.5800000429153442
25,131,0.2762344479560852,1.4700000286102295
25,132,-0.5283043384552002,-0.5
25,133,-0.41757485270500183,-0.5
25,134,0.24141356348991394,0.4699999988079071
25,135,0.022966399788856506,-0.15000000596046448
25,136,-0.9184612035751343,-0.07999999821186066
25,137,-0.3941996097564697,1.2699999809265137
25,138,-0.39420008659362793,1.840000033378601
25,139,-0.0384010374546051,2.8299999237060547
25,140,-0.03840097784996033,2.890000104904175
25,141,1.661737322807312,2.799999952316284
25,142,1.65730881690979,2.2100000381469727
25,143,-0.4856222867965698,0.3799999952316284
25,144,0.9925477504730225,1.4800000190734863
25,145,-1.6825742721557617,-0.20000000298023224
25,146,-1.6825745105743408,-0.23999999463558197
25,147,0.23878592252731323,1.659999966621399
25,148,1.0075902938842773,1.9500000476837158
25,149,0.4907909035682678,0.03999999910593033
25,150,1.3683416843414307,0.05000000074505806
25,151,1.2423605918884277,2.0799999237060547
25,152,1.2423607110977173,1.4800000190734863
25,153,0.40951216220855713,1.2899999618530273
25,154,1.2044761180877686,1.7200000286102295
25,155,-0.0368649959564209,0.5600000023841858
25,156,1.3848503828048706,2.309999942779541
25,157,-0.2692669630050659,2.2100000381469727
25,158,-0.6226918697357178,-0.10999999940395355
25,159,-0.4953047037124634,0.27000001072883606
25,160,0.2858445644378662,1.090000033378601
25,161,-0.21778303384780884,2.059999942779541
25,162,-0.200734943151474,1.2699999809265137
25,163,1.8499279022216797,3.0799999237060547
25,164,-0.026684559881687164,1.8700000047683716
25,165,-0.06302119791507721,0.2199999988079071
25,166,-0.4858829975128174,-0.23999999463558197
25,167,1.9765599966049194,2.869999885559082
25,168,1.6507114171981812,3.4600000381469727
25,169,1.8502966165542603,2.369999885559082
25,170,0.3374108076095581,1.399999976158142
25,171,-0.005428895354270935,1.1100000143051147
25,172,0.2159644365310669,1.6100000143051147
25,173,0.4024185538291931,2.3399999141693115
25,174,0.3021348714828491,1.0399999618530273
25,175,1.1904557943344116,1.1200000047683716
25,176,0.1579500436782837,1.2400000095367432
25,177,0.031140029430389404,0.05999999865889549
25,178,1.1818389892578125,3.490000009536743
25,179,0.22492074966430664,0.5199999809265137
25,180,2.0521116256713867,6.400000095367432
25,181,0.667874276638031,2.119999885559082
25,182,0.16968947649002075,0.4399999976158142
25,183,0.2975517213344574,4.019999980926514
25,184,-0.3890431821346283,2.2799999713897705
25,185,0.3278326988220215,-0.05000000074505806
25,186,0.3187953233718872,1.350000023841858
25,187,3.4289588928222656,6.599999904632568
25,188,0.3985214829444885,0.7881249785423279
25,189,0.005350783467292786,2.566666603088379
25,190,0.005350664258003235,2.319999933242798
25,191,-2.2328577041625977,0.8702083230018616
25,192,1.6922476291656494,2.5999999046325684
25,193,1.6922481060028076,3.1500000953674316
25,194,-1.5244603157043457,0.9800000190734863
25,195,-1.5244598388671875,-0.5099999904632568
25,196,0.3868544101715088,1.6891666650772095
25,197,3.214463472366333,3.7445833683013916
25,198,0.7444350719451904,1.3965555429458618
25,199,2.0497043132781982,3.0359091758728027
25,200,0.8358287811279297,0.9413999915122986
25,201,1.9001981019973755,4.49833345413208
25,202,1.7025644779205322,1.7999999523162842
25,203,-0.6769980192184448,2.119999885559082
25,204,0.27623435854911804,2.049999952316284
25,205,-0.3941996097564697,2.1083333492279053
25,206,-0.3941996097564697,1.7999999523162842
25,207,-0.03840094804763794,2.8785715103149414
25,208,1.2423608303070068,1.3696666955947876
25,209,-0.2177828848361969,2.6500000953674316
25,210,-0.21778297424316406,1.559999942779541
25,211,0.30213475227355957,1.059999942779541
25,212,0.30213463306427,0.6000000238418579
25,213,1.1904559135437012,1.590000033378601
25,214,1.1904559135437012,0.6399999856948853
25,215,1.190455675125122,0.6600000262260437
25,216,0.1579500436782837,1.2699999809265137
25,217,0.1579500436782837,0.9900000095367432
26,0,-1.1641936302185059,-0.6000000238418579
27,0,-1.0028722286224365,-0.10000000149011612
27,1,0.4181006848812103,0.10000000149011612
27,2,0.589544415473938,0.699999988079071
27,3,1.0086514949798584,1.0399999618530273
27,4,0.6422278881072998,1.090000033378601
27,5,-0.2763122618198395,0.7900000214576721
27,6,1.655897855758667,1.1699999570846558
27,7,-1.544790267944336,-0.550000011920929
27,8,-1.2973883152008057,0.05000000074505806
27,9,-0.3187480568885803,-0.3799999952316284
27,10,-0.43370312452316284,-0.75
27,11,0.6524727940559387,0.3700000047683716
27,12,0.41912412643432617,1.0
27,13,1.692356824874878,1.100000023841858
27,14,1.9221105575561523,1.100000023841858
27,15,0.31757092475891113,0.6000000238418579
28,0,-0.8259561061859131,-0.07999999821186066
28,1,0.017585933208465576,-0.6800000071525574
28,2,-2.0772762298583984,-0.38999998569488525
28,3,-1.6373779773712158,-1.090000033378601
28,4,1.178674578666687,-0.5799999833106995
29,0,2.8929340839385986,2.200000047683716
29,1,-0.597885012626648,1.2999999523162842
29,2,1.46919584274292,1.2999999523162842
29,3,-1.0143065452575684,-0.20000000298023224
29,4,2.422361373901367,2.0
29,5,2.7620677947998047,2.0333333015441895
29,6,0.04539966583251953,1.5633333921432495
30,0,-1.3417115211486816,-0.30000001192092896
30,1,-0.601822018623352,0.30000001192092896
30,2,0.2620368003845215,1.2000000476837158
31,0,-0.5743410587310791,0.3199999928474426
31,1,-0.330427348613739,0.28999999165534973
31,2,0.45424574613571167,0.3100000023841858
31,3,-0.15849566459655762,0.44999998807907104
31,4,1.4945687055587769,-0.009999999776482582
31,5,2.581637382507324,0.5699999928474426
31,6,1.323148488998413,0.5799999833106995
31,7,0.19125381112098694,-0.07000000029802322
31,8,-0.1906527280807495,-0.23999999463558197
31,9,-0.5572549104690552,0.12999999523162842
31,10,2.3051908016204834,0.6100000143051147
31,11,1.0866659879684448,-0.019999999552965164
31,12,1.0866661071777344,0.07000000029802322
31,13,0.2759557366371155,0.9700000286102295
31,14,-0.528678297996521,-0.10999999940395355
31,15,-0.5286781787872314,-0.3343839943408966
31,16,-0.43116509914398193,0.029999999329447746
31,17,-2.612882137298584,-0.47999998927116394
31,18,-2.612881898880005,-0.5493460297584534
31,19,-0.40945470333099365,0.029999999329447746
31,20,1.5379772186279297,1.8799999952316284
31,21,1.4188685417175293,1.4600000381469727
31,22,1.4188686609268188,2.7467288970947266
31,23,0.22024250030517578,0.1899999976158142
31,24,0.4812726378440857,0.10999999940395355
31,25,0.4812725782394409,0.9321224093437195
31,26,-0.32581624388694763,-0.6899999976158142
31,27,0.2061607837677002,-0.17000000178813934
31,28,-0.211941197514534,-0.10000000149011612
31,29,0.429232120513916,0.30000001192092896
31,30,0.20844292640686035,0.05000000074505806
31,31,1.4945687055587769,-0.09776920080184937
31,32,1.4945688247680664,0.21513600647449493
31,33,-0.5572550892829895,-0.0
31,34,-0.5572550892829895,0.28684815764427185
31,35,0.2759557366371155,0.8379805088043213
31,36,0.27595558762550354,1.243009090423584
31,37,-0.528678297996521,-0.0
31,38,-2.612881898880005,-0.4080190062522888
31,39,-0.4094547629356384,-0.021942300722002983
31,40,-0.4094546437263489,0.09561608731746674
31,41,1.4188685417175293,0.8379805088043213
31,42,0.48127278685569763,-0.33219200372695923
31,43,0.2061605453491211,-0.09776920080184937
31,44,0.2061605453491211,-0.21513600647449493
31,45,-0.21194124221801758,-0.04888460040092468
31,46,-0.2119412124156952,-0.16732805967330933
31,47,0.4292323589324951,0.31025001406669617
31,48,0.42923223972320557,0.26294445991516113
31,49,0.20844316482543945,0.09776920080184937
31,50,0.20844316482543945,0.04780804365873337
32,0,0.41592568159103394,-2.3499999046325684
32,1,1.6217750310897827,1.100000023841858
32,2,0.5808423757553101,1.7999999523162842
32,3,1.9783047437667847,-2.0999999046325684
32,4,2.334794282913208,4.900000095367432
32,5,-1.2448265552520752,3.799999952316284
32,6,1.863445520401001,3.6666667461395264
32,7,-2.4417943954467773,6.099999904632568
32,8,2.0185978412628174,3.1666667461395264
33,0,1.2838345766067505,1.7100000381469727
33,1,0.5913876891136169,1.1699999570846558
33,2,0.8872338533401489,0.4300000071525574
33,3,1.7988814115524292,2.200000047683716
33,4,0.36153292655944824,-0.3700000047683716
33,5,1.906545639038086,0.14000000059604645
33,6,0.5226641893386841,0.75
33,7,2.4123058319091797,4.880000114440918
33,8,2.8617796897888184,3.009999990463257
34,0,1.7092047929763794,1.0
34,1,1.7092045545578003,0.949999988079071
34,2,2.604434013366699,6.800000190734863
34,3,1.9685159921646118,1.2999999523162842
34,4,1.9685163497924805,0.75
34,5,0.705418050289154,0.800000011920929
34,6,0.7054181694984436,0.5
34,7,2.9215943813323975,5.400000095367432
34,8,2.9954469203948975,6.199999809265137
34,9,1.237114429473877,-0.05999999865889549
34,10,0.8490698933601379,0.30000001192092896
34,11,0.8490697741508484,0.3100000023841858
34,12,-0.15977182984352112,0.3100000023841858
34,13,-1.1883516311645508,-0.4300000071525574
34,14,0.3363875150680542,-0.03999999910593033
34,15,-0.39339298009872437,-0.3499999940395355
34,16,1.3794026374816895,7.099999904632568
34,17,2.72151780128479,7.199999809265137
34,18,2.1755313873291016,0.5
34,19,2.1755313873291016,0.47999998927116394
34,20,2.8700881004333496,-2.5
34,21,-2.5378823280334473,-2.700000047683716
34,22,3.326138734817505,6.599999904632568
34,23,1.7464545965194702,7.5
34,24,2.394935131072998,-3.299999952316284
34,25,2.1978886127471924,7.5
34,26,3.5383458137512207,-0.800000011920929
34,27,3.860301971435547,-2.640000104904175
34,28,-0.185929536819458,7.5
34,29,-0.5502573251724243,9.0
34,30,0.9627095460891724,7.699999809265137
34,31,0.5607681274414062,7.0
34,32,0.5167558193206787,7.0
34,33,0.67863929271698,8.5
34,34,2.9849414825439453,0.6000000238418579
34,35,1.7796671390533447,7.0
34,36,2.092698574066162,7.5
34,37,2.4244465827941895,7.5
34,38,2.486943244934082,2.799999952316284
34,39,2.4689083099365234,5.300000190734863
34,40,2.2700397968292236,8.300000190734863
34,41,1.9079413414001465,7.0
34,42,0.5184125304222107,7.800000190734863
34,43,2.558095932006836,3.700000047683716
34,44,2.4944026470184326,5.0
34,45,3.8603014945983887,-2.9000000953674316
35,0,-0.7375438809394836,0.6499999761581421
35,1,-1.3013975620269775,-0.3179999887943268
35,2,2.9618754386901855,1.5700000524520874
35,3,0.4370887279510498,0.8159999847412109
35,4,-0.3337942659854889,-0.6000000238418579
35,5,-0.6254705786705017,-1.7000000476837158
35,6,1.156618356704712,1.100000023841858
35,7,-0.8556457161903381,0.10000000149011612
35,8,-3.3959226608276367,-1.2999999523162842
36,0,1.531143069267273,3.9100000858306885
36,1,1.5311431884765625,4.269999980926514
36,2,1.5311434268951416,1.8899999856948853
36,3,1.2377793788909912,2.9700000286102295
36,4,1.2377796173095703,2.509999990463257
36,5,1.2377792596817017,1.309999942779541
36,6,1.0906158685684204,3.559999942779541
36,7,1.0906156301498413,4.429999828338623
36,8,1.0906158685684204,1.7599999904632568
37,0,-0.42793649435043335,2.299999952316284
37,1,2.8919014930725098,2.0999999046325684
37,2,2.6114296913146973,4.0
37,3,2.0370101928710938,0.4000000059604645
37,4,0.28190121054649353,10.300000190734863
37,5,2.2936348915100098,17.399999618530273
37,6,1.2939610481262207,1.600000023841858
38,0,0.4187212586402893,0.1599999964237213
38,1,2.1032156944274902,1.0399999618530273
38,2,1.2325525283813477,1.2000000476837158
38,3,3.0247509479522705,1.5800000429153442
38,4,1.7089273929595947,1.0099999904632568
39,0,-0.10381221771240234,0.5899999737739563
39,1,-1.5352355241775513,-1.409999966621399
39,2,-2.235137939453125,0.46251994371414185
39,3,-1.0099153518676758,0.6658692359924316
39,4,2.630211353302002,1.3118022680282593
39,5,1.654083251953125,0.7900000214576721
39,6,-0.5920972228050232,0.4784688949584961
39,7,0.6582084894180298,0.6140350699424744
39,8,-0.28993910551071167,0.2511961758136749
39,9,-0.27073797583580017,0.14752791821956635
39,10,-0.17594431340694427,0.3269537389278412
39,11,-1.9096808433532715,-2.75
39,12,-1.2447971105575562,-1.590000033378601
39,13,-1.0751999616622925,-1.1399999856948853
39,14,-2.3387656211853027,-1.7699999809265137
39,15,-2.3387656211853027,-2.332535982131958
39,16,-2.3387656211853027,-2.6555023193359375
39,17,-0.007158711552619934,-0.05183413252234459
39,18,-0.24851949512958527,0.15550239384174347
39,19,0.08526751399040222,-0.22727273404598236
39,20,-0.39157888293266296,-0.05183413252234459
39,21,0.1599818468093872,-0.28999999165534973
39,22,1.613924264907837,0.2830941081047058
39,23,0.7450855374336243,1.159999966621399
39,24,-0.8518498539924622,0.19138756394386292
39,25,-0.44304710626602173,-0.2033492773771286
39,26,-1.821943759918213,-2.180000066757202
39,27,-1.9177182912826538,-1.600000023841858
39,28,-1.9177182912826538,-1.7703349590301514
39,29,4.301992416381836,2.069999933242798
39,30,4.301992416381836,0.9599999785423279
39,31,4.301991939544678,1.6699999570846558
39,32,4.48737907409668,1.4700000286102295
39,33,4.48737907409668,0.8100000023841858
39,34,4.48737907409668,1.340000033378601
39,35,5.024615287780762,0.8399999737739563
39,36,5.0246148109436035,0.6323763728141785
39,37,5.0246148109436035,0.6899999976158142
39,38,2.1593804359436035,-0.2199999988079071
39,39,2.1593804359436035,-0.3100000023841858
39,40,1.236471176147461,0.3668261468410492
39,41,0.1646425724029541,0.16746412217617035
39,42,0.8255753517150879,0.23524720966815948
39,43,0.22641406953334808,0.06778309494256973
39,44,1.8560760021209717,3.4928228855133057
39,45,0.8772945404052734,2.2009568214416504
39,46,0.9050796031951904,1.9138755798339844
39,47,-1.4743505716323853,-1.5299999713897705
39,48,0.3118050992488861,0.5502392053604126
39,49,0.21056866645812988,-1.75
39,50,-0.2845780849456787,-0.3799999952316284
39,51,0.8074408173561096,1.4673045873641968
39,52,0.06902307271957397,-0.46251994371414185
39,53,-0.7337662577629089,0.03987240791320801
39,54,0.21519964933395386,-0.2800000011920929
39,55,1.7618322372436523,-0.03999999910593033
39,56,-0.8255061507225037,-0.6738436818122864
39,57,-1.3609741926193237,-1.5800000429153442
39,58,0.1325417160987854,2.0354864597320557
39,59,1.0522353649139404,1.897926688194275
39,60,-2.338766098022461,-0.882583737373352
39,61,-1.9177180528640747,-1.339856505393982
39,62,4.301991939544678,2.2699999809265137
39,63,4.4873785972595215,1.5299999713897705
39,64,5.0246148109436035,0.7599999904632568
39,65,2.1593804359436035,-0.15000000596046448
40,0,1.1044342517852783,1.75
40,1,0.9022946357727051,1.649999976158142
40,2,0.3894156813621521,1.4500000476837158
40,3,0.9361958503723145,1.9500000476837158
40,4,1.2890357971191406,1.350000023841858
40,5,2.14717960357666,2.25
40,6,0.8211709856987,1.4500000476837158
40,7,2.148677110671997,2.549999952316284
40,8,1.7222980260849,1.850000023841858
40,9,-2.36136531829834,-0.44999998807907104
40,10,0.4999678134918213,2.3499999046325684
40,11,3.856135845184326,1.649999976158142
40,12,0.9847118854522705,2.8499999046325684
40,13,-0.7404804229736328,0.15000000596046448
40,14,1.2610043287277222,1.4500000476837158
40,15,4.30710506439209,4.550000190734863
40,16,4.16704797744751,4.050000190734863
40,17,2.8148064613342285,3.6500000953674316
40,18,2.4735050201416016,2.6500000953674316
40,19,-1.074683427810669,0.15000000596046448
40,20,0.14618372917175293,1.149999976158142
40,21,-0.9272377490997314,-0.15000000596046448
40,22,0.976134181022644,0.949999988079071
40,23,-0.011829525232315063,-0.15000000596046448
40,24,0.7416121959686279,0.8500000238418579
40,25,2.383523941040039,1.5499999523162842
41,0,2.248389959335327,2.819999933242798
41,1,2.248389482498169,3.9887280464172363
41,2,1.468367576599121,1.8700000047683716
41,3,1.468367338180542,1.8700000047683716
41,4,1.468367338180542,1.9824219942092896
41,5,0.4522891044616699,-0.7900000214576721
41,6,0.4522895812988281,0.5493460297584534
41,7,-1.7046654224395752,-0.800000011920929
41,8,1.8475983142852783,2.369999885559082
41,9,1.8475985527038574,2.0540759563446045
41,10,1.6969901323318481,1.909999966621399
41,11,1.0535587072372437,1.3375380039215088
41,12,1.053558588027954,1.4600000381469727
41,13,0.991513729095459,0.9599999785423279
41,14,0.217759370803833,1.5449999570846558
41,15,0.21775931119918823,1.5763839483261108
41,16,1.3013482093811035,1.0509223937988281
41,17,1.3013482093811035,1.0750000476837158
41,18,0.4261086881160736,1.6002682447433472
41,19,0.42610856890678406,1.6150000095367432
41,20,0.5817699432373047,2.365000009536743
41,21,0.5817699432373047,2.340690851211548
41,22,-0.5426610708236694,1.315000057220459
41,23,-0.542661190032959,1.2897684574127197
41,24,0.452289342880249,-1.0299999713897705
41,25,1.053558588027954,1.6490185260772705
42,0,0.7709389925003052,1.100000023841858
42,1,0.572160005569458,3.549999952316284
42,2,0.823279857635498,3.4000000953674316
42,3,1.6913665533065796,2.174999952316284
43,0,0.4297816753387451,0.8100000023841858
43,1,1.3794361352920532,2.5799999237060547
43,2,2.374774217605591,2.490000009536743
43,3,2.0839123725891113,0.5099999904632568
43,4,0.3109602630138397,0.5699999928474426
43,5,0.6070064902305603,-0.6200000047683716
43,6,3.3173606395721436,3.2799999713897705
43,7,2.9490256309509277,2.0399999618530273
43,8,2.8557159900665283,1.9800000190734863
43,9,-0.43188369274139404,0.23000000417232513
43,10,1.0470263957977295,2.799999952316284
43,11,1.7860591411590576,0.5899999737739563
43,12,1.920046329498291,0.6000000238418579
43,13,-0.49685174226760864,0.4300000071525574
43,14,2.4966745376586914,1.3600000143051147
43,15,2.3062374591827393,1.0700000524520874
43,16,2.2072296142578125,0.7300000190734863
43,17,2.994108200073242,2.0399999618530273
43,18,2.6152701377868652,0.6800000071525574
43,19,-0.08870857954025269,-1.399999976158142
43,20,1.15313720703125,0.41999998688697815
44,0,0.9897029399871826,0.9727342128753662
44,1,0.3810001015663147,-0.5233867168426514
44,2,-0.911465585231781,-0.6338145136833191
44,3,2.11118745803833,1.2815009355545044
45,0,2.0616021156311035,3.109999895095825
45,1,-1.3118607997894287,3.3460803031921387
45,2,0.38021162152290344,0.7170172333717346
45,3,1.2740918397903442,5.473231315612793
45,4,4.960062026977539,3.950000047683716
45,5,2.187075614929199,2.180000066757202
45,6,2.30244779586792,2.5
45,7,2.30244779586792,-2.6273059844970703
45,8,3.0900468826293945,1.559999942779541
45,9,2.818871021270752,2.390000104904175
45,10,0.6753599643707275,0.3799999952316284
45,11,3.131173610687256,3.109999895095825
45,12,3.57473087310791,3.440000057220459
45,13,3.4793906211853027,2.390000104904175
45,14,2.879875898361206,2.509999990463257
45,15,1.2021530866622925,0.07000000029802322
45,16,3.7833850383758545,0.7200000286102295
45,17,4.230381965637207,2.3399999141693115
45,18,2.54189395904541,0.36000001430511475
45,19,2.6037018299102783,1.440000057220459
45,20,2.0599164962768555,0.9599999785423279
45,21,2.386263608932495,1.0800000429153442
45,22,2.331638813018799,0.0
45,23,2.417956590652466,3.109999895095825
45,24,1.8169976472854614,-0.9599999785423279
45,25,0.3802116811275482,-1.9061537981033325
45,26,0.38021183013916016,-1.5399999618530273
45,27,4.262908935546875,4.4619221687316895
45,28,4.960062503814697,4.099999904632568
45,29,4.9600629806518555,6.400000095367432
45,30,4.1498260498046875,2.5491020679473877
45,31,3.57473087310791,3.3499999046325684
45,32,3.57473087310791,6.400000095367432
45,33,3.8596723079681396,1.4329739809036255
45,34,4.1546502113342285,1.7510889768600464
45,35,1.8248177766799927,2.8680760860443115
45,36,2.9843697547912598,1.5120506286621094
45,37,2.835637092590332,0.8374996781349182
45,38,4.688490867614746,3.9046146869659424
45,39,3.7707009315490723,3.3875632286071777
46,0,-0.34625279903411865,0.25999999046325684
46,1,0.7691396474838257,0.47999998927116394
46,2,-0.17188644409179688,0.23999999463558197
46,3,0.22990599274635315,0.4300000071525574
47,0,-0.6935116648674011,0.800000011920929
47,1,0.7799645066261292,1.100000023841858
48,0,0.8025494813919067,-5.099999904632568
49,0,0.8485234379768372,1.7100000381469727
49,1,2.2980148792266846,1.3700000047683716
49,2,0.37615251541137695,1.840000033378601
49,3,2.574230194091797,0.9800000190734863
49,4,1.4463534355163574,2.819999933242798
49,5,-1.6188182830810547,0.75
49,6,-0.846268355846405,1.350000023841858
49,7,0.9390015602111816,-0.20000000298023224
49,8,-0.6159517168998718,1.190000057220459
49,9,1.4827113151550293,2.369999885559082
49,10,1.0509483814239502,0.8899999856948853
49,11,1.603509783744812,1.0
49,12,-0.22919657826423645,1.0800000429153442
49,13,2.7898759841918945,3.5999999046325684
49,14,3.3147878646850586,4.730000019073486
49,15,2.1284079551696777,-0.1899999976158142
49,16,-0.1839146614074707,1.940000057220459
49,17,3.2039237022399902,2.5299999713897705
49,18,2.3447132110595703,2.630000114440918
49,19,-1.0796327590942383,1.1200000047683716
49,20,-0.20536556839942932,0.800000011920929
49,21,1.2757606506347656,1.4500000476837158
49,22,-0.16933703422546387,2.680000066757202
49,23,1.3622056245803833,2.0999999046325684
49,24,2.471492290496826,3.0299999713897705
49,25,2.5870931148529053,2.799999952316284
49,26,2.2789931297302246,1.9199999570846558
49,27,2.287261486053467,2.5999999046325684
49,28,2.287261486053467,2.240000009536743
49,29,2.287261486053467,2.5
49,30,1.2882936000823975,-0.03999999910593033
49,31,2.376248598098755,2.5399999618530273
49,32,-0.008094549179077148,1.1299999952316284
49,33,2.505636692047119,0.09000000357627869
49,34,1.9702991247177124,1.2799999713897705
49,35,1.9215704202651978,0.41999998688697815
49,36,2.698981285095215,0.4099999964237213
49,37,0.6893442869186401,-0.07000000029802322
49,38,0.49901992082595825,-0.8299999833106995
49,39,1.2432971000671387,-0.46000000834465027
49,40,1.266028881072998,-1.100000023841858
49,41,0.7101572155952454,-1.4299999475479126
49,42,0.0714692622423172,-0.4099999964237213
49,43,-0.35780540108680725,0.3799999952316284
49,44,2.174234628677368,2.390000104904175
49,45,0.9624842405319214,1.809999942779541
49,46,2.8319034576416016,3.2799999713897705
49,47,0.7168469429016113,2.690000057220459
49,48,1.9530291557312012,3.759999990463257
49,49,2.165123224258423,5.199999809265137
49,50,0.26379430294036865,2.640000104904175
49,51,1.6409083604812622,3.5
49,52,1.4249368906021118,5.300000190734863
49,53,-0.7249642610549927,2.930000066757202
49,54,0.6095346212387085,1.3600000143051147
49,55,1.1842707395553589,2.740000009536743
49,56,2.6546268463134766,2.4700000286102295
49,57,-0.5684400796890259,1.340000033378601
49,58,1.3831145763397217,1.8600000143051147
49,59,1.2061275243759155,1.9800000190734863
49,60,0.48585522174835205,0.9700000286102295
49,61,-0.2799292206764221,0.27000001072883606
49,62,-1.2601737976074219,0.4399999976158142
49,63,2.032522678375244,1.9900000095367432
49,64,1.9371552467346191,2.5299999713897705
49,65,0.9702721238136292,1.5199999809265137
49,66,-0.3607339859008789,2.200000047683716
49,67,1.056204080581665,3.880000114440918
49,68,2.1910581588745117,3.7200000286102295
49,69,-0.8916918635368347,0.7300000190734863
49,70,0.313287615776062,1.100000023841858
49,71,1.0136640071868896,1.6399999856948853
49,72,0.23542730510234833,1.1699999570846558
49,73,-0.3094227910041809,0.7099999785423279
49,74,0.10112947970628738,-0.3199999928474426
49,75,-0.6232460141181946,-0.20000000298023224
49,76,0.4710761308670044,-0.5899999737739563
49,77,-0.41051310300827026,0.05000000074505806
49,78,1.212543249130249,0.5099999904632568
49,79,1.2362723350524902,0.27000001072883606
49,80,0.24752259254455566,0.10000000149011612
49,81,0.014483928680419922,0.6399999856948853
49,82,0.8509665727615356,0.7900000214576721
49,83,2.4897520542144775,1.409999966621399
49,84,1.3523964881896973,-0.009999999776482582
49,85,0.31016117334365845,0.14000000059604645
49,86,0.351989209651947,1.0499999523162842
49,87,1.6378462314605713,1.3300000429153442
49,88,2.0466055870056152,1.0
49,89,0.37087178230285645,0.5699999928474426
49,90,1.6512391567230225,1.4600000381469727
49,91,0.9690412282943726,0.8799999952316284
49,92,2.5490074157714844,2.759999990463257
49,93,3.0925052165985107,2.059999942779541
49,94,1.5876238346099854,0.6399999856948853
49,95,-0.1786876916885376,1.690000057220459
49,96,2.451260566711426,3.430000066757202
49,97,2.331629753112793,2.2200000286102295
49,98,0.5719696879386902,0.6100000143051147
49,99,0.15428602695465088,2.309999942779541
49,100,3.400508403778076,3.799999952316284
49,101,2.2786974906921387,2.799999952316284
49,102,3.998643398284912,6.199999809265137
49,103,3.0416486263275146,2.3399999141693115
49,104,4.020053863525391,4.760000228881836
49,105,2.7180018424987793,4.099999904632568
49,106,3.069056510925293,4.730000019073486
49,107,2.3236660957336426,4.409999847412109
49,108,4.162833213806152,7.5
49,109,-1.9989469051361084,0.11999999731779099
49,110,0.6131574511528015,2.180000066757202
49,111,2.52717661857605,1.409999966621399
49,112,1.2847754955291748,1.2599999904632568
49,113,2.68285870552063,1.4600000381469727
49,114,3.7884926795959473,3.109999895095825
49,115,0.8733386397361755,-0.1599999964237213
49,116,0.6559399962425232,0.75
49,117,1.564834713935852,0.550000011920929
49,118,2.253859043121338,1.0
49,119,0.4527026414871216,0.4399999976158142
49,120,2.8448944091796875,1.4800000190734863
49,121,1.3349854946136475,2.1700000762939453
49,122,1.1271315813064575,2.2799999713897705
49,123,1.793867826461792,1.7999999523162842
49,124,1.7938677072525024,1.2000000476837158
49,125,1.7938677072525024,2.140000104904175
49,126,1.7938677072525024,1.2999999523162842
49,127,2.2716774940490723,2.2300000190734863
49,128,2.4632205963134766,0.3100000023841858
49,129,2.4802653789520264,1.9900000095367432
49,130,3.5793309211730957,3.740000009536743
49,131,-1.5200262069702148,-0.1899999976158142
49,132,-2.7219722270965576,-0.6000000238418579
49,133,-2.7219724655151367,0.23999999463558197
49,134,-2.7219722270965576,-0.5
49,135,-1.05475914478302,0.10000000149011612
49,136,2.6784634590148926,1.7999999523162842
49,137,2.636889696121216,2.549999952316284
49,138,3.9270291328430176,3.740000009536743
49,139,0.4154062867164612,2.9200000762939453
49,140,1.3933473825454712,4.090000152587891
49,141,-1.6957056522369385,-0.5699999928474426
49,142,0.13068628311157227,-0.46000000834465027
49,143,-0.41864699125289917,-0.5099999904632568
49,144,0.8604650497436523,0.5199999809265137
49,145,-1.5999524593353271,0.4099999964237213
49,146,-1.5999526977539062,-1.149999976158142
49,147,-1.5999525785446167,-0.699999988079071
49,148,-1.5999526977539062,-1.309999942779541
49,149,-1.5999526977539062,-1.899999976158142
49,150,-1.5999529361724854,-1.5
49,151,-1.5999526977539062,-1.2999999523162842
49,152,-1.3532036542892456,-0.6899999976158142
49,153,1.3043632507324219,0.44999998807907104
49,154,0.22049474716186523,0.17000000178813934
49,155,0.17828762531280518,0.0
49,156,-1.0710928440093994,0.47999998927116394
49,157,0.7505320310592651,0.8500000238418579
49,158,1.8214397430419922,3.2899999618530273
49,159,2.9177002906799316,4.21999979019165
49,160,-0.6459099054336548,0.09000000357627869
49,161,0.005452156066894531,0.38999998569488525
49,162,1.032067060470581,1.3700000047683716
49,163,2.9383039474487305,2.7300000190734863
49,164,4.082239627838135,3.430000066757202
49,165,0.47887158393859863,0.6200000047683716
49,166,1.3319447040557861,0.15000000596046448
49,167,0.8819288015365601,0.8799999952316284
49,168,3.428985118865967,2.6500000953674316
49,169,4.70009183883667,2.630000114440918
49,170,0.6865979433059692,0.14000000059604645
49,171,1.423132061958313,0.20000000298023224
49,172,1.423132061958313,0.6800000071525574
49,173,0.7964432239532471,0.9599999785423279
49,174,3.487032890319824,5.099999904632568
49,175,4.1740312576293945,6.5
49,176,0.990851640701294,0.23000000417232513
49,177,2.2448666095733643,1.8799999952316284
49,178,0.5510802268981934,1.7899999618530273
49,179,3.6687653064727783,4.119999885559082
49,180,4.7573652267456055,6.599999904632568
49,181,1.2058539390563965,0.6000000238418579
49,182,2.440429210662842,1.75
49,183,0.5076522827148438,0.46000000834465027
49,184,0.8061047196388245,1.1299999952316284
49,185,1.7149765491485596,-0.800000011920929
49,186,2.733180046081543,2.5899999141693115
49,187,0.5084760785102844,-0.30000001192092896
49,188,-0.9711222648620605,-0.6899999976158142
49,189,-0.10256122052669525,-0.20999999344348907
49,190,-0.2333507239818573,-1.0499999523162842
49,191,-1.6460182666778564,-0.23999999463558197
49,192,-1.054549217224121,-0.12999999523162842
49,193,-0.43666356801986694,0.2199999988079071
49,194,0.7092268466949463,0.7900000214576721
49,195,-0.917874813079834,-0.05999999865889549
49,196,0.7214401960372925,1.3200000524520874
49,197,0.9080896973609924,1.2599999904632568
49,198,2.7006711959838867,3.2200000286102295
49,199,0.5730699300765991,0.4399999976158142
49,200,-0.8900486826896667,-0.11999999731779099
49,201,-1.2098110914230347,0.699999988079071
49,202,0.3456478714942932,0.25999999046325684
49,203,1.268207311630249,0.7900000214576721
49,204,-0.44782960414886475,0.75
49,205,0.44029170274734497,0.9700000286102295
49,206,-0.700110137462616,0.019999999552965164
49,207,-1.9202040433883667,0.05999999865889549
49,208,-2.6629951000213623,0.3799999952316284
49,209,-1.0717086791992188,0.7599999904632568
49,210,-0.7881205081939697,0.3400000035762787
49,211,-1.7996833324432373,0.4000000059604645
49,212,1.5213048458099365,1.600000023841858
49,213,-0.5440914034843445,0.699999988079071
49,214,-0.10861817747354507,0.7900000214576721
49,215,-0.011692669242620468,0.8500000238418579
49,216,-1.927647590637207,0.800000011920929
49,217,-0.1916244924068451,0.2800000011920929
49,218,-0.5540558099746704,-0.1899999976158142
49,219,0.7514728903770447,-0.20000000298023224
49,220,-2.103339195251465,-0.09000000357627869
49,221,-1.8101078271865845,-0.10000000149011612
49,222,-2.5382513999938965,0.25
49,223,-0.5912488102912903,-0.23999999463558197
49,224,-1.1170284748077393,0.019999999552965164
49,225,0.05735570937395096,0.25
49,226,-1.6111407279968262,-0.20000000298023224
49,227,1.8022314310073853,0.10000000149011612
49,228,0.5220987200737,0.17000000178813934
49,229,1.3294973373413086,0.07999999821186066
49,230,0.6691465377807617,0.3199999928474426
49,231,1.8210935592651367,1.4700000286102295
49,232,1.126768708229065,1.8300000429153442
49,233,2.554598331451416,1.5700000524520874
49,234,0.4545457363128662,0.8899999856948853
49,235,-1.303983449935913,-0.1599999964237213
49,236,-0.08068560063838959,1.6799999475479126
49,237,-0.43339332938194275,0.09000000357627869
49,238,0.8153437376022339,0.5099999904632568
49,239,-0.5006603002548218,0.0
49,240,-2.3910324573516846,-0.1899999976158142
49,241,-1.9186346530914307,-0.25
49,242,-0.41971254348754883,0.1599999964237213
49,243,-0.6406272053718567,0.47999998927116394
49,244,0.2915404438972473,0.30000001192092896
49,245,0.5090273022651672,0.029999999329447746
49,246,0.369942307472229,0.6000000238418579
49,247,0.03732341527938843,0.25
49,248,0.5262782573699951,0.4000000059604645
49,249,0.04558396339416504,0.550000011920929
49,250,-0.8760452270507812,-0.03999999910593033
49,251,1.1915688514709473,1.309999942779541
49,252,-0.9343112707138062,0.5
49,253,-0.9360495805740356,0.25999999046325684
49,254,-0.2979277968406677,0.6899999976158142
49,255,0.30058303475379944,-0.05000000074505806
49,256,0.308297723531723,1.0700000524520874
49,257,-0.2605896592140198,0.15000000596046448
49,258,-0.3046654164791107,-0.10000000149011612
49,259,0.36001718044281006,0.0
49,260,0.4060002863407135,0.75
49,261,0.5053579211235046,0.38999998569488525
49,262,0.08928921818733215,0.15000000596046448
49,263,-0.38448214530944824,0.2199999988079071
49,264,0.05567488074302673,0.4699999988079071
49,265,-1.1848958730697632,0.5799999833106995
49,266,1.7175780534744263,1.850000023841858
49,267,-0.2637648582458496,0.30000001192092896
49,268,0.8097569942474365,1.3799999952316284
49,269,0.7847753763198853,1.0299999713897705
49,270,1.4992889165878296,1.8799999952316284
49,271,4.140744686126709,4.599999904632568
49,272,5.2856764793396,6.599999904632568
49,273,1.451218605041504,1.1100000143051147
49,274,2.855800151824951,2.049999952316284
49,275,3.7268354892730713,5.800000190734863
49,276,4.802978992462158,7.199999809265137
49,277,2.146705150604248,3.3399999141693115
49,278,3.440220832824707,3.809999942779541
49,279,3.258209466934204,4.78000020980835
49,280,3.4171481132507324,7.0
49,281,1.8550827503204346,0.9599999785423279
49,282,2.955746650695801,2.299999952316284
49,283,3.0996484756469727,2.180000066757202
49,284,4.10834264755249,4.429999828338623
49,285,1.430892825126648,0.7599999904632568
49,286,2.559209108352661,1.4199999570846558
49,287,2.5336341857910156,2.380000114440918
49,288,3.1161398887634277,3.8399999141693115
49,289,-0.17684268951416016,1.600000023841858
49,290,0.4837017059326172,1.6299999952316284
49,291,2.3635683059692383,2.799999952316284
49,292,2.3635685443878174,2.7699999809265137
49,293,2.363567590713501,2.5999999046325684
49,294,2.517491340637207,4.579999923706055
49,295,1.8546792268753052,1.8300000429153442
49,296,2.350656032562256,1.850000023841858
49,297,3.439554452896118,3.6600000858306885
49,298,2.6518936157226562,2.9000000953674316
49,299,4.805896759033203,-4.699999809265137
49,300,4.805896759033203,-6.400000095367432
49,301,3.9276466369628906,5.400000095367432
49,302,2.0889267921447754,3.0899999141693115
49,303,4.519513130187988,-7.199999809265137
49,304,4.519513130187988,-3.299999952316284
49,305,3.264672040939331,3.5799999237060547
49,306,1.7645704746246338,1.5099999904632568
49,307,2.1862001419067383,3.7899999618530273
49,308,0.9899004697799683,1.8200000524520874
49,309,1.7582136392593384,2.7799999713897705
49,310,2.3793606758117676,1.5099999904632568
49,311,2.8467633724212646,0.2800000011920929
49,312,1.7233635187149048,2.059999942779541
49,313,2.645110845565796,0.14000000059604645
49,314,0.851111888885498,1.350000023841858
49,315,1.1193106174468994,1.2599999904632568
49,316,-0.17371970415115356,0.7699999809265137
49,317,0.010245561599731445,1.149999976158142
49,318,3.058654546737671,2.5999999046325684
49,319,2.4337661266326904,1.2000000476837158
49,320,3.718971014022827,3.180000066757202
49,321,1.0609257221221924,1.0399999618530273
49,322,2.261575222015381,1.4199999570846558
49,323,1.0356165170669556,1.6100000143051147
49,324,2.717076301574707,1.9500000476837158
49,325,0.22609245777130127,0.8399999737739563
49,326,-0.276430606842041,0.3100000023841858
49,327,1.7390743494033813,1.809999942779541
49,328,3.5045480728149414,2.5399999618530273
49,329,-0.029848217964172363,0.5600000023841858
49,330,-0.05713224411010742,0.7599999904632568
49,331,2.5040814876556396,2.059999942779541
49,332,1.8391590118408203,1.6200000047683716
49,333,3.849088668823242,4.659999847412109
49,334,0.8240398168563843,1.4299999475479126
49,335,-0.9063525199890137,0.7300000190734863
49,336,1.8630361557006836,4.429999828338623
49,337,1.8440208435058594,4.440000057220459
49,338,1.7546433210372925,4.389999866485596
49,339,-0.5322625637054443,2.299999952316284
49,340,-0.22667497396469116,5.199999809265137
49,341,-2.2671151161193848,4.980000019073486
49,342,2.319680690765381,1.8799999952316284
49,343,0.024112224578857422,2.3399999141693115
49,344,1.0170073509216309,1.6100000143051147
49,345,1.017195463180542,1.0299999713897705
49,346,-0.6041754484176636,0.9700000286102295
49,347,0.019570618867874146,0.9700000286102295
49,348,-2.4086246490478516,-0.5899999737739563
49,349,-0.07928794622421265,0.3799999952316284
49,350,-0.2963073253631592,0.3499999940395355
49,351,0.8396324515342712,-0.800000011920929
49,352,1.5759462118148804,-0.30000001192092896
49,353,1.000905156135559,-0.8999999761581421
49,354,1.4966877698898315,-0.20000000298023224
49,355,1.4828211069107056,-1.100000023841858
49,356,0.6888526678085327,0.4000000059604645
49,357,-0.6097850799560547,0.6000000238418579
49,358,1.5577939748764038,1.0
49,359,-0.19399118423461914,0.5
49,360,1.1736074686050415,1.600000023841858
49,361,1.1583056449890137,-0.10000000149011612
49,362,1.655370831489563,0.4000000059604645
49,363,0.9465196132659912,0.6000000238418579
49,364,1.537911295890808,0.30000001192092896
49,365,1.4691730737686157,0.10000000149011612
49,366,0.39173388481140137,-0.0
49,367,1.3436025381088257,1.0
49,368,-1.367599368095398,-0.25
49,369,0.8356447219848633,1.5
49,370,-0.5631910562515259,0.10000000149011612
49,371,-0.21234071254730225,0.5099999904632568
49,372,-0.08802568912506104,0.4399999976158142
49,373,-0.19786208868026733,0.10000000149011612
49,374,0.5123414993286133,0.550000011920929
49,375,1.8923918008804321,2.259999990463257
49,376,0.18638427555561066,0.25
49,377,1.6378494501113892,0.9300000071525574
49,378,-0.8214296698570251,0.019999999552965164
49,379,-1.161356806755066,0.5799999833106995
49,380,-0.6066426038742065,1.25
49,381,1.1189998388290405,1.3200000524520874
49,382,0.4987337589263916,2.549999952316284
49,383,1.5506237745285034,2.8399999141693115
49,384,3.0008347034454346,2.4000000953674316
49,385,1.9685806035995483,1.6399999856948853
49,386,3.3638768196105957,2.859999895095825
49,387,1.8072377443313599,1.3799999952316284
49,388,3.178680419921875,2.259999990463257
49,389,-0.07459484040737152,1.100000023841858
49,390,0.8365062475204468,2.059999942779541
49,391,2.349823236465454,0.7900000214576721
49,392,3.272867202758789,2.5299999713897705
49,393,-2.62463116645813,-0.8299999833106995
49,394,1.0266236066818237,1.0
49,395,0.4747118651866913,1.5199999809265137
49,396,-1.4489645957946777,0.27000001072883606
49,397,-1.4489644765853882,0.11999999731779099
49,398,0.04106435179710388,0.8199999928474426
49,399,-1.6031994819641113,-0.6200000047683716
49,400,1.2952646017074585,-0.5600000023841858
49,401,1.2663172483444214,1.0299999713897705
49,402,-0.5095160007476807,1.0800000429153442
49,403,-0.7790877819061279,1.590000033378601
49,404,0.2814060151576996,1.8700000047683716
49,405,-0.7520995140075684,1.5399999618530273
49,406,0.11385652422904968,0.5699999928474426
49,407,-0.4194260835647583,1.6299999952316284
49,408,0.9328178763389587,0.7300000190734863
49,409,-1.3884499073028564,1.2000000476837158
49,410,2.3806142807006836,1.159999966621399
49,411,-2.373032331466675,0.05000000074505806
49,412,1.056395173072815,0.3499999940395355
49,413,-1.6551142930984497,0.25999999046325684
49,414,2.5504150390625,1.690000057220459
49,415,0.8259851932525635,0.949999988079071
49,416,3.3991332054138184,2.5399999618530273
49,417,0.1481090784072876,0.6100000143051147
49,418,1.1330442428588867,0.7400000095367432
49,419,0.20604944229125977,0.8500000238418579
49,420,1.2811458110809326,1.5199999809265137
49,421,-0.582855224609375,1.0399999618530273
49,422,2.6472582817077637,2.619999885559082
49,423,-1.3142772912979126,-0.7300000190734863
49,424,0.9584795236587524,1.350000023841858
49,425,-0.9901740550994873,-0.4699999988079071
49,426,2.4050333499908447,-0.07000000029802322
49,427,1.674323320388794,-0.7400000095367432
49,428,3.068042278289795,1.7899999618530273
49,429,1.8926845788955688,-0.8600000143051147
49,430,0.6394860744476318,0.8799999952316284
49,431,1.6853363513946533,-0.8999999761581421
49,432,1.2481809854507446,0.23000000417232513
49,433,0.3118371367454529,0.03999999910593033
49,434,2.111764907836914,0.3700000047683716
49,435,0.21583795547485352,0.5600000023841858
49,436,0.5673799514770508,-0.03999999910593033
49,437,0.37806159257888794,-0.09000000357627869
49,438,-0.5549454689025879,2.2300000190734863
49,439,0.4076646566390991,1.0499999523162842
49,440,2.014354705810547,3.5199999809265137
49,441,0.6725795269012451,1.1699999570846558
49,442,0.06786739826202393,2.1500000953674316
49,443,-0.20849967002868652,-0.10000000149011612
49,444,0.13898667693138123,0.8899999856948853
49,445,-2.288177728652954,0.1899999976158142
49,446,1.6912230253219604,2.0299999713897705
49,447,-2.4402029514312744,-0.5099999904632568
49,448,0.7695589065551758,0.75
49,449,-1.5996342897415161,-0.23999999463558197
49,450,2.705681800842285,2.819999933242798
49,451,4.623595237731934,6.5
49,452,-0.25649523735046387,-0.27000001072883606
49,453,0.9994351863861084,0.7599999904632568
49,454,3.9666576385498047,4.860000133514404
49,455,2.8708388805389404,2.450000047683716
49,456,1.450350284576416,4.260000228881836
49,457,2.8786563873291016,4.820000171661377
49,458,-0.18938493728637695,0.7400000095367432
49,459,0.8381590843200684,0.8799999952316284
49,460,1.9662100076675415,4.710000038146973
49,461,1.3652591705322266,2.359999895095825
49,462,1.3652591705322266,3.200000047683716
49,463,0.03498357534408569,-0.14000000059604645
49,464,0.8249030709266663,0.029999999329447746
49,465,-0.3064957857131958,0.15000000596046448
49,466,-0.4214915633201599,1.0700000524520874
49,467,0.18605083227157593,0.03999999910593033
49,468,0.18605101108551025,2.0999999046325684
49,469,0.04466633498668671,0.3100000023841858
49,470,0.04466632008552551,2.9000000953674316
49,471,2.447235107421875,2.700000047683716
49,472,4.986560344696045,-4.5
49,473,4.986560821533203,-6.900000095367432
49,474,3.0552542209625244,1.5
49,475,3.0552544593811035,1.9299999475479126
49,476,4.406983375549316,5.599999904632568
49,477,0.6142663955688477,-0.029999999329447746
49,478,5.916922569274902,-7.300000190734863
49,479,2.286759376525879,0.019999999552965164
49,480,3.988903045654297,4.760000228881836
49,481,3.0320160388946533,3.3399999141693115
49,482,2.5935370922088623,2.1600000858306885
49,483,4.4218926429748535,4.610000133514404
49,484,0.10612773895263672,-0.10999999940395355
49,485,1.847097396850586,0.8999999761581421
49,486,3.354623317718506,2.440000057220459
49,487,3.354623317718506,3.9000000953674316
49,488,2.337996482849121,1.5499999523162842
49,489,1.2234694957733154,0.05000000074505806
49,490,2.0861639976501465,0.17000000178813934
49,491,-0.45090630650520325,-0.09000000357627869
49,492,-0.4483258128166199,0.10000000149011612
49,493,1.3658452033996582,-0.009999999776482582
49,494,1.3658452033996582,2.799999952316284
49,495,0.9930030107498169,-0.20000000298023224
49,496,2.475019693374634,-0.03515774384140968
49,497,2.4750194549560547,0.3643881380558014
49,498,2.475019693374634,2.3399999141693115
49,499,2.4750194549560547,1.0
49,500,2.475019931793213,-0.026864245533943176
49,501,2.4750192165374756,0.14554254710674286
49,502,3.9533143043518066,4.489999771118164
49,503,3.953315019607544,1.2000000476837158
49,504,-0.8478412628173828,0.7599999904632568
49,505,4.206175327301025,4.829999923706055
49,506,-0.5302584171295166,0.800000011920929
49,507,-0.5302584171295166,-0.6000000238418579
49,508,-0.5302579402923584,-0.3700000047683716
49,509,-0.5302581787109375,-0.800000011920929
49,510,0.8010431528091431,0.14000000059604645
49,511,3.5909485816955566,3.0899999141693115
49,512,3.5909485816955566,4.199999809265137
49,513,2.6506106853485107,1.340000033378601
49,514,2.7205018997192383,2.690000057220459
49,515,2.7205021381378174,0.6000000238418579
49,516,2.7304296493530273,3.2300000190734863
49,517,3.9287290573120117,6.599999904632568
49,518,0.06396007537841797,1.909999966621399
49,519,1.599005103111267,1.1200000047683716
49,520,3.6720476150512695,5.400000095367432
49,521,2.709520101547241,3.880000114440918
49,522,2.4010279178619385,3.3499999046325684
49,523,3.8840391635894775,5.0
49,524,-0.9596333503723145,0.14000000059604645
49,525,-0.5060365200042725,0.15000000596046448
49,526,3.3565239906311035,5.099999904632568
49,527,2.4130399227142334,3.359999895095825
49,528,0.9100754261016846,0.6000000238418579
49,529,0.5200930833816528,0.4000000059604645
49,530,1.7228659391403198,4.5
49,531,0.3821408748626709,1.100000023841858
49,532,0.5628542900085449,-0.05999999865889549
49,533,0.10403287410736084,-0.07000000029802322
49,534,0.48306161165237427,0.20000000298023224
49,535,0.800276517868042,-0.20000000298023224
49,536,-0.5378843545913696,0.25
49,537,0.03075045347213745,0.019999999552965164
49,538,-0.4499860405921936,0.5600000023841858
49,539,0.09350419044494629,0.2199999988079071
49,540,2.969559669494629,3.630000114440918
49,541,1.2843023538589478,2.7200000286102295
49,542,3.2562451362609863,5.400000095367432
49,543,3.134270668029785,5.0
49,544,-0.0336003303527832,0.4000000059604645
49,545,-0.033600568771362305,2.0999999046325684
49,546,3.028618812561035,5.449999809265137
49,547,1.9017291069030762,1.8600000143051147
49,548,2.8455989360809326,2.2799999713897705
49,549,3.7671127319335938,3.7799999713897705
49,550,2.4071242809295654,1.5499999523162842
49,551,2.3763227462768555,1.940000057220459
49,552,2.959090232849121,3.8299999237060547
49,553,3.586935520172119,6.099999904632568
49,554,3.3658037185668945,3.309999942779541
49,555,3.6210150718688965,3.049999952316284
49,556,3.0682764053344727,3.2100000381469727
49,557,3.1181247234344482,3.180000066757202
49,558,2.9197676181793213,2.6500000953674316
49,559,-0.0493013858795166,0.7200000286102295
49,560,3.223099946975708,1.9700000286102295
49,561,0.4297497272491455,0.3799999952316284
49,562,2.648820638656616,1.7200000286102295
49,563,2.9884891510009766,3.309999942779541
49,564,1.5933902263641357,0.4099999964237213
49,565,0.3052327036857605,0.07000000029802322
49,566,1.5479199886322021,1.0499999523162842
49,567,1.1198123693466187,0.15000000596046448
49,568,3.7636711597442627,5.300000190734863
49,569,0.6101498603820801,2.2699999809265137
49,570,0.6101493835449219,3.9000000953674316
49,571,4.561551094055176,6.699999809265137
49,572,2.8956100940704346,3.8299999237060547
49,573,3.916574239730835,5.300000190734863
49,574,3.837163209915161,6.5
49,575,0.840395450592041,1.809999942779541
49,576,4.863162994384766,7.5
49,577,2.473590612411499,4.53000020980835
49,578,4.761682510375977,4.400000095367432
49,579,4.761682033538818,5.0
49,580,4.761682510375977,5.5
49,581,4.761682510375977,7.699999809265137
49,582,4.761682033538818,8.100000381469727
49,583,4.198357105255127,5.800000190734863
49,584,4.198357582092285,6.800000190734863
49,585,4.198357582092285,8.199999809265137
49,586,4.198357105255127,8.5
49,587,4.478271484375,3.799999952316284
49,588,4.478271007537842,4.5
49,589,4.478271484375,4.800000190734863
49,590,4.478271484375,6.900000095367432
49,591,4.478271484375,6.650000095367432
49,592,4.725628852844238,7.5
49,593,4.725628852844238,7.099999904632568
49,594,4.72562837600708,7.699999809265137
49,595,4.725628852844238,8.600000381469727
49,596,4.72562837600708,8.199999809265137
49,597,2.287261486053467,2.0
49,598,2.174234390258789,2.6500000953674316
49,599,2.174234628677368,3.1066665649414062
49,600,-0.1786881685256958,1.850000023841858
49,601,-0.17868781089782715,1.3666666746139526
49,602,4.534860134124756,3.9000000953674316
49,603,4.534860134124756,5.400000095367432
49,604,4.534860610961914,6.5
49,605,4.534860134124756,8.100000381469727
49,606,4.534860610961914,7.900000095367432
49,607,2.0956249237060547,3.200000047683716
49,608,2.095625400543213,3.5
49,609,2.0956249237060547,3.700000047683716
49,610,2.0956244468688965,4.099999904632568
49,611,2.0956249237060547,3.799999952316284
49,612,1.7938679456710815,2.677142858505249
49,613,-2.7219719886779785,0.35111111402511597
49,614,1.4231321811676025,0.6321428418159485
49,615,4.329308032989502,4.699999809265137
49,616,4.32930850982666,5.400000095367432
49,617,4.32930850982666,6.5
49,618,4.329308032989502,8.199999809265137
49,619,4.329307556152344,8.5
49,620,5.054434776306152,5.599999904632568
49,621,5.054434776306152,5.800000190734863
49,622,5.054434776306152,6.699999809265137
49,623,5.054434776306152,9.199999809265137
49,624,5.054434776306152,10.100000381469727
49,625,5.34750509262085,3.799999952316284
49,626,5.34750509262085,4.199999809265137
49,627,5.34750509262085,5.099999904632568
49,628,5.347505569458008,7.199999809265137
49,629,5.347505569458008,8.199999809265137
49,630,4.404808521270752,4.0
49,631,4.404808521270752,4.599999904632568
49,632,4.404808044433594,5.800000190734863
49,633,4.40480899810791,8.199999809265137
49,634,4.40480899810791,9.100000381469727
49,635,2.363568067550659,2.700000047683716
49,636,4.568625450134277,5.900000095367432
49,637,4.568625450134277,6.400000095367432
49,638,4.568624973297119,7.599999904632568
49,639,4.568625450134277,9.800000190734863
49,640,4.5686259269714355,9.5
49,641,4.805896759033203,4.699999809265137
49,642,4.805896759033203,4.199999809265137
49,643,4.805896759033203,4.599999904632568
49,644,4.805896759033203,5.300000190734863
49,645,4.805896759033203,7.5
49,646,4.805896759033203,8.600000381469727
49,647,2.471531867980957,2.0999999046325684
49,648,2.471532106399536,2.700000047683716
49,649,2.471532106399536,3.200000047683716
49,650,2.471532106399536,3.0999999046325684
49,651,3.529329299926758,1.2000000476837158
49,652,3.529329299926758,2.0
49,653,3.529329299926758,2.8499999046325684
49,654,3.529329538345337,4.599999904632568
49,655,3.5293288230895996,4.599999904632568
49,656,2.717075824737549,2.0
49,657,2.717076301574707,2.174999952316284
49,658,1.5888605117797852,-0.10000000149011612
49,659,1.5888608694076538,1.2000000476837158
49,660,1.5888606309890747,2.4000000953674316
49,661,1.5888606309890747,4.400000095367432
49,662,1.5888607501983643,4.5
49,663,2.0098788738250732,1.899999976158142
49,664,2.009878635406494,1.899999976158142
49,665,1.00090491771698,-1.600000023841858
49,666,-0.19399085640907288,0.6000000238418579
49,667,-1.4489645957946777,0.6499999761581421
49,668,3.4869744777679443,2.0999999046325684
49,669,3.4869751930236816,2.5999999046325684
49,670,3.4869747161865234,3.0
49,671,3.4869749546051025,4.300000190734863
49,672,3.4869747161865234,4.0
49,673,2.8777406215667725,2.5
49,674,2.8777408599853516,3.200000047683716
49,675,2.8777408599853516,4.199999809265137
49,676,2.8777408599853516,6.300000190734863
49,677,2.8777408599853516,6.599999904632568
49,678,4.714962005615234,2.0
49,679,4.714962005615234,2.799999952316284
49,680,4.714962482452393,3.200000047683716
49,681,4.714962005615234,4.099999904632568
49,682,4.714962005615234,6.5
49,683,4.714962959289551,7.400000095367432
49,684,2.447235107421875,1.9500000476837158
49,685,2.447235107421875,3.9749999046325684
49,686,4.986560344696045,4.400000095367432
49,687,4.986560821533203,5.099999904632568
49,688,4.986560821533203,6.0
49,689,4.986560821533203,7.5
49,690,4.986560821533203,7.5
49,691,3.0552544593811035,2.299999952316284
49,692,4.174431800842285,3.9000000953674316
49,693,4.174431800842285,4.199999809265137
49,694,4.174431800842285,4.699999809265137
49,695,4.174432277679443,6.599999904632568
49,696,4.174431800842285,7.199999809265137
49,697,4.206175327301025,7.349999904632568
49,698,4.206175327301025,5.599999904632568
49,699,4.206175804138184,2.6500000953674316
49,700,-0.5302581787109375,0.164000004529953
49,701,0.801042914390564,0.20000000298023224
49,702,0.8010435104370117,0.10000000149011612
49,703,4.519251823425293,5.400000095367432
49,704,4.519251823425293,6.099999904632568
49,705,4.519251823425293,6.800000190734863
49,706,4.519251823425293,9.199999809265137
49,707,4.519251823425293,9.25
49,708,3.7678234577178955,4.800000190734863
49,709,3.7678236961364746,5.5
49,710,3.7678234577178955,6.400000095367432
49,711,3.7678234577178955,8.699999809265137
49,712,3.7678236961364746,9.5
49,713,4.038301467895508,5.0
49,714,4.038300514221191,5.400000095367432
49,715,4.038301467895508,7.300000190734863
49,716,4.038301467895508,8.699999809265137
49,717,4.03830099105835,8.600000381469727
50,0,0.313021719455719,0.14499999582767487
50,1,0.9300951361656189,1.2699999809265137
50,2,1.0028499364852905,2.8680689334869385
50,3,0.8320645093917847,0.9560229182243347
51,0,1.2093374729156494,1.7100000381469727
51,1,2.163100242614746,2.619999885559082
51,2,-1.1121495962142944,0.7300000190734863
51,3,0.2848491668701172,2.200000047683716
51,4,4.341738700866699,3.069999933242798
51,5,2.623661756515503,0.9200000166893005
51,6,2.784148931503296,2.0399999618530273
51,7,3.665019989013672,2.880000114440918
51,8,1.9397770166397095,1.9500000476837158
51,9,3.6467247009277344,3.359999895095825
51,10,0.34911489486694336,0.33000001311302185
51,11,0.531663179397583,0.8999999761581421
51,12,2.9112911224365234,1.3300000429153442
51,13,0.434116005897522,0.10000000149011612
51,14,1.8018945455551147,2.0799999237060547
51,15,3.6523749828338623,2.2200000286102295
51,16,3.7489001750946045,3.009999990463257
51,17,1.239801049232483,0.550000011920929
51,18,2.3259782791137695,1.8899999856948853
51,19,2.0037841796875,1.2400000095367432
51,20,0.993358850479126,1.059999942779541
51,21,-0.037688374519348145,-0.5600000023841858
51,22,2.51859974861145,1.7100000381469727
51,23,0.9416359663009644,1.0700000524520874
51,24,0.5211544036865234,-0.5799999833106995
51,25,3.130887031555176,2.2699999809265137
51,26,0.7804582118988037,0.699999988079071
51,27,3.600658655166626,2.390000104904175
51,28,2.3409368991851807,2.619999885559082
51,29,3.514251232147217,3.0399999618530273
51,30,2.9263267517089844,2.180000066757202
51,31,2.8415186405181885,2.259999990463257
51,32,1.9208440780639648,1.7799999713897705
51,33,3.267444610595703,2.559999942779541
51,34,2.5892202854156494,1.9900000095367432
51,35,1.5372700691223145,-2.7200000286102295
51,36,3.228756904602051,-2.3499999046325684
51,37,0.7581309080123901,-0.07999999821186066
51,38,1.2340812683105469,0.4399999976158142
51,39,-0.44897687435150146,-0.029999999329447746
51,40,0.10724186897277832,-0.6600000262260437
51,41,-1.2349799871444702,-0.14000000059604645
51,42,1.513258457183838,1.909999966621399
51,43,-0.16992658376693726,-0.12999999523162842
51,44,0.9748988151550293,-0.14000000059604645
51,45,0.21974769234657288,0.3400000035762787
51,46,1.5864589214324951,2.6700000762939453
51,47,-0.09574711322784424,-0.20000000298023224
51,48,1.0034549236297607,0.6399999856948853
51,49,0.14201617240905762,0.30000001192092896
51,50,3.437727451324463,1.5499999523162842
51,51,1.5591120719909668,1.2699999809265137
51,52,2.0121779441833496,2.9200000762939453
52,0,1.9788732528686523,-0.07999999821186066
52,1,1.9788734912872314,-0.07999999821186066
52,2,1.9788732528686523,0.5299999713897705
52,3,2.176006555557251,0.3199999928474426
52,4,2.176006555557251,0.3199999928474426
52,5,2.176006555557251,0.6899999976158142
52,6,2.2328288555145264,0.03999999910593033
52,7,1.2998862266540527,0.12999999523162842
52,8,1.2998862266540527,0.12999999523162842
52,9,1.2998863458633423,0.09000000357627869
52,10,1.4626256227493286,0.6399999856948853
52,11,1.462625503540039,0.6399999856948853
52,12,1.4626251459121704,0.20999999344348907
52,13,1.6562010049819946,0.12999999523162842
52,14,1.6562011241912842,0.12999999523162842
52,15,1.6562014818191528,-0.11999999731779099
52,16,1.7646539211273193,0.8299999833106995
52,17,-0.47341611981391907,-1.0299999713897705
52,18,-0.47341614961624146,-1.0299999713897705
52,19,-0.4734160900115967,-0.47999998927116394
52,20,-0.5109614729881287,-0.6000000238418579
52,21,-0.5109615325927734,-0.6000000238418579
52,22,-0.5109614729881287,-0.06499999761581421
52,23,0.3215806484222412,-0.12999999523162842
52,24,0.321580171585083,-0.12999999523162842
52,25,0.3215804100036621,0.019999999552965164
52,26,0.030747413635253906,0.5899999737739563
52,27,2.2328286170959473,-0.0
52,28,1.7646538019180298,-1.7699999809265137
52,29,0.030747413635253906,-1.0700000524520874
53,0,0.9112789630889893,1.1799999475479126
53,1,1.6935518980026245,2.490000009536743
53,2,1.7948710918426514,1.559999942779541
53,3,1.2138104438781738,1.9800000190734863
53,4,3.3572299480438232,0.6499999761581421
53,5,0.4269733428955078,0.18000000715255737
53,6,4.02869987487793,4.860000133514404
53,7,0.648369312286377,0.10999999940395355
53,8,3.4754395484924316,3.3299999237060547
53,9,0.9267926216125488,0.7200000286102295
53,10,3.0831384658813477,4.110000133514404
53,11,-0.052217960357666016,1.2799999713897705
53,12,1.8747060298919678,0.6700000166893005
53,13,0.5444024205207825,0.33000001311302185
53,14,2.9287545680999756,0.6899999976158142
53,15,0.7322765588760376,0.4000000059604645
53,16,3.3979880809783936,0.9900000095367432
53,17,2.113124132156372,2.880000114440918
53,18,2.0132460594177246,1.809999942779541
53,19,-0.5781777501106262,-0.12999999523162842
53,20,2.2880055904388428,1.1699999570846558
53,21,1.2923780679702759,1.3700000047683716
53,22,2.773531675338745,2.8499999046325684
53,23,0.5318983793258667,0.9100000262260437
53,24,2.6521449089050293,3.1700000762939453
53,25,1.1586185693740845,1.9700000286102295
53,26,4.038765907287598,4.230000019073486
53,27,0.5446295738220215,0.5400000214576721
53,28,3.208629846572876,2.740000009536743
53,29,3.3152408599853516,1.4900000095367432
53,30,3.215554714202881,1.8799999952316284
53,31,0.5987613201141357,2.140000104904175
53,32,1.388718605041504,1.1100000143051147
53,33,-0.35353267192840576,-0.12999999523162842
54,0,0.6809579730033875,0.9300000071525574
54,1,1.7883501052856445,1.3799999952316284
54,2,0.7793132066726685,2.1600000858306885
54,3,3.0568437576293945,0.7400000095367432
54,4,0.22760343551635742,0.4099999964237213
54,5,3.739288568496704,5.019999980926514
54,6,0.5265517234802246,0.4099999964237213
54,7,3.1792898178100586,3.7200000286102295
54,8,0.23562884330749512,0.6100000143051147
54,9,1.8438411951065063,0.3499999940395355
54,10,0.5668989419937134,0.3499999940395355
54,11,0.687761664390564,1.1200000047683716
54,12,-0.9752165675163269,0.019999999552965164
54,13,2.079268217086792,1.6399999856948853
54,14,3.293694496154785,0.8700000047683716
54,15,1.8749576807022095,2.940000057220459
54,16,1.1444915533065796,-0.10999999940395355
54,17,0.9121743440628052,0.47999998927116394
54,18,0.028448015451431274,0.4099999964237213
54,19,-0.6019788980484009,-0.10999999940395355
54,20,1.9004406929016113,1.3799999952316284
54,21,1.2544983625411987,1.4500000476837158
54,22,2.4717564582824707,2.4200000762939453
54,23,0.5619988441467285,0.6700000166893005
54,24,2.6871602535247803,3.3299999237060547
54,25,1.5466954708099365,1.940000057220459
54,26,4.099244117736816,4.639999866485596
54,27,0.7346301078796387,0.4099999964237213
54,28,3.4601173400878906,2.809999942779541
54,29,3.0474395751953125,2.2899999618530273
54,30,0.23051691055297852,2.0299999713897705
54,31,0.9642560482025146,1.190000057220459
54,32,-0.3103591203689575,-0.10999999940395355
54,33,2.867128849029541,1.4299999475479126
55,0,2.0316545963287354,-0.2199999988079071
55,1,2.0316550731658936,-0.1599999964237213
55,2,0.5910578966140747,-0.5600000023841858
55,3,2.6121034622192383,1.899999976158142
55,4,2.612103223800659,0.4699999988079071
55,5,-0.23112879693508148,0.05999999865889549
55,6,-1.3935588598251343,-0.8100000023841858
55,7,-1.3935590982437134,-0.7099999785423279
55,8,-1.3935587406158447,-0.5799999833106995
55,9,-0.460079550743103,0.20999999344348907
55,10,-0.46007969975471497,0.6000000238418579
55,11,-0.46007969975471497,0.009999999776482582
55,12,0.4391687512397766,-0.07000000029802322
55,13,0.43916893005371094,-0.03999999910593033
55,14,-0.4122542440891266,0.10000000149011612
55,15,-0.4122541546821594,0.20000000298023224
55,16,-0.7885744571685791,-1.0299999713897705
55,17,-0.7885745763778687,-0.25
55,18,-0.7885744571685791,-0.4000000059604645
55,19,-0.7885744571685791,-0.009999999776482582
55,20,-0.6863408088684082,-0.23000000417232513
55,21,-0.6863408088684082,-0.15000000596046448
55,22,-0.6863409280776978,0.029999999329447746
55,23,0.7187957763671875,0.20000000298023224
55,24,0.7187957167625427,1.0199999809265137
55,25,-1.443800926208496,-1.159999966621399
55,26,-1.443800926208496,-0.23999999463558197
55,27,-1.4438010454177856,-0.27000001072883606
55,28,-1.443800926208496,-0.14000000059604645
55,29,-1.7961374521255493,-1.6100000143051147
55,30,-1.7961375713348389,-0.4000000059604645
55,31,-1.796137809753418,-0.17000000178813934
55,32,-1.796137809753418,-0.05999999865889549
55,33,-0.07924360036849976,-0.5099999904632568
55,34,-0.07924368977546692,-0.46000000834465027
55,35,-1.694960594177246,-1.409999966621399
55,36,-1.694960594177246,-0.07000000029802322
55,37,-1.694960594177246,-0.33000001311302185
55,38,-1.694960594177246,-0.12999999523162842
55,39,-1.1397024393081665,-0.44999998807907104
55,40,-1.1397026777267456,-0.3799999952316284
55,41,-1.1397026777267456,-0.36000001430511475
55,42,0.5353891849517822,0.5699999928474426
55,43,0.5353891253471375,0.3799999952316284
55,44,3.0981643199920654,3.890000104904175
55,45,0.828991174697876,3.1600000858306885
55,46,0.828991174697876,0.6899999976158142
55,47,0.06314246356487274,0.019999999552965164
55,48,0.06314252316951752,0.019999999552965164
55,49,0.06314241886138916,-0.3700000047683716
55,50,1.1109704971313477,-0.009999999776482582
55,51,1.1109707355499268,-0.17000000178813934
55,52,1.1109706163406372,1.3300000429153442
55,53,3.1777031421661377,0.019999999552965164
55,54,3.1777031421661377,1.7000000476837158
55,55,4.253804683685303,-0.009999999776482582
55,56,1.0058928728103638,1.659999966621399
55,57,1.0058928728103638,0.6700000166893005
55,58,0.6073403358459473,1.75
55,59,0.6073403358459473,0.4099999964237213
55,60,0.5248475074768066,1.190000057220459
55,61,0.5248472690582275,0.18000000715255737
55,62,0.4955376386642456,-1.0499999523162842
55,63,1.006195306777954,1.3899999856948853
55,64,-0.210068941116333,2.430000066757202
55,65,2.1562106609344482,2.690000057220459
55,66,3.015287160873413,0.17000000178813934
55,67,3.015287160873413,0.15000000596046448
55,68,2.7862110137939453,-0.05000000074505806
55,69,2.786210298538208,-0.019999999552965164
55,70,4.177056312561035,3.109999895095825
55,71,4.177055835723877,1.1100000143051147
55,72,0.15284250676631927,0.5799999833106995
55,73,0.15284249186515808,0.2199999988079071
55,74,-0.22872376441955566,0.23000000417232513
55,75,-0.22872388362884521,0.4099999964237213
55,76,1.435251235961914,-0.10000000149011612
55,77,1.435251235961914,-0.2199999988079071
55,78,1.435251235961914,0.28999999165534973
55,79,-0.06353996694087982,-0.12999999523162842
55,80,-0.7434477210044861,-1.590000033378601
55,81,-0.7434475421905518,-0.4300000071525574
55,82,-0.7434474229812622,-0.8500000238418579
55,83,-2.8787472248077393,-0.4099999964237213
55,84,-1.3978652954101562,0.7300000190734863
55,85,-1.3978652954101562,0.18000000715255737
55,86,-0.1793251633644104,0.4399999976158142
55,87,-0.17932525277137756,0.10999999940395355
55,88,0.8234857320785522,-0.029999999329447746
55,89,0.8234857320785522,-0.6499999761581421
55,90,2.558579921722412,2.0199999809265137
55,91,2.5585806369781494,0.949999988079071
55,92,1.693223237991333,1.090000033378601
55,93,1.6932231187820435,0.6000000238418579
55,94,2.5855889320373535,2.069999933242798
55,95,2.5855889320373535,0.7300000190734863
55,96,-0.512886643409729,-0.27000001072883606
55,97,-0.5128865838050842,-0.1899999976158142
55,98,2.3118340969085693,1.850000023841858
55,99,2.3118340969085693,0.46000000834465027
55,100,0.2228107452392578,-0.05999999865889549
55,101,0.2228105068206787,-0.05000000074505806
55,102,1.0700405836105347,0.8299999833106995
55,103,-0.33580827713012695,1.4600000381469727
55,104,0.8833332061767578,0.9900000095367432
55,105,2.6121034622192383,2.2325000762939453
55,106,-1.3935589790344238,-0.9833333492279053
55,107,-0.4600795805454254,0.3633333444595337
55,108,0.43916869163513184,-0.0
55,109,-0.41225409507751465,0.34333333373069763
55,110,-0.7885744571685791,-0.6740000247955322
55,111,-1.4438008069992065,-1.0883333683013916
55,112,-1.7961376905441284,-1.2949999570846558
55,113,-0.07924365997314453,-0.8633333444595337
55,114,-1.694960355758667,-0.8983333110809326
55,115,0.535389244556427,0.75
55,116,0.8289906978607178,3.6624999046325684
55,117,0.6073408126831055,2.0425000190734863
55,118,0.5248477458953857,1.4450000524520874
55,119,3.015287160873413,0.20250000059604645
55,120,4.177056312561035,3.5924999713897705
55,121,0.15284249186515808,0.8299999833106995
55,122,-0.743447482585907,-1.0759999752044678
55,123,-1.3978651762008667,1.1133333444595337
55,124,-0.1793251931667328,0.7366666793823242
55,125,0.8234856724739075,0.4533333480358124
55,126,2.5585803985595703,2.112499952316284
55,127,1.693223237991333,1.5724999904632568
55,128,2.5855889320373535,2.5225000381469727
55,129,2.3118340969085693,2.4549999237060547
56,0,0.5740057826042175,1.7899999618530273
56,1,-0.006170392036437988,1.149999976158142
56,2,-2.0640175342559814,4.599999904632568
56,3,-2.0640172958374023,-5.300000190734863
56,4,1.100382685661316,5.199999809265137
56,5,1.100382685661316,3.5999999046325684
56,6,1.1003828048706055,-5.199999809265137
56,7,-2.5742485523223877,0.5
56,8,-2.5742485523223877,-6.800000190734863
56,9,1.9673442840576172,3.019012928009033
57,0,3.8259975910186768,1.2300000190734863
57,1,3.0993831157684326,-0.949999988079071
57,2,0.3678629398345947,-0.07000000029802322
57,3,2.1272644996643066,-0.25
57,4,1.2333885431289673,-1.4299999475479126
57,5,-0.03332638740539551,-0.8299999833106995
57,6,1.230184555053711,1.9299999475479126
57,7,1.7571626901626587,2.440000057220459
57,8,1.1418356895446777,0.49000000953674316
58,0,-0.35170936584472656,0.30000001192092896
58,1,-1.0804340839385986,-0.8999999761581421
58,2,-0.10913380980491638,1.2999999523162842
58,3,-0.2883910536766052,0.5
58,4,-0.021493300795555115,0.10000000149011612
58,5,0.05725906789302826,-0.8999999761581421
58,6,0.4693101644515991,-0.0
58,7,0.3289412558078766,-1.0
58,8,0.16482608020305634,0.25999999046325684
58,9,2.8964662551879883,-0.14000000059604645
59,0,3.7068440914154053,3.8742830753326416
59,1,2.824343204498291,2.9086997509002686
60,0,0.9274858236312866,0.5
61,0,2.1828651428222656,-2.200000047683716
61,1,2.182865619659424,-5.400000095367432
61,2,2.1828653812408447,-3.299999952316284
61,3,-1.1105343103408813,-0.699999988079071
61,4,-1.110534429550171,-1.600000023841858
61,5,-1.110534429550171,1.399999976158142
61,6,1.3391577005386353,0.4000000059604645
61,7,1.3391574621200562,-5.699999809265137
61,8,1.3391573429107666,-1.7999999523162842
61,9,1.4683133363723755,-4.0
61,10,1.468313217163086,-9.5
61,11,1.468313217163086,-5.0
62,0,-0.999169647693634,-0.23999999463558197
62,1,1.1382594108581543,0.5299999713897705
62,2,-0.579120934009552,-0.05000000074505806
62,3,-1.3138344287872314,-0.36000001430511475
62,4,0.1514328122138977,1.3600000143051147
62,5,-1.0958027839660645,0.05000000074505806
62,6,-0.8099222779273987,-0.5699999928474426
62,7,0.24780404567718506,1.5296367406845093
62,8,0.24780386686325073,1.5057361125946045
62,9,0.24780386686325073,1.6013383865356445
62,10,0.2478039264678955,1.7925430536270142
62,11,0.24780398607254028,2.0554492473602295
62,12,0.24780410528182983,2.103250503540039
62,13,0.24780380725860596,1.2899999618530273
62,14,0.058208905160427094,0.25999999046325684
62,15,0.265866756439209,0.7400000095367432
62,16,0.25939202308654785,1.7686424255371094
62,17,0.2593921422958374,1.7447419166564941
62,18,0.25939202308654785,1.6491395235061646
62,19,0.2593921422958374,1.7925430536270142
62,20,0.2593921422958374,1.8164435625076294
62,21,0.2593921422958374,1.5535372495651245
62,22,0.2593921422958374,0.7699999809265137
62,23,-0.27968308329582214,0.5258126258850098
62,24,-0.2796829044818878,0.5497131943702698
62,25,-0.2796829640865326,0.6214148998260498
62,26,-0.279682993888855,0.43021032214164734
62,27,-0.27968302369117737,0.5736137628555298
62,28,-0.279682993888855,0.2629063129425049
62,29,-0.2796829640865326,0.4099999964237213
62,30,-0.5624164938926697,0.5
62,31,-0.4159466028213501,0.9100000262260437
62,32,-0.03340756893157959,-0.4300000071525574
62,33,-0.26102039217948914,1.2000000476837158
62,34,0.6585804224014282,-0.11999999731779099
62,35,0.3918800950050354,1.2189292907714844
62,36,0.39187994599342346,1.2667304277420044
62,37,0.3918800950050354,1.3623327016830444
62,38,0.39188000559806824,1.5774378776550293
62,39,0.3918802738189697,1.8164435625076294
62,40,0.3918801248073578,1.8164435625076294
62,41,0.39188000559806824,1.100000023841858
62,42,-0.6841642260551453,0.9082217812538147
62,43,-0.6841643452644348,1.0516252517700195
62,44,-0.6841644644737244,0.9799235463142395
62,45,-0.6841644048690796,1.0755257606506348
62,46,-0.6841643452644348,1.0038241147994995
62,47,-0.6841643452644348,0.8365200757980347
62,48,0.44129782915115356,0.28999999165534973
62,49,0.05198439955711365,-0.07000000029802322
62,50,-0.20515820384025574,0.07000000029802322
62,51,-0.6291152238845825,-0.33000001311302185
62,52,0.12351934611797333,0.25999999046325684
62,53,-0.6777395009994507,-0.1899999976158142
62,54,1.2401679754257202,0.7699999809265137
62,55,-0.3384833037853241,0.23900572955608368
62,56,-0.33848321437835693,0.3346080183982849
62,57,-0.3384832739830017,0.2629063129425049
62,58,-0.3384832441806793,-0.0
62,59,-0.33848321437835693,0.3824091851711273
62,60,-0.33848336338996887,0.43021032214164734
62,61,-0.3384832739830017,0.3100000023841858
62,62,-0.9862076044082642,-0.07170172035694122
62,63,-0.9862077236175537,-0.09560229629278183
62,64,-0.9862076640129089,-0.07170172035694122
62,65,-0.9862075448036194,-0.11950286477804184
62,66,-0.9862076044082642,0.14340344071388245
62,67,-0.9862076640129089,0.3107074499130249
63,0,-0.7337735891342163,1.2899999618530273
63,1,0.8644622564315796,1.3799999952316284
63,2,0.8311305046081543,0.6399999856948853
63,3,0.7740898132324219,1.4199999570846558
63,4,1.8405029773712158,1.7100000381469727
63,5,0.4338923990726471,1.309999942779541
63,6,-0.08521563559770584,0.6299999952316284
63,7,2.603429079055786,3.75
63,8,2.7176361083984375,3.059999942779541
63,9,0.8958799839019775,1.1399999856948853
63,10,0.4131913185119629,-1.8600000143051147
63,11,2.620727062225342,1.2999999523162842
63,12,2.1377036571502686,2.309999942779541
63,13,1.7472881078720093,0.8500000238418579
63,14,-0.6605209112167358,-0.7300000190734863
63,15,2.22841477394104,2.549999952316284
63,16,0.22066861391067505,1.6299999952316284
63,17,-0.1853870153427124,-0.30000001192092896
63,18,-0.18538737297058105,-2.4000000953674316
63,19,1.281510353088379,0.10000000149011612
63,20,1.2815101146697998,-1.7000000476837158
63,21,0.4140136241912842,-0.0949999988079071
63,22,0.4140136241912842,-4.010000228881836
63,23,-1.4476419687271118,-0.25
63,24,-1.4476419687271118,1.100000023841858
63,25,1.396414041519165,2.2713637351989746
63,26,0.7220721244812012,0.14189156889915466
63,27,1.3903894424438477,2.400956869125366
63,28,0.7703886032104492,1.443893313407898
64,0,-0.0018622279167175293,1.0526316165924072
64,1,-0.0018622279167175293,1.0499999523162842
64,2,-1.066308617591858,0.7894737124443054
64,3,-1.066308856010437,0.7900000214576721
64,4,-0.7225843071937561,1.7224880456924438
64,5,-0.7225844264030457,1.7200000286102295
64,6,-0.36611199378967285,0.19138756394386292
64,7,-0.36611229181289673,0.1899999976158142
64,8,0.26719796657562256,2.1291866302490234
64,9,0.26719793677330017,2.130000114440918
64,10,-0.8639950752258301,-0.0717703327536583
64,11,-0.8639949560165405,-0.07000000029802322
64,12,-0.3433014154434204,0.9330143332481384
64,13,-0.34330135583877563,0.9300000071525574
64,14,-0.5827211737632751,0.6459330320358276
64,15,-0.5827209949493408,0.6499999761581421
64,16,-0.5970150828361511,-2.6555023193359375
64,17,-0.5970151424407959,-2.6600000858306885
64,18,-0.3066276013851166,0.5980861186981201
64,19,-0.3066275715827942,0.6000000238418579
64,20,-0.09897899627685547,0.19138756394386292
64,21,-0.09897883236408234,0.1899999976158142
64,22,-0.31122690439224243,-1.3875597715377808
64,23,-0.31122690439224243,-1.3899999856948853
64,24,0.018931187689304352,-0.43062201142311096
64,25,0.018931113183498383,-0.4300000071525574
64,26,-0.07615325599908829,0.9569377899169922
64,27,-0.07615330070257187,0.9599999785423279
64,28,-0.18846406042575836,0.4066985547542572
64,29,-0.18846406042575836,0.4099999964237213
64,30,-8.90493392944336e-05,0.9330143332481384
64,31,-8.90195369720459e-05,0.9300000071525574
64,32,-0.04506117105484009,1.1483253240585327
64,33,-0.0450611412525177,1.149999976158142
64,34,-1.0032174587249756,0.23923444747924805
64,35,-1.0032176971435547,0.23999999463558197
64,36,0.4810068607330322,2.4401912689208984
64,37,0.4810066223144531,2.440000057220459
64,38,2.0816564559936523,0.5980861186981201
64,39,2.0816564559936523,0.6000000238418579
64,40,0.5455774068832397,1.1722488403320312
64,41,0.5455774068832397,1.1699999570846558
64,42,0.9414617419242859,2.3923444747924805
64,43,0.9414616823196411,2.390000104904175
64,44,1.5748112201690674,0.21531100571155548
65,0,0.7872443199157715,1.7999999523162842
65,1,3.221681594848633,1.2000000476837158
65,2,-0.33642077445983887,-1.399999976158142
65,3,3.273804187774658,2.5999999046325684
65,4,2.486938953399658,2.5999999046325684
65,5,1.6526732444763184,-0.699999988079071
65,6,1.7356503009796143,1.100000023841858
65,7,2.4721765518188477,0.699999988079071
65,8,-1.0532186031341553,-1.5
65,9,1.2171566486358643,-0.4000000059604645
65,10,1.2171565294265747,-1.2000000476837158
65,11,-0.883441150188446,-0.5
65,12,-2.3339266777038574,0.4000000059604645
65,13,-1.0062980651855469,-0.5
65,14,1.8028275966644287,2.299999952316284
65,15,0.5280341506004333,1.5
65,16,2.1428751945495605,0.30000001192092896
65,17,2.1428751945495605,0.5
65,18,-0.14838427305221558,1.2000000476837158
65,19,3.1768455505371094,3.799999952316284
65,20,2.4918010234832764,-1.2999999523162842
66,0,-1.335463047027588,0.33000001311302185
66,1,-0.8511432409286499,0.949999988079071
66,2,0.39783644676208496,1.850000023841858
67,0,0.06591904163360596,-1.4700000286102295
67,1,1.40825355052948,-0.47999998927116394
67,2,-0.7950084805488586,1.1399999856948853
67,3,0.928238034248352,2.7200000286102295
67,4,0.8448172807693481,0.8600000143051147
67,5,0.79057776927948,1.7200000286102295
67,6,1.8458350896835327,1.7200000286102295
67,7,0.7567254900932312,0.2800000011920929
67,8,0.07901804149150848,0.3499999940395355
67,9,2.670982599258423,2.7300000190734863
67,10,2.7046916484832764,3.2200000286102295
67,11,0.8739750981330872,1.75
67,12,0.7941914796829224,-3.549999952316284
67,13,0.762470006942749,-2.259999990463257
67,14,-1.3823446035385132,0.6399999856948853
67,15,2.6408982276916504,1.2999999523162842
67,16,2.192025661468506,1.2400000095367432
67,17,1.9908466339111328,0.8299999833106995
67,18,-0.6638882756233215,-0.8999999761581421
67,19,1.5121710300445557,1.9600000381469727
67,20,0.8052805662155151,0.3100000023841858
67,21,1.3992979526519775,2.109999895095825
67,22,2.475006103515625,2.009999990463257
67,23,0.9965300559997559,0.6800000071525574
67,24,0.20647847652435303,2.130000114440918
68,0,1.788421630859375,3.6700000762939453
68,1,4.207494735717773,3.9800000190734863
68,2,0.6554083824157715,2.559999942779541
68,3,4.552165508270264,3.6700000762939453
68,4,1.1256496906280518,2.430000066757202
68,5,4.176745414733887,3.819999933242798
68,6,2.4669747352600098,1.2200000286102295
68,7,-1.8671396970748901,0.0
68,8,3.6685993671417236,3.6700000762939453
68,9,-0.6897108554840088,2.8399999141693115
68,10,0.20623528957366943,3.259999990463257
68,11,-0.08858674764633179,0.3100000023841858
68,12,1.1486932039260864,2.4000000953674316
68,13,1.3673290014266968,2.7300000190734863
68,14,-1.9696376323699951,0.7599999904632568
68,15,5.230676174163818,3.819999933242798
68,16,0.0027244091033935547,2.680000066757202
69,0,2.345215082168579,1.7100000381469727
69,1,0.9498797655105591,1.1699999570846558
69,2,0.8667690753936768,0.4300000071525574
69,3,2.338876247406006,2.200000047683716
69,4,0.7380222082138062,-0.3700000047683716
69,5,1.5473288297653198,0.14000000059604645
69,6,1.4084217548370361,0.75
69,7,3.068117380142212,4.880000114440918
69,8,3.1018497943878174,3.009999990463257
69,9,0.5177030563354492,1.4900000095367432
70,0,3.223918914794922,2.799999952316284
70,1,0.7500243186950684,0.8399999737739563
70,2,0.7500240802764893,1.2000000476837158
70,3,1.2778584957122803,3.2300000190734863
70,4,1.2778584957122803,0.7599999904632568
70,5,2.508018970489502,2.009999990463257
70,6,2.508018970489502,0.2199999988079071
70,7,-0.09142524003982544,-0.75
70,8,3.223919153213501,3.5
70,9,-0.2577078342437744,1.5546153783798218
70,10,-0.2577073574066162,-0.20000000298023224
70,11,0.7500243186950684,2.0415384769439697
70,12,0.7500240802764893,0.800000011920929
71,0,1.8666526079177856,1.190000057220459
71,1,-0.28079184889793396,0.12999999523162842
71,2,-0.22516906261444092,0.0
71,3,-0.5218846797943115,-0.4099999964237213
71,4,-0.013227462768554688,0.8199999928474426
72,0,-2.476353883743286,-0.14000000059604645
73,0,-1.9072847366333008,-1.3200000524520874
73,1,4.052428245544434,0.41999998688697815
73,2,2.375640392303467,2.369999885559082
73,3,2.9613184928894043,0.9399999976158142
73,4,0.606162428855896,-0.5099999904632568
73,5,3.215737819671631,1.6799999475479126
73,6,3.2935848236083984,2.259999990463257
73,7,-1.4100992679595947,-0.019999999552965164
73,8,1.5812413692474365,1.25
73,9,-0.5890516042709351,-0.3100000023841858
73,10,-0.6920903921127319,0.07000000029802322
73,11,1.6825482845306396,0.8299999833106995
73,12,0.6835699081420898,0.8700000047683716
73,13,0.23743295669555664,0.38999998569488525
74,0,-0.43109413981437683,-0.8299999833106995
74,1,-0.8719652891159058,-0.33000001311302185
74,2,-0.9413776397705078,0.029999999329447746
74,3,3.656135320663452,4.119999885559082
74,4,4.106133937835693,4.199999809265137
74,5,1.3941185474395752,0.9300000071525574
74,6,0.9230358004570007,1.340000033378601
74,7,3.6199328899383545,3.240000009536743
74,8,4.006791591644287,3.950000047683716
74,9,3.1624021530151367,2.200000047683716
74,10,1.1461201906204224,1.7200000286102295
74,11,1.1321299076080322,1.0516252517700195
74,12,1.4148765802383423,1.190000057220459
74,13,-1.1058648824691772,0.3824091851711273
74,14,2.5980024337768555,2.930000066757202
74,15,3.649209976196289,3.5999999046325684
74,16,-1.232177495956421,0.12999999523162842
74,17,0.49570536613464355,1.0800000429153442
75,0,-0.30052804946899414,0.6600000262260437
75,1,0.7922004461288452,-0.46000000834465027
75,2,-0.4970977306365967,0.3700000047683716
75,3,2.618961811065674,0.7099999785423279
75,4,-2.352374315261841,0.15000000596046448
76,0,0.9784883856773376,0.14000000059604645
76,1,-0.7307707667350769,0.6700000166893005
76,2,-0.18727654218673706,-0.8899999856948853
76,3,1.2124603986740112,1.4299999475479126
76,4,1.5055456161499023,1.8200000524520874
76,5,-1.1532424688339233,-0.33000001311302185
76,6,0.3009145259857178,0.25999999046325684
76,7,-0.6985869407653809,0.8100000023841858
76,8,-0.25391054153442383,-0.07000000029802322
77,0,-1.2939448356628418,-1.7200000286102295
77,1,-0.46664971113204956,-1.8200000524520874
77,2,-1.0779062509536743,-0.46000000834465027
77,3,-0.8864900469779968,-1.7699999809265137
77,4,0.09426495432853699,1.25
77,5,2.8419077396392822,4.041531085968018
77,6,1.578432321548462,2.1295933723449707
77,7,3.114464282989502,4.422918796539307
77,8,2.4203994274139404,3.9706459045410156
77,9,2.578390121459961,2.91933012008667
77,10,2.7811193466186523,5.2615790367126465
77,11,2.82192063331604,2.608827829360962
77,12,2.4456567764282227,4.542727470397949
77,13,2.6840291023254395,2.8704066276550293
78,0,0.1852889060974121,-0.7599999904632568
78,1,-0.6851133108139038,-0.36000001430511475
79,0,1.4406778812408447,-3.200000047683716
79,1,-1.5641307830810547,0.699999988079071
79,2,1.8350491523742676,2.299999952316284
79,3,1.6558420658111572,-2.9000000953674316
80,0,1.4272148609161377,-0.1599999964237213
80,1,3.994503974914551,4.889999866485596
80,2,0.12136507034301758,-0.3700000047683716
80,3,0.4772500991821289,1.149999976158142
80,4,-0.07243877649307251,0.7599999904632568
80,5,1.6128461360931396,1.1200000047683716
80,6,2.3906168937683105,3.9700000286102295
80,7,3.9618592262268066,1.840000033378601
80,8,3.833649158477783,1.1799999475479126
80,9,-0.38308167457580566,1.1100000143051147
80,10,0.8097567558288574,-0.029999999329447746
80,11,0.11735951900482178,-0.5099999904632568
80,12,3.3669815063476562,3.7300000190734863
80,13,-0.5621861815452576,0.05999999865889549
80,14,0.20292192697525024,-0.9900000095367432
80,15,1.2338143587112427,-1.8300000429153442
80,16,1.0886030197143555,2.299999952316284
80,17,0.9972729682922363,1.5700000524520874
80,18,0.21277958154678345,0.47999998927116394
80,19,1.4838035106658936,2.2200000286102295
80,20,2.834923505783081,4.199999809265137
80,21,2.8929975032806396,2.4000000953674316
81,0,-1.0207862854003906,0.4000000059604645
81,1,-0.06566786766052246,0.30000001192092896
81,2,-1.1543034315109253,0.10000000149011612
81,3,-0.9387437105178833,0.10000000149011612
81,4,-0.5174328088760376,0.20000000298023224
81,5,-0.15802860260009766,0.30000001192092896
81,6,-0.1401221752166748,0.30000001192092896
81,7,-0.1446281373500824,0.20000000298023224
81,8,0.1994137167930603,0.20000000298023224
81,9,-1.1406993865966797,0.30000001192092896
81,10,-1.0694255828857422,0.30000001192092896
81,11,-1.8437504768371582,-0.30000001192092896
81,12,-1.034348726272583,-0.30000001192092896
81,13,-0.5641820430755615,0.10000000149011612
81,14,-0.2995586395263672,0.5
81,15,-1.171036958694458,0.4000000059604645
81,16,-0.95121830701828,0.20000000298023224
81,17,-0.9476742744445801,0.20000000298023224
82,0,-4.430335521697998,-1.959847092628479
82,1,-2.0969910621643066,-1.2428297996520996
82,2,-4.192625999450684,-1.6013383865356445
82,3,1.081421136856079,-1.4101338386535645
82,4,1.765114665031433,-1.4101338386535645
82,5,0.7558580040931702,-1.1472275257110596
83,0,2.9570372104644775,1.7925430536270142
83,1,1.4408471584320068,0.7648183703422546
83,2,-0.07136750221252441,-0.3346080183982849
83,3,-0.1561695635318756,-0.023900574073195457
83,4,0.016764983534812927,-0.5975143313407898
83,5,-1.1147255897521973,-0.3107074499130249
83,6,0.46478790044784546,0.7648183703422546
83,7,1.2271106243133545,1.3145315647125244
83,8,0.3027958273887634,-1.0516252517700195
83,9,1.2203606367111206,1.8403441905975342
83,10,-0.2189418226480484,-1.3025813102722168
84,0,2.7626349925994873,1.8799999952316284
84,1,2.5171008110046387,2.5
84,2,2.714162826538086,3.109999895095825
84,3,4.057063102722168,3.630000114440918
84,4,3.7835402488708496,2.5199999809265137
84,5,4.2147321701049805,5.539999961853027
84,6,1.3292509317398071,2.7799999713897705
84,7,1.6391048431396484,5.260000228881836
84,8,-0.13906517624855042,1.0
84,9,-1.7325055599212646,-0.10000000149011612
84,10,0.977601170539856,1.4199999570846558
84,11,-2.270960807800293,-1.4900000095367432
84,12,2.7031822204589844,1.7699999809265137
84,13,3.589252471923828,4.190000057220459
84,14,1.5135295391082764,1.5800000429153442
84,15,3.439375400543213,4.070000171661377
84,16,3.2866010665893555,1.659999966621399
84,17,2.689784049987793,1.440000057220459
84,18,0.8660316467285156,1.7699999809265137
84,19,3.3966479301452637,5.96999979019165
84,20,0.018888235092163086,1.5199999809265137
84,21,2.7985024452209473,4.380000114440918
85,0,1.0241955518722534,-0.7450000047683716
85,1,0.4198017120361328,-0.46000000834465027
85,2,0.4198017120361328,-0.3799999952316284
85,3,-0.2906631529331207,0.10000000149011612
85,4,-0.5033868551254272,-0.8700000047683716
85,5,1.365915060043335,-0.35499998927116394
85,6,-0.6572818756103516,-0.23000000417232513
85,7,1.1615283489227295,0.3100000023841858
85,8,0.9946556091308594,-0.23899999260902405
86,0,0.1427224725484848,1.309999942779541
86,1,3.0394396781921387,1.1399999856948853
86,2,0.9853732585906982,0.6299999952316284
86,3,5.2361836433410645,1.7100000381469727
86,4,0.09626653790473938,1.6299999952316284
86,5,1.8412318229675293,1.4199999570846558
87,0,1.282087802886963,1.0499999523162842
87,1,2.9043285846710205,2.0299999713897705
88,0,0.2435663938522339,0.0
89,0,0.5674762725830078,2.049999952316284
89,1,0.5674762725830078,0.699999988079071
89,2,0.5674762725830078,1.0
90,0,3.3632545471191406,0.6459330320358276
90,1,2.801051378250122,-0.6200000047683716
90,2,0.02432084083557129,-0.5023923516273499
90,3,-0.007020145654678345,-0.8100000023841858
91,0,3.3529813289642334,1.2000000476837158
91,1,3.1905922889709473,1.899999976158142
91,2,3.3161916732788086,2.200000047683716
91,3,2.1508419513702393,2.700000047683716
91,4,-0.5170076489448547,1.0
91,5,-1.3556033372879028,4.300000190734863
91,6,4.227737903594971,2.700000047683716
91,7,2.19490647315979,0.4000000059604645
91,8,3.422895908355713,3.4000000953674316
91,9,2.3724958896636963,2.5
91,10,1.2134661674499512,1.600000023841858
91,11,0.7923096418380737,0.4000000059604645
91,12,2.4238204956054688,2.299999952316284
91,13,0.7769702672958374,2.200000047683716
91,14,1.9393129348754883,3.0999999046325684
91,15,2.431346893310547,1.600000023841858
91,16,0.8327865600585938,0.4000000059604645
91,17,2.539949893951416,1.2000000476837158
91,18,0.4218590259552002,0.800000011920929
91,19,2.1056370735168457,3.200000047683716
91,20,3.374746799468994,2.200000047683716
91,21,3.4943554401397705,2.9000000953674316
91,22,1.1831469535827637,2.0
91,23,2.8330631256103516,3.299999952316284
91,24,0.7340147495269775,1.0
91,25,3.2324416637420654,2.299999952316284
91,26,3.2205605506896973,3.700000047683716
91,27,1.5991063117980957,2.5999999046325684
91,28,2.3207387924194336,4.099999904632568
91,29,1.7406469583511353,2.9000000953674316
91,30,1.0188872814178467,1.899999976158142
91,31,1.156236171722412,-0.20000000298023224
91,32,-0.24897074699401855,0.10000000149011612
91,33,0.5620825290679932,1.600000023841858
91,34,0.6850005388259888,1.600000023841858
91,35,-0.9264269471168518,0.5
91,36,1.3491568565368652,1.0
91,37,0.20773905515670776,0.699999988079071
91,38,1.293222188949585,3.200000047683716
91,39,0.20352637767791748,2.799999952316284
91,40,1.1280537843704224,1.5
91,41,0.45670878887176514,0.30000001192092896
91,42,1.9116294384002686,2.299999952316284
92,0,-2.127335548400879,0.699999988079071
92,1,-1.4438780546188354,0.6000000238418579
93,0,-1.7750828266143799,0.20000000298023224
94,0,-0.574853777885437,-0.30000001192092896
94,1,-0.46056273579597473,1.100000023841858
94,2,-0.7417401075363159,-0.8999999761581421
94,3,-0.006488829851150513,-0.8999999761581421
94,4,-0.0064886510372161865,0.8999999761581421
94,5,2.179246187210083,6.199999809265137
94,6,-1.4273580312728882,0.30000001192092896
94,7,-1.4273581504821777,-2.4800000190734863
94,8,-1.4273581504821777,-2.799999952316284
94,9,-1.4273581504821777,-3.299999952316284
94,10,-0.9135986566543579,0.4000000059604645
94,11,-3.1362557411193848,0.30000001192092896
94,12,-3.1362555027008057,-2.7300000190734863
94,13,-3.1362552642822266,-3.0
94,14,-3.1362557411193848,-3.700000047683716
94,15,-2.000568389892578,-1.7000000476837158
94,16,-3.2202792167663574,-2.8499999046325684
94,17,-2.0309629440307617,-2.3499999046325684
94,18,-2.6281628608703613,-2.6500000953674316
94,19,-0.9678397178649902,1.2000000476837158
94,20,-0.9678395986557007,-1.4600000381469727
94,21,-0.9678395986557007,-1.7999999523162842
94,22,-0.9678398370742798,-2.299999952316284
94,23,-2.505845069885254,-2.700000047683716
94,24,-3.439237594604492,-2.25
94,25,-3.278897285461426,-2.9000000953674316
94,26,-0.45021429657936096,-1.5
94,27,-0.450214147567749,1.1100000143051147
94,28,-0.450214147567749,1.2000000476837158
94,29,-0.4502142071723938,0.699999988079071
94,30,1.5743271112442017,-2.299999952316284
94,31,1.5743271112442017,1.9600000381469727
94,32,1.574326992034912,1.7000000476837158
94,33,-0.3266892731189728,0.10000000149011612
94,34,-0.3266892433166504,-0.8399999737739563
94,35,-0.326689213514328,-1.100000023841858
94,36,-0.3266892433166504,1.100000023841858
94,37,-0.3266892433166504,-0.8999999761581421
94,38,1.1266131401062012,-0.0
94,39,1.1266130208969116,0.0
94,40,1.1266131401062012,-0.0
94,41,1.6993587017059326,3.4000000953674316
94,42,0.3265422582626343,1.4800000190734863
94,43,0.054750602692365646,-0.0
94,44,0.5017578601837158,0.9399999976158142
94,45,0.43007802963256836,0.12999999523162842
94,46,0.5614988803863525,1.0
94,47,1.6460373401641846,3.0799999237060547
94,48,2.0614407062530518,3.6500000953674316
94,49,2.0926260948181152,3.4000000953674316
94,50,0.382953941822052,0.4099999964237213
94,51,1.404298186302185,1.340000033378601
94,52,1.2843782901763916,0.8399999737739563
94,53,-1.468003749847412,-0.0
94,54,1.9961955547332764,2.200000047683716
94,55,0.365187406539917,1.5
94,56,1.3523613214492798,2.299999952316284
94,57,-0.3900655210018158,0.4000000059604645
94,58,-0.3900652825832367,-0.7400000095367432
94,59,-0.3900653123855591,-1.0
94,60,-0.2842181921005249,-0.20000000298023224
94,61,-0.2842181324958801,-0.5600000023841858
94,62,-0.2842181324958801,-0.30000001192092896
94,63,-0.2842180132865906,-1.100000023841858
94,64,-0.2720135450363159,0.4000000059604645
94,65,0.10772883892059326,-1.2999999523162842
94,66,0.10772894322872162,1.1299999952316284
94,67,0.10772882401943207,1.0
94,68,-0.7670725584030151,0.20000000298023224
94,69,-0.13896438479423523,-0.4000000059604645
94,70,-0.6226383447647095,0.30000001192092896
94,71,-0.2920588254928589,-0.10000000149011612
94,72,-0.4181756377220154,-0.5
94,73,-1.4077918529510498,-0.20000000298023224
94,74,-0.314560204744339,1.2999999523162842
94,75,-0.24484795331954956,-0.30000001192092896
94,76,-1.891944169998169,1.399999976158142
94,77,1.520881175994873,1.899999976158142
94,78,-0.3503996729850769,1.7000000476837158
94,79,-0.7940083742141724,0.0
94,80,-0.4149812161922455,0.0
94,81,-0.759148120880127,0.20000000298023224
94,82,1.7733352184295654,1.7000000476837158
94,83,-0.7316311597824097,0.6000000238418579
94,84,0.3759274184703827,0.8999999761581421
94,85,0.3237902820110321,1.2999999523162842
94,86,0.30645275115966797,0.5
94,87,1.2567270994186401,4.400000095367432
94,88,0.3095473051071167,-0.4000000059604645
94,89,0.15071168541908264,0.20000000298023224
94,90,0.3993135690689087,2.299999952316284
94,91,0.8944778442382812,3.5999999046325684
94,92,0.632638692855835,0.6000000238418579
94,93,1.0262471437454224,1.5
94,94,0.7108094692230225,1.2000000476837158
94,95,0.12417322397232056,0.30000001192092896
94,96,-0.27201348543167114,-0.30000001192092896
95,0,0.8258678317070007,1.2200000286102295
95,1,3.038893699645996,2.990000009536743
95,2,-2.9291341304779053,-0.6600000262260437
95,3,-2.0946261882781982,-0.8700000047683716
95,4,-1.226622223854065,-0.7900000214576721
95,5,-1.7704081535339355,-0.6800000071525574
95,6,3.2522528171539307,2.25
95,7,-0.7893692255020142,-0.4300000071525574
95,8,1.4425044059753418,1.600000023841858
95,9,1.4425044059753418,1.600000023841858
95,10,0.2664299011230469,-1.3200000524520874
95,11,-0.04578395187854767,0.019999999552965164
95,12,1.8061325550079346,2.25
95,13,-0.04709172248840332,-2.5
95,14,1.820812702178955,2.0999999046325684
95,15,1.8208130598068237,2.0
95,16,-0.9603047370910645,-0.6000000238418579
95,17,-0.9603047370910645,-1.0
96,0,1.9984153509140015,2.700000047683716
96,1,0.21776162087917328,2.799999952316284
97,0,0.9723542928695679,2.0999999046325684
97,1,0.6749866604804993,2.700000047683716
98,0,0.4314655065536499,0.5099999904632568
98,1,-0.18972444534301758,0.550000011920929
98,2,-0.6617336273193359,1.3300000429153442
98,3,-0.1591607630252838,2.2899999618530273
98,4,1.3657461404800415,0.5699999928474426
98,5,1.1293429136276245,-0.6299999952316284
98,6,-0.665570855140686,-1.0399999618530273
98,7,0.45321136713027954,2.4100000858306885
98,8,-1.1509785652160645,1.600000023841858
98,9,0.892589271068573,0.8999999761581421
98,10,1.0199872255325317,1.2599999904632568
98,11,-0.8911067247390747,-0.38999998569488525
98,12,-0.4636040925979614,-0.12999999523162842
98,13,-0.8079290986061096,-0.7300000190734863
98,14,-0.7355018854141235,-1.6699999570846558
98,15,0.718951940536499,-2.190000057220459
98,16,2.182349681854248,2.0899999141693115
98,17,0.8045727014541626,1.5
98,18,0.28773343563079834,1.7000000476837158
98,19,1.9917209148406982,1.600000023841858
99,0,1.926628589630127,0.10000000149011612
99,1,1.949710726737976,0.33000001311302185
99,2,-1.4109151363372803,-0.10000000149011612
99,3,1.8446671962738037,-0.8100000023841858
99,4,2.256612777709961,-0.019999999552965164
99,5,2.323390007019043,1.0
99,6,1.934575080871582,0.019999999552965164
99,7,-0.15486150979995728,4.599999904632568
99,8,-0.4328954219818115,0.15000000596046448
99,9,1.1329565048217773,0.17000000178813934
99,10,1.4426095485687256,0.5263158082962036
99,11,1.4426099061965942,1.2799999713897705
99,12,1.4426097869873047,1.6985646486282349
99,13,0.652721643447876,-0.0
99,14,0.6527214050292969,0.6499999761581421
99,15,0.652721643447876,1.0047847032546997
99,16,0.7342663407325745,3.7300000190734863
99,17,0.13920879364013672,1.3899999856948853
99,18,-0.1480191946029663,0.4000000059604645
99,19,-1.8249553442001343,0.5299999713897705
99,20,0.5051130652427673,0.9399999976158142
99,21,1.8043166399002075,0.6200000047683716
99,22,0.592901885509491,0.550000011920929
99,23,0.4715791642665863,-0.14000000059604645
99,24,2.1138904094696045,1.3899999856948853
99,25,1.4754353761672974,1.7699999809265137
99,26,2.2723405361175537,1.7899999618530273
99,27,1.7542097568511963,0.28999999165534973
99,28,1.7009278535842896,0.4000000059604645
99,29,-1.3230481147766113,-0.44999998807907104
99,30,2.0318925380706787,0.11999999731779099
99,31,2.2151284217834473,0.36000001430511475
99,32,0.513433039188385,0.14000000059604645
99,33,-1.4891490936279297,0.20999999344348907
99,34,1.4857189655303955,0.9300000071525574
99,35,0.6375417709350586,0.9800000190734863
99,36,0.6375418305397034,0.7200000286102295
99,37,2.6893115043640137,2.5399999618530273
99,38,0.5866081714630127,0.4099999964237213
99,39,0.5866081714630127,0.36000001430511475
99,40,3.264200448989868,3.7100000381469727
99,41,1.599649429321289,4.090000152587891
99,42,-0.4263286590576172,0.10000000149011612
99,43,0.7829302549362183,1.7699999809265137
99,44,2.860501289367676,4.309999942779541
99,45,1.2768186330795288,1.340000033378601
99,46,1.276819109916687,1.2000000476837158
99,47,3.849992275238037,1.3157894611358643
99,48,3.849992036819458,1.7200000286102295
99,49,2.028594970703125,0.8100000023841858
99,50,4.834432601928711,3.8299999237060547
99,51,0.06496119499206543,0.0
99,52,1.20460844039917,1.2899999618530273
99,53,4.04787015914917,3.5899999141693115
99,54,3.068554401397705,2.2200000286102295
99,55,1.2348257303237915,0.9300000071525574
99,56,1.234825611114502,1.100000023841858
99,57,2.7292096614837646,3.7799999713897705
99,58,2.4413347244262695,2.700000047683716
99,59,0.7084448337554932,0.3499999940395355
99,60,0.7084449529647827,0.47999998927116394
99,61,-1.353554129600525,0.6000000238418579
99,62,-1.6970899105072021,0.11999999731779099
99,63,3.632354736328125,3.7300000190734863
99,64,0.7388086318969727,-0.1899999976158142
99,65,-1.1425178050994873,-0.05000000074505806
99,66,1.295287013053894,0.10000000149011612
99,67,0.4149485230445862,1.600000023841858
99,68,-0.025927703827619553,-0.9100000262260437
99,69,0.19538992643356323,-1.909999966621399
99,70,-1.0143121480941772,-1.3200000524520874
99,71,-1.1969480514526367,-1.149999976158142
99,72,-0.2828720211982727,-0.4300000071525574
99,73,-1.8796319961547852,-0.3199999928474426
99,74,1.3865734338760376,0.5258126258850098
99,75,0.4669930934906006,1.1233270168304443
99,76,1.3912465572357178,0.23900572955608368
99,77,-0.4207775592803955,1.3623327016830444
99,78,-0.27234625816345215,-0.47801145911216736
99,79,-0.48282796144485474,-0.3824091851711273
99,80,-0.6027858257293701,-0.3821539878845215
99,81,-1.7370760440826416,-0.31049999594688416
99,82,2.766279697418213,1.504729986190796
99,83,1.7314190864562988,1.3375380039215088
99,84,2.400516986846924,0.35826900601387024
99,85,-0.834326982498169,-0.9553840160369873
99,86,2.806051015853882,0.9076150059700012
99,87,0.8731777667999268,0.8598459959030151
99,88,1.5255309343338013,1.4808449745178223
99,89,-0.11515933275222778,0.6926530003547668
99,90,0.7895755767822266,0.5699999928474426
99,91,0.7895756363868713,0.25999999046325684
99,92,-1.791582465171814,1.649999976158142
99,93,0.5878983736038208,0.28999999165534973
99,94,0.5489006638526917,-0.07000000029802322
99,95,0.5489006042480469,-0.5299999713897705
99,96,0.1982574760913849,-0.17000000178813934
99,97,-0.39883261919021606,0.05000000074505806
99,98,0.8404326438903809,-0.47999998927116394
99,99,-0.3003585934638977,-0.8600000143051147
99,100,-0.30724063515663147,-0.07000000029802322
99,101,-0.17034181952476501,-0.5299999713897705
99,102,0.2275528609752655,-0.07000000029802322
99,103,0.9156854748725891,-0.5
99,104,0.5049065351486206,-0.8899999856948853
99,105,-0.5766366720199585,0.14000000059604645
99,106,0.985640287399292,1.75
99,107,0.9856404066085815,1.440000057220459
99,108,2.2528269290924072,1.600000023841858
99,109,2.252826452255249,1.3200000524520874
99,110,0.013146013021469116,1.1200000047683716
99,111,0.013145983219146729,0.8399999737739563
99,112,1.380932092666626,1.5099999904632568
99,113,1.3809319734573364,1.5099999904632568
99,114,0.9836380481719971,1.440000057220459
99,115,-1.0442291498184204,0.8600000143051147
99,116,-1.0442290306091309,0.8612440228462219
99,117,1.6456836462020874,2.299999952316284
99,118,-0.61763596534729,-1.100000023841858
99,119,-0.5596785545349121,0.05000000074505806
99,120,-0.15881338715553284,0.3100000023841858
99,121,-0.15881353616714478,0.31100478768348694
99,122,0.9134796857833862,1.340000033378601
99,123,1.331160545349121,0.3799999952316284
99,124,1.1271793842315674,1.409999966621399
99,125,-0.9322603344917297,0.36000001430511475
99,126,1.4714369773864746,0.4300000071525574
99,127,1.471436858177185,0.36000001430511475
99,128,1.6343492269515991,0.4300000071525574
99,129,-0.054457247257232666,0.28999999165534973
99,130,2.0758373737335205,0.2199999988079071
99,131,2.0758376121520996,0.21531100571155548
99,132,-0.4932989478111267,-0.44999998807907104
99,133,-0.26673978567123413,-0.1899999976158142
99,134,0.14783793687820435,-0.6499999761581421
99,135,1.2926806211471558,0.33000001311302185
99,136,0.8814384341239929,0.07000000029802322
99,137,1.3521517515182495,0.3799999952316284
99,138,0.18397611379623413,0.23999999463558197
99,139,2.2065610885620117,1.0
99,140,2.2065606117248535,0.7400000095367432
99,141,2.453584909439087,0.6700000166893005
99,142,3.203716278076172,0.8899999856948853
99,143,3.2037158012390137,0.9800000190734863
99,144,2.432081460952759,0.5
99,145,0.6011505126953125,0.36000001430511475
99,146,0.2753153443336487,0.5
99,147,3.3765013217926025,2.490000009536743
99,148,0.5852971076965332,0.1899999976158142
99,149,3.816899299621582,2.319999933242798
99,150,0.10360872745513916,-0.07000000029802322
99,151,0.6092326641082764,0.9599999785423279
99,152,0.2644784450531006,0.23999999463558197
99,153,-1.4109152555465698,-1.100000023841858
99,154,-0.43289533257484436,-0.15550239384174347
99,155,-0.4328954219818115,0.29904305934906006
99,156,1.132956624031067,-0.1435406655073166
99,157,1.1329562664031982,0.31100478768348694
99,158,0.13920891284942627,0.2511961758136749
99,159,0.13920891284942627,1.9736841917037964
99,160,-0.1480194330215454,0.800000011920929
99,161,0.5051131248474121,0.16746412217617035
99,162,0.5051130056381226,1.3636363744735718
99,163,1.7009278535842896,0.26294445991516113
99,164,1.700927734375,0.860621988773346
99,165,-1.4891490936279297,0.11952011287212372
99,166,-1.4891490936279297,0.5281578898429871
99,167,2.860501289367676,3.634999990463257
99,168,2.860501766204834,6.672320365905762
99,169,1.2952868938446045,-0.0
99,170,0.41494864225387573,1.2000000476837158
99,171,0.19538983702659607,-1.864513874053955
99,172,0.19538991153240204,-2.0587081909179688
99,173,-1.8796322345733643,-0.26294445991516113
99,174,-1.8796319961547852,-0.5281578898429871
99,175,0.9156855940818787,-2.4000000953674316
100,0,0.9843538999557495,1.504699945449829
101,0,2.5159103870391846,2.319999933242798
101,1,2.5159106254577637,2.319999933242798
101,2,-1.1283326148986816,-0.6899999976158142
101,3,-1.1283328533172607,-0.6899999976158142
101,4,-1.037635326385498,-2.0799999237060547
101,5,-1.037635087966919,-2.4401912689208984
101,6,-1.037635087966919,-2.440000057220459
101,7,-1.037635326385498,-0.4780382812023163
102,0,-0.09671425819396973,0.6000000238418579
102,1,0.320462167263031,-0.5
102,2,0.36651021242141724,2.5999999046325684
102,3,0.8265892267227173,2.0999999046325684
102,4,0.7237628698348999,0.699999988079071
102,5,1.1586545705795288,1.5
102,6,0.8786783218383789,1.0
102,7,0.2293795347213745,0.0
103,0,1.91464364528656,1.0
103,1,4.2230706214904785,1.5399999618530273
103,2,2.626755714416504,0.3100000023841858
103,3,3.9219279289245605,1.159999966621399
103,4,2.2056424617767334,0.6600000262260437
103,5,5.074954509735107,1.0299999713897705
103,6,1.771560549736023,0.20000000298023224
103,7,0.3047643303871155,-0.699999988079071
103,8,-0.4661588668823242,-0.15000000596046448
104,0,0.76127028465271,-0.30000001192092896
104,1,0.01579892635345459,0.20000000298023224
104,2,-0.892542839050293,0.09000000357627869
104,3,1.5704567432403564,0.8899999856948853
104,4,0.506838858127594,0.800000011920929
104,5,1.035730242729187,0.7400000095367432
105,0,0.715739905834198,2.700000047683716
105,1,0.7157398462295532,2.950000047683716
105,2,0.4925476312637329,-2.7899999618530273
105,3,0.49254748225212097,-1.0399999618530273
105,4,0.6323814392089844,-12.699999809265137
105,5,0.6323813199996948,-4.75
106,0,-0.17427146434783936,-0.20000000298023224
106,1,0.19106975197792053,-0.10000000149011612
106,2,0.07123159617185593,-0.10000000149011612
106,3,3.0427603721618652,0.6000000238418579
106,4,1.2117003202438354,3.700000047683716
106,5,3.69913387298584,0.800000011920929
107,0,-1.997086524963379,-0.30000001192092896
107,1,0.9055941104888916,-0.699999988079071
107,2,-0.339082270860672,1.100000023841858
107,3,0.5423901677131653,1.0
107,4,1.6583466529846191,1.7999999523162842
107,5,2.693013906478882,1.2999999523162842
107,6,0.6913344860076904,-1.0
107,7,0.4745907783508301,0.8999999761581421
107,8,0.9010568857192993,1.600000023841858
107,9,0.6888922452926636,0.800000011920929
107,10,1.9799336194992065,-0.20000000298023224
107,11,-1.511049509048462,-2.0999999046325684
107,12,0.04722882807254791,-0.4000000059604645
107,13,-1.1210801601409912,-1.75
107,14,-0.0814511775970459,-0.6000000238418579
107,15,-0.40366196632385254,-0.550000011920929
108,0,3.722177267074585,-1.0
108,1,1.4099584817886353,1.190000057220459
108,2,0.4231055676937103,0.4779999852180481
109,0,0.591913104057312,5.599999904632568
109,1,1.701420545578003,10.800000190734863
110,0,1.4930058717727661,1.7200000286102295
110,1,1.165885090827942,3.0999999046325684
110,2,-0.4317445755004883,1.7899999618530273
110,3,4.748618125915527,-11.899999618530273
110,4,0.5550000667572021,-0.20000000298023224
110,5,4.617963790893555,-13.699999809265137
110,6,-0.20839786529541016,1.2200000286102295
110,7,4.051971435546875,4.53000020980835
111,0,-0.4387931823730469,-1.100000023841858
111,1,0.15975403785705566,-0.20000000298023224
111,2,1.4739255905151367,3.200000047683716
111,3,2.1016557216644287,-0.20000000298023224
111,4,1.080246090888977,-0.30000001192092896
111,5,1.552663803100586,0.6000000238418579
111,6,0.332159161567688,0.699999988079071
111,7,1.9304064512252808,1.2999999523162842
111,8,0.23717635869979858,0.0
111,9,0.43255415558815,2.299999952316284
111,10,2.640214204788208,5.099999904632568
111,11,0.256466269493103,0.0
111,12,-0.11397755146026611,2.5999999046325684
111,13,2.298434019088745,2.9000000953674316
112,0,0.21629521250724792,5.0
112,1,0.6678534746170044,5.309999942779541
112,2,0.04412555694580078,4.670000076293945
112,3,-1.2260656356811523,2.4162678718566895
112,4,-1.2260658740997314,2.6555023193359375
112,5,-1.226065993309021,2.759999990463257
112,6,-1.2260662317276,2.2248804569244385
112,7,-1.226065993309021,2.3923444747924805
112,8,-1.2260658740997314,2.404306173324585
112,9,-1.2260658740997314,2.834928274154663
112,10,-1.2260661125183105,2.82436466217041
113,0,-1.9586316347122192,-0.6692160367965698
113,1,-0.5360684394836426,-0.7170172333717346
114,0,-1.2844974994659424,-0.0717703327536583
114,1,-1.796734094619751,-0.9090909361839294
114,2,0.5154767632484436,0.21531100571155548
114,3,-0.843392550945282,-0.7177033424377441
114,4,-0.0621645450592041,-1.3875597715377808
114,5,-0.7999647259712219,3.923444986343384
114,6,-1.1023485660552979,-1.6507177352905273
114,7,-1.6806657314300537,2.1531100273132324
114,8,-1.5551636219024658,-1.3636363744735718
114,9,-0.5675371885299683,1.1244019269943237
114,10,2.163886070251465,2.1291866302490234
114,11,-1.1664674282073975,1.4593302011489868
114,12,-0.7865757346153259,-0.11961722373962402
114,13,-0.7017788887023926,-1.5071769952774048
114,14,-0.7562092542648315,-0.8612440228462219
114,15,-0.6809262037277222,-1.3157894611358643
114,16,-0.7005563974380493,-0.4066985547542572
114,17,0.5154768228530884,1.002392292022705
114,18,-1.555163860321045,-0.9584689140319824
114,19,-0.7865759134292603,0.599043071269989
115,0,-1.9582183361053467,-0.9100000262260437
115,1,0.7378656268119812,-1.3899999856948853
115,2,-0.22338956594467163,3.9200000762939453
115,3,-2.396444320678711,-1.649999976158142
115,4,-0.29241377115249634,2.1500000953674316
115,5,1.405696153640747,2.130000114440918
115,6,-0.31735366582870483,1.4600000381469727
115,7,-0.640867292881012,-1.5099999904632568
115,8,-1.2402355670928955,-1.3200000524520874
115,9,0.7377007603645325,0.14000000059604645
115,10,3.693408966064453,2.819999933242798
115,11,4.91876220703125,3.4000000953674316
115,12,4.617605686187744,3.299999952316284
115,13,4.111932277679443,2.9200000762939453
115,14,-1.372469186782837,0.25999999046325684
115,15,1.7326058149337769,2.559999942779541
115,16,0.6658773422241211,1.2699999809265137
115,17,-0.19842597842216492,0.4300000071525574
115,18,-1.492098093032837,0.05000000074505806
115,19,1.9768601655960083,1.6299999952316284
115,20,3.089919090270996,4.900000095367432
115,21,1.6259979009628296,1.8899999856948853
115,22,2.530357599258423,3.009999990463257
115,23,4.728963851928711,5.380000114440918
115,24,2.841972589492798,3.7300000190734863
116,0,0.3104063868522644,-1.7899999618530273
116,1,1.6153984069824219,1.0800000429153442
116,2,0.16126015782356262,2.1500000953674316
117,0,4.382879734039307,1.940000057220459
117,1,3.6120924949645996,0.8999999761581421
117,2,2.4245426654815674,2.2799999713897705
117,3,2.250261068344116,2.390000104904175
117,4,2.250260829925537,1.4299999475479126
117,5,2.250260829925537,1.649999976158142
117,6,3.4380807876586914,2.240000009536743
117,7,3.4380805492401123,0.5799999833106995
117,8,2.557572841644287,2.2200000286102295
117,9,2.557572603225708,1.7300000190734863
117,10,3.6118006706237793,2.109999895095825
117,11,3.6118016242980957,1.1100000143051147
117,12,2.954379081726074,2.380000114440918
117,13,2.954379081726074,1.909999966621399
117,14,2.5591330528259277,1.600000023841858
117,15,2.5591330528259277,1.8600000143051147
117,16,3.7146358489990234,3.2799999713897705
117,17,3.7146358489990234,1.7699999809265137
117,18,2.9688031673431396,4.369999885559082
117,19,2.968803882598877,2.0299999713897705
117,20,3.200538396835327,0.15000000596046448
117,21,3.2005386352539062,1.4299999475479126
117,22,3.408052444458008,1.7799999713897705
117,23,3.408052682876587,2.8499999046325684
117,24,1.5403945446014404,0.5099999904632568
117,25,1.540394902229309,3.4800000190734863
117,26,2.2701354026794434,1.3300000429153442
117,27,2.2701354026794434,-0.11999999731779099
117,28,1.6615698337554932,1.1799999475479126
117,29,1.6615697145462036,1.4700000286102295
117,30,2.667914867401123,2.2799999713897705
117,31,2.667914628982544,0.20000000298023224
117,32,2.4957098960876465,0.7900000214576721
117,33,2.4957094192504883,-0.3199999928474426
117,34,1.3628090620040894,0.33000001311302185
117,35,1.3628089427947998,-0.3799999952316284
117,36,1.1367617845535278,-0.25999999046325684
117,37,1.1367623805999756,-0.3799999952316284
117,38,1.9052114486694336,1.159999966621399
117,39,1.9052116870880127,0.4399999976158142
117,40,1.5764727592468262,0.4699999988079071
117,41,1.576472520828247,-0.03999999910593033
117,42,0.9637531638145447,-0.2800000011920929
117,43,0.9637537002563477,-0.5899999737739563
117,44,0.8466394543647766,-0.019999999552965164
117,45,0.84663987159729,0.8299999833106995
117,46,1.0528301000595093,0.10999999940395355
117,47,1.0528305768966675,0.20000000298023224
117,48,0.7584628462791443,-0.30000001192092896
117,49,0.7584630250930786,-0.5600000023841858
117,50,1.9945485591888428,0.4699999988079071
117,51,1.9945487976074219,-0.47999998927116394
117,52,0.7709699273109436,0.30000001192092896
117,53,0.7709702253341675,0.5699999928474426
117,54,0.7709699869155884,-0.2199999988079071
117,55,0.8344326019287109,-0.5799999833106995
117,56,0.8344328999519348,-0.5099999904632568
117,57,0.8491479158401489,-0.25999999046325684
117,58,0.8491477966308594,0.1899999976158142
117,59,1.1209633350372314,0.20000000298023224
117,60,1.120963215827942,0.14000000059604645
117,61,1.3559556007385254,-0.1899999976158142
117,62,1.3559558391571045,-0.800000011920929
117,63,0.9020165801048279,-0.03999999910593033
117,64,0.9020168781280518,-0.5899999737739563
117,65,1.2963309288024902,0.009999999776482582
117,66,1.2963311672210693,-0.1599999964237213
117,67,-0.2670542597770691,0.12999999523162842
117,68,-0.2670546770095825,-0.4399999976158142
117,69,-0.6065092086791992,-0.3100000023841858
117,70,-1.0279746055603027,-0.3199999928474426
117,71,0.5754295587539673,0.1899999976158142
117,72,0.5754294991493225,-0.27000001072883606
117,73,-0.9450523257255554,0.8799999952316284
117,74,-0.9450523853302002,-0.6700000166893005
117,75,-1.3157610893249512,-0.2199999988079071
117,76,-1.3157610893249512,-0.6200000047683716
117,77,-1.3690743446350098,-0.4399999976158142
117,78,-1.3690744638442993,-0.15000000596046448
117,79,-1.1323766708374023,0.1599999964237213
117,80,-1.132376790046692,0.38999998569488525
117,81,-1.0877330303192139,-0.1899999976158142
117,82,-1.0877329111099243,-0.550000011920929
117,83,-0.815776526927948,0.7400000095367432
117,84,-0.8157764673233032,-0.7799999713897705
117,85,0.854095995426178,0.5
117,86,0.8540966510772705,0.5400000214576721
117,87,0.8540965914726257,-0.27000001072883606
117,88,-0.932195246219635,0.41999998688697815
117,89,-0.9321953058242798,-0.4099999964237213
117,90,-1.341961145401001,-0.2199999988079071
117,91,-1.34196138381958,0.23999999463558197
117,92,-0.8550773859024048,0.14000000059604645
117,93,-0.8550775647163391,0.1899999976158142
117,94,-1.3997139930725098,0.009999999776482582
117,95,-1.3997139930725098,-0.05000000074505806
117,96,-1.137758493423462,0.1599999964237213
117,97,-1.137758731842041,-0.5400000214576721
117,98,-1.0670382976531982,-0.1599999964237213
117,99,-1.0670382976531982,-0.2199999988079071
117,100,2.9693562984466553,2.9600000381469727
117,101,5.061501979827881,3.4000000953674316
117,102,2.571091413497925,2.690000057220459
117,103,2.6257576942443848,2.7799999713897705
117,104,3.815568447113037,2.3299999237060547
117,105,3.8319525718688965,2.940000057220459
117,106,2.227900743484497,2.2300000190734863
117,107,2.227900505065918,2.5999999046325684
117,108,2.7619385719299316,2.4800000190734863
117,109,2.7619385719299316,1.7799999713897705
117,110,2.7619383335113525,1.850000023841858
117,111,3.3270490169525146,3.9600000381469727
117,112,3.3270490169525146,1.4600000381469727
117,113,2.3390214443206787,1.0499999523162842
117,114,2.3390214443206787,3.190000057220459
117,115,2.865405559539795,3.119999885559082
117,116,2.865405559539795,0.6700000166893005
117,117,1.7587157487869263,0.1599999964237213
117,118,1.7587158679962158,2.809999942779541
117,119,1.572866439819336,0.6600000262260437
117,120,1.572866439819336,-0.10999999940395355
117,121,3.859779119491577,1.75
117,122,3.8597793579101562,0.44999998807907104
117,123,5.282484531402588,1.4600000381469727
117,124,2.603227376937866,2.640000104904175
117,125,2.312962293624878,3.9700000286102295
117,126,2.312962055206299,2.3299999237060547
117,127,2.141944408416748,0.8100000023841858
117,128,2.141944169998169,2.930000066757202
117,129,2.9220023155212402,0.6600000262260437
117,130,2.9220023155212402,0.5299999713897705
117,131,2.2272183895111084,0.2199999988079071
117,132,2.2272183895111084,0.3799999952316284
117,133,2.525181531906128,2.3399999141693115
117,134,2.525181770324707,-0.019999999552965164
117,135,-0.7821788787841797,-0.029999999329447746
117,136,-0.8362999558448792,-0.03999999910593033
117,137,-0.8363001346588135,-0.3499999940395355
117,138,-0.9235357642173767,0.4699999988079071
117,139,-0.9235356450080872,-0.46000000834465027
117,140,0.3332943320274353,0.5099999904632568
117,141,0.33329445123672485,-0.0
117,142,-1.0052077770233154,0.5
117,143,-1.005207896232605,0.11999999731779099
117,144,-1.3586760759353638,0.4300000071525574
117,145,-1.3586764335632324,0.07999999821186066
117,146,-1.1874566078186035,-0.05000000074505806
117,147,-1.1874563694000244,-0.07000000029802322
117,148,-1.1945399045944214,-0.10999999940395355
117,149,-1.1945397853851318,-0.5
117,150,-1.1386499404907227,0.75
117,151,-1.1386497020721436,-0.5099999904632568
117,152,-1.1981258392333984,0.30000001192092896
117,153,-1.1981260776519775,0.03999999910593033
117,154,1.8232003450393677,0.699999988079071
117,155,1.8232007026672363,0.25
117,156,1.8232002258300781,-0.12999999523162842
117,157,-0.8926941752433777,-0.17000000178813934
117,158,-0.8926942348480225,-0.009999999776482582
117,159,-1.0953450202941895,0.36000001430511475
117,160,-1.0953449010849,-0.5400000214576721
117,161,-1.285926103591919,0.09000000357627869
117,162,-1.2859259843826294,-0.11999999731779099
117,163,-1.981647253036499,0.2800000011920929
117,164,-1.981647253036499,-0.28999999165534973
117,165,-1.1840089559555054,0.03999999910593033
117,166,-1.1840089559555054,-0.1599999964237213
117,167,-0.8715131878852844,-0.05000000074505806
117,168,-0.8715132474899292,-0.33000001311302185
117,169,3.119124174118042,1.75
117,170,3.119124174118042,1.3799999952316284
117,171,2.115866184234619,1.1399999856948853
117,172,3.147948741912842,1.4800000190734863
117,173,2.316361904144287,1.5199999809265137
117,174,2.316362142562866,1.3899999856948853
117,175,2.513871669769287,1.3200000524520874
117,176,2.513871669769287,0.8199999928474426
117,177,3.847169876098633,2.75
117,178,3.847169876098633,1.0800000429153442
117,179,3.6142942905426025,1.600000023841858
117,180,3.6142942905426025,1.0299999713897705
117,181,3.3003687858581543,1.7400000095367432
117,182,3.300368547439575,0.9900000095367432
117,183,3.2576823234558105,1.9900000095367432
117,184,3.2576818466186523,2.2100000381469727
117,185,0.766669511795044,0.27000001072883606
117,186,0.766669511795044,1.2200000286102295
117,187,4.137814521789551,3.2699999809265137
117,188,4.137814521789551,1.1799999475479126
117,189,3.0928611755371094,1.559999942779541
117,190,3.092860698699951,1.350000023841858
117,191,3.741072654724121,1.899999976158142
117,192,3.741072416305542,-0.20999999344348907
117,193,1.2815186977386475,-0.38999998569488525
117,194,1.281518578529358,2.930000066757202
117,195,1.509158730506897,0.7900000214576721
117,196,1.509158730506897,1.2100000381469727
117,197,3.544711112976074,1.7000000476837158
117,198,3.544710874557495,1.4700000286102295
117,199,3.365644693374634,1.5800000429153442
117,200,3.365644693374634,-0.6200000047683716
117,201,-0.8761035203933716,0.009999999776482582
117,202,-0.5870338678359985,-0.7599999904632568
117,203,-0.04447503387928009,0.6000000238418579
117,204,-0.044474776834249496,-1.0499999523162842
117,205,0.9878334403038025,1.4900000095367432
117,206,0.9878334999084473,0.05999999865889549
117,207,0.13754886388778687,0.550000011920929
117,208,0.13754892349243164,0.949999988079071
117,209,-0.1465812772512436,0.10999999940395355
117,210,-0.14658123254776,0.09000000357627869
117,211,-0.03578291833400726,0.25999999046325684
117,212,-0.03578302264213562,-0.2800000011920929
117,213,-0.6105241775512695,0.12999999523162842
117,214,-0.6105243563652039,-0.20000000298023224
117,215,-0.8578209280967712,-0.18000000715255737
117,216,-0.8578206896781921,-0.28999999165534973
117,217,0.10223063081502914,-0.14000000059604645
117,218,0.10223069041967392,-0.5
117,219,3.1974997520446777,3.0999999046325684
117,220,3.197499990463257,3.059999942779541
117,221,3.1974995136260986,-0.49000000953674316
117,222,-0.7423527240753174,-0.009999999776482582
117,223,-0.7423523664474487,2.700000047683716
117,224,-0.4221305847167969,0.029999999329447746
117,225,-0.4221307635307312,-0.4099999964237213
117,226,-0.13763102889060974,-0.14000000059604645
117,227,-0.13763116300106049,-0.4099999964237213
117,228,0.07654647529125214,0.6299999952316284
117,229,0.07654651999473572,-0.46000000834465027
117,230,0.14256921410560608,-0.0
117,231,0.14256927371025085,0.20000000298023224
117,232,0.09139949828386307,-0.1899999976158142
117,233,0.09139931201934814,-0.30000001192092896
117,234,-0.9233981370925903,0.3100000023841858
117,235,-0.48661142587661743,-0.019999999552965164
117,236,-1.5774257183074951,-0.10999999940395355
117,237,-1.577425479888916,-0.5
117,238,0.14598476886749268,0.550000011920929
117,239,0.14598476886749268,-0.8199999928474426
117,240,-1.1888049840927124,0.1599999964237213
117,241,-1.9928193092346191,-0.07999999821186066
117,242,-1.701335072517395,-0.09000000357627869
117,243,-1.7013351917266846,-0.5899999737739563
117,244,-1.4339309930801392,0.33000001311302185
117,245,-1.4339309930801392,-0.550000011920929
117,246,-1.419448733329773,-0.10999999940395355
117,247,-1.4194484949111938,-0.17000000178813934
117,248,-0.8436235785484314,-0.25999999046325684
117,249,-0.8436232805252075,-0.46000000834465027
117,250,-0.1101539134979248,2.1500000953674316
117,251,-0.11015439033508301,-0.6700000166893005
117,252,-1.1837595701217651,-0.2800000011920929
117,253,-1.1837595701217651,1.7200000286102295
117,254,-1.9147999286651611,-0.07000000029802322
117,255,-1.9148000478744507,-0.7200000286102295
117,256,-1.3731303215026855,-0.11999999731779099
117,257,-1.3731303215026855,-0.550000011920929
117,258,-1.7373474836349487,-0.1899999976158142
117,259,-1.7373474836349487,-0.5600000023841858
117,260,-1.9576683044433594,-0.15000000596046448
117,261,-1.9576685428619385,-0.5699999928474426
117,262,-1.5060760974884033,-0.1899999976158142
117,263,-1.5060759782791138,-0.5899999737739563
117,264,3.0581719875335693,1.7400000095367432
117,265,3.0581724643707275,2.299999952316284
117,266,3.0581722259521484,1.3600000143051147
117,267,1.7884694337844849,0.38999998569488525
117,268,1.7884695529937744,1.309999942779541
117,269,2.9066593647003174,0.8500000238418579
117,270,2.9066596031188965,0.05000000074505806
117,271,2.5735652446746826,3.0199999809265137
117,272,2.5735654830932617,0.5199999809265137
117,273,2.4241719245910645,1.2300000190734863
117,274,2.4241726398468018,2.6700000762939453
117,275,3.6816511154174805,0.9200000166893005
117,276,3.6816515922546387,0.8399999737739563
117,277,3.6152572631835938,0.8999999761581421
117,278,3.6152567863464355,0.5699999928474426
117,279,3.1366264820098877,0.7799999713897705
117,280,3.1366262435913086,0.6100000143051147
117,281,2.973505973815918,1.1100000143051147
117,282,2.973506212234497,0.5299999713897705
117,283,0.9001988172531128,-0.05000000074505806
117,284,0.9001985788345337,0.8399999737739563
117,285,4.88631534576416,-0.4699999988079071
117,286,2.845283031463623,0.6800000071525574
117,287,3.6846041679382324,2.299999952316284
117,288,3.684603691101074,0.3799999952316284
117,289,1.664835810661316,0.5199999809265137
117,290,1.6648365259170532,1.7200000286102295
117,291,1.9015545845031738,1.1699999570846558
117,292,1.9015541076660156,0.20000000298023224
117,293,3.429015636444092,0.8500000238418579
117,294,3.42901611328125,0.800000011920929
117,295,3.1147799491882324,1.9700000286102295
117,296,3.1147806644439697,0.5099999904632568
117,297,-1.0291818380355835,-0.49000000953674316
117,298,-1.0291815996170044,0.49000000953674316
117,299,-1.029181957244873,-0.2199999988079071
117,300,-1.029181718826294,-0.36000001430511475
117,301,-0.8749048709869385,-0.17000000178813934
117,302,-0.006900772452354431,-0.20000000298023224
117,303,-0.00690065324306488,-0.6899999976158142
117,304,0.4981296956539154,0.14000000059604645
117,305,0.4981299042701721,-0.5799999833106995
117,306,0.024789169430732727,0.6399999856948853
117,307,0.02478921413421631,-0.25
117,308,-0.03951254487037659,-0.5099999904632568
117,309,-0.039512842893600464,0.17000000178813934
117,310,-0.3275698125362396,0.20000000298023224
117,311,-0.327569842338562,-0.7400000095367432
117,312,0.011537298560142517,0.8100000023841858
117,313,0.011537596583366394,-0.33000001311302185
117,314,-0.371649831533432,1.3899999856948853
117,315,-0.3716498613357544,0.33000001311302185
117,316,0.2530475854873657,0.05000000074505806
117,317,0.2530476450920105,0.75
117,318,-0.9525968432426453,-0.23999999463558197
117,319,-0.9525970220565796,-0.3499999940395355
117,320,-0.8002158403396606,-0.1599999964237213
117,321,-0.8002157211303711,-0.8999999761581421
117,322,-0.21211464703083038,0.30000001192092896
117,323,-0.21211493015289307,-0.5799999833106995
117,324,-0.2838563024997711,0.019999999552965164
117,325,-0.28385651111602783,-0.18000000715255737
117,326,-0.0638599693775177,0.5099999904632568
117,327,-0.06386001408100128,-0.46000000834465027
117,328,-0.22500018775463104,0.5199999809265137
117,329,-0.22500008344650269,0.07000000029802322
117,330,0.0731162577867508,0.07999999821186066
117,331,0.07311628758907318,0.009999999776482582
117,332,-0.27083075046539307,0.4699999988079071
117,333,-0.27083098888397217,-0.1899999976158142
117,334,-0.27083098888397217,-0.41999998688697815
117,335,0.7241249084472656,0.5199999809265137
117,336,0.7241246700286865,0.1899999976158142
117,337,-2.8628957271575928,0.009999999776482582
117,338,0.7116798162460327,0.6299999952316284
117,339,-1.028696060180664,0.7200000286102295
117,340,-3.0794758796691895,-0.11999999731779099
117,341,-3.0794763565063477,-0.5699999928474426
117,342,-0.321008563041687,0.23999999463558197
117,343,-0.321008563041687,0.2199999988079071
117,344,-1.8640726804733276,0.3100000023841858
117,345,-1.8640726804733276,0.25
117,346,-1.563204050064087,-0.4000000059604645
117,347,-1.5632041692733765,-0.6000000238418579
117,348,-0.06653964519500732,0.15000000596046448
117,349,-0.06653940677642822,-0.12999999523162842
117,350,1.349858283996582,2.490000009536743
117,351,1.349858045578003,-0.1599999964237213
117,352,-0.3457379937171936,-0.6200000047683716
117,353,-0.3457379937171936,-0.7200000286102295
117,354,-0.6542335748672485,0.09000000357627869
117,355,-0.6542335152626038,-0.1599999964237213
117,356,-0.8728665709495544,0.36000001430511475
117,357,-0.8728665113449097,1.9800000190734863
117,358,-1.746334433555603,0.6200000047683716
117,359,-1.7463346719741821,-0.8700000047683716
117,360,-2.889169216156006,-0.5799999833106995
117,361,-2.889169216156006,-0.2800000011920929
117,362,-2.889169216156006,-0.3824091851711273
117,363,-2.892274856567383,-0.17000000178813934
117,364,-2.892274856567383,-0.17000000178813934
117,365,0.11980259418487549,0.2199999988079071
117,366,0.06673586368560791,0.17000000178813934
117,367,0.06673568487167358,-0.05000000074505806
117,368,-1.5105910301208496,-0.33000001311302185
117,369,0.764421284198761,1.940000057220459
117,370,-0.6893379092216492,0.41999998688697815
117,371,-1.487694263458252,-0.44999998807907104
117,372,-1.487694263458252,-0.8399999737739563
117,373,-0.06011730432510376,-0.05000000074505806
117,374,-0.06011730432510376,1.4700000286102295
117,375,-0.5642869472503662,0.10000000149011612
117,376,-0.564287006855011,-0.019999999552965164
117,377,-0.540035605430603,0.30000001192092896
117,378,-0.540035605430603,-0.9300000071525574
117,379,-0.37942206859588623,-0.23000000417232513
117,380,-0.37942206859588623,-0.41999998688697815
117,381,1.2577123641967773,1.100000023841858
117,382,1.2577121257781982,-0.3700000047683716
117,383,-0.03216409683227539,-0.07000000029802322
117,384,-0.03216421604156494,-0.1899999976158142
117,385,-0.26776283979415894,-0.3799999952316284
117,386,-0.2677624821662903,-0.6399999856948853
117,387,-1.054110050201416,0.30000001192092896
117,388,-1.0541102886199951,0.7799999713897705
117,389,-1.6283468008041382,-0.27000001072883606
117,390,-1.6283469200134277,-0.5199999809265137
117,391,-1.6302094459533691,0.9200000166893005
117,392,-1.6302094459533691,-0.7200000286102295
117,393,-1.484264850616455,-0.25999999046325684
117,394,-1.4842650890350342,-0.10999999940395355
117,395,-1.0317463874816895,-0.15000000596046448
117,396,2.1050174236297607,0.9200000166893005
117,397,2.1050174236297607,-0.4099999964237213
117,398,-0.062159523367881775,-1.6299999952316284
117,399,2.264394998550415,0.2800000011920929
117,400,1.0625731945037842,-1.9199999570846558
117,401,-0.8795408606529236,0.27000001072883606
117,402,-0.8795409202575684,-0.009999999776482582
117,403,0.2016717940568924,-0.5400000214576721
117,404,-1.3281891345977783,-1.4700000286102295
117,405,-1.447447657585144,-0.6800000071525574
117,406,-1.4474475383758545,-0.10000000149011612
117,407,1.7384545803070068,2.4000000953674316
117,408,1.7384542226791382,-0.8299999833106995
117,409,4.307673454284668,-1.8200000524520874
117,410,-0.7435440421104431,-0.10000000149011612
117,411,-0.7435439229011536,-0.9300000071525574
117,412,-0.4672844409942627,-0.05999999865889549
117,413,-0.4672843813896179,1.6399999856948853
117,414,1.0917001962661743,0.7300000190734863
117,415,0.9273908138275146,1.25
117,416,0.9273908138275146,-0.4399999976158142
117,417,-0.3450036644935608,1.3799999952316284
117,418,-0.3450036644935608,-0.4399999976158142
117,419,-0.060509324073791504,0.2800000011920929
117,420,-0.06050892174243927,0.36000001430511475
117,421,0.042700886726379395,-0.5099999904632568
117,422,0.2077537178993225,-0.2800000011920929
117,423,0.2077537178993225,-0.6800000071525574
117,424,-1.0081589221954346,-0.1599999964237213
117,425,0.9016765356063843,1.3200000524520874
117,426,0.9016768336296082,-0.6299999952316284
117,427,-0.5294920206069946,0.5
117,428,-0.5294921398162842,0.8799999952316284
117,429,-1.5165010690689087,-0.8899999856948853
117,430,-1.5165013074874878,-0.029999999329447746
117,431,-0.5652493834495544,-0.20000000298023224
117,432,-0.5652492642402649,-1.190000057220459
117,433,-0.7141333222389221,-0.20999999344348907
117,434,-0.7141334414482117,-0.6499999761581421
117,435,-0.680007815361023,-0.05000000074505806
117,436,-0.680007815361023,-0.6100000143051147
117,437,-0.4089694023132324,0.20999999344348907
117,438,-0.40896934270858765,-0.41999998688697815
117,439,1.769554853439331,1.5800000429153442
117,440,1.7695543766021729,-0.25
117,441,-0.33640825748443604,-0.36000001430511475
117,442,-0.3364083170890808,1.2599999904632568
117,443,-0.7689098119735718,-0.15000000596046448
117,444,-0.7689098119735718,-0.7099999785423279
117,445,-1.1315417289733887,0.46000000834465027
117,446,-1.1315419673919678,-0.550000011920929
117,447,-1.7257643938064575,0.5
117,448,-1.7257643938064575,-0.009999999776482582
117,449,-1.5020657777786255,0.41999998688697815
117,450,-1.502065896987915,-0.12999999523162842
117,451,-0.960425078868866,-0.23999999463558197
117,452,-0.9604250192642212,-0.2800000011920929
117,453,-0.9959444999694824,0.6499999761581421
117,454,0.6166787147521973,0.4099999964237213
117,455,0.6166788339614868,0.18000000715255737
117,456,-2.4732348918914795,-0.4699999988079071
117,457,-2.4732348918914795,0.10000000149011612
117,458,0.09034216403961182,0.7799999713897705
117,459,0.09034204483032227,-1.0299999713897705
117,460,-0.8614708185195923,1.590000033378601
117,461,-0.8614706993103027,0.3199999928474426
117,462,-2.991642475128174,0.4000000059604645
117,463,-2.991642475128174,1.059999942779541
117,464,-0.8286499977111816,1.4199999570846558
117,465,-0.8286499977111816,-0.019999999552965164
117,466,-2.575723648071289,0.5799999833106995
117,467,-2.575723648071289,1.0399999618530273
117,468,-2.1160566806793213,0.800000011920929
117,469,-2.116056442260742,0.14000000059604645
117,470,-0.22206997871398926,0.23999999463558197
117,471,-0.22206974029541016,0.28999999165534973
117,472,-0.06130719184875488,1.0800000429153442
117,473,-0.06130707263946533,-0.12999999523162842
117,474,-0.5871053338050842,0.18000000715255737
117,475,-0.587105393409729,0.6600000262260437
117,476,-0.985085129737854,1.7100000381469727
117,477,-0.9850853085517883,-0.20999999344348907
117,478,-0.6444913148880005,0.6600000262260437
117,479,-0.6444914937019348,1.340000033378601
117,480,-1.160154938697815,0.6700000166893005
117,481,-1.1601550579071045,0.17000000178813934
117,482,-2.5403881072998047,0.7099999785423279
117,483,-2.5403881072998047,0.20000000298023224
117,484,-2.0691497325897217,-0.2800000011920929
117,485,-2.0691494941711426,0.25
117,486,3.7252070903778076,3.3299999237060547
117,487,6.526798248291016,0.9200000166893005
117,488,6.526797771453857,3.0399999618530273
117,489,5.690322399139404,0.5
117,490,2.445622444152832,1.4199999570846558
117,491,2.445622444152832,0.800000011920929
117,492,2.6053874492645264,1.840000033378601
117,493,2.6053876876831055,0.47999998927116394
117,494,5.680389404296875,1.659999966621399
117,495,5.0938873291015625,0.5600000023841858
117,496,5.194202423095703,0.2800000011920929
117,497,3.6317343711853027,2.7699999809265137
117,498,2.003558397293091,-0.2800000011920929
117,499,2.0035581588745117,2.5299999713897705
117,500,4.808400630950928,1.0729999542236328
117,501,5.543581008911133,2.2730000019073486
117,502,4.484239101409912,2.950000047683716
117,503,2.8782401084899902,0.550000011920929
117,504,2.878239631652832,2.6600000858306885
117,505,5.858988285064697,0.23999999463558197
117,506,2.734349250793457,3.5399999618530273
117,507,2.734348773956299,2.7799999713897705
117,508,2.734348773956299,0.5600000023841858
117,509,3.1898117065429688,3.0899999141693115
117,510,3.1898107528686523,2.5299999713897705
117,511,5.859333515167236,2.7100000381469727
117,512,4.84581184387207,2.1600000858306885
117,513,5.8740973472595215,1.7200000286102295
117,514,3.0087451934814453,3.2899999618530273
117,515,1.445509433746338,0.6700000166893005
117,516,1.4455089569091797,2.990000009536743
117,517,0.5124315023422241,-0.14000000059604645
117,518,0.5124314427375793,-0.5099999904632568
117,519,1.2036422491073608,0.38999998569488525
117,520,1.2036426067352295,-0.10000000149011612
117,521,1.2100991010665894,-0.10999999940395355
117,522,1.2100989818572998,-0.5299999713897705
117,523,-0.04086858034133911,-0.17000000178813934
117,524,-0.04086887836456299,-0.6700000166893005
117,525,0.6352733969688416,0.2800000011920929
117,526,0.8189045190811157,-0.27000001072883606
117,527,1.1621183156967163,-0.4099999964237213
117,528,0.38657692074775696,-0.7799999713897705
117,529,0.3865768313407898,-0.07999999821186066
117,530,0.30031871795654297,-0.6200000047683716
117,531,0.3003184199333191,-0.8100000023841858
117,532,0.8899544477462769,0.3700000047683716
117,533,0.8899545669555664,-0.7200000286102295
117,534,2.8460073471069336,1.340000033378601
117,535,2.84600830078125,-1.25
117,536,0.979045033454895,-0.14000000059604645
117,537,0.9790457487106323,-0.9399999976158142
117,538,1.0582382678985596,-0.5699999928474426
117,539,1.0582374334335327,-0.029999999329447746
117,540,1.0542436838150024,-0.12999999523162842
117,541,1.054243564605713,0.8799999952316284
117,542,1.283390998840332,0.1899999976158142
117,543,1.2833904027938843,-0.5199999809265137
117,544,0.9395051002502441,0.019999999552965164
117,545,0.9395049810409546,-0.8700000047683716
117,546,0.24468731880187988,0.28999999165534973
117,547,0.24468767642974854,-0.5099999904632568
117,548,1.4992727041244507,0.550000011920929
117,549,2.0465805530548096,0.3199999928474426
117,550,2.0465807914733887,0.28999999165534973
117,551,2.237215518951416,0.4699999988079071
117,552,2.237215518951416,-0.05000000074505806
117,553,0.9603612422943115,0.550000011920929
117,554,0.9603614211082458,0.12999999523162842
117,555,1.1562254428863525,-0.23999999463558197
117,556,2.186114549636841,1.7799999713897705
117,557,2.1861143112182617,-0.5
117,558,1.3602116107940674,-0.03999999910593033
117,559,1.3602116107940674,1.440000057220459
117,560,1.1705703735351562,0.20000000298023224
117,561,1.1705702543258667,-0.28999999165534973
117,562,1.0845625400543213,0.7599999904632568
117,563,1.0845625400543213,-0.03999999910593033
117,564,1.3425207138061523,0.05999999865889549
117,565,1.3425207138061523,0.4699999988079071
117,566,3.1925911903381348,3.0999999046325684
117,567,3.1925911903381348,-0.30000001192092896
117,568,1.589124321937561,0.07999999821186066
117,569,1.589124321937561,2.740000009536743
117,570,1.495743989944458,0.800000011920929
117,571,1.4957438707351685,-0.1899999976158142
117,572,1.921970009803772,0.46000000834465027
117,573,1.9219701290130615,0.41999998688697815
117,574,2.4183506965637207,1.2100000381469727
117,575,2.4183506965637207,0.17000000178813934
117,576,2.4892964363098145,1.5399999618530273
117,577,2.4892961978912354,1.0099999904632568
117,578,1.3280011415481567,0.8299999833106995
117,579,1.3280010223388672,1.309999942779541
117,580,2.204129695892334,2.8399999141693115
117,581,2.204129695892334,-0.09000000357627869
117,582,3.1732819080352783,-0.49000000953674316
117,583,1.0861676931381226,2.7899999618530273
117,584,2.99727463722229,-0.2199999988079071
117,585,3.1377573013305664,2.6700000762939453
117,586,3.1377573013305664,-0.5799999833106995
117,587,2.0921080112457275,2.4100000858306885
117,588,2.140561580657959,0.25999999046325684
117,589,2.5975146293640137,-0.1899999976158142
117,590,3.396355628967285,-0.0
117,591,2.9383416175842285,-0.4300000071525574
117,592,1.8526568412780762,2.9000000953674316
117,593,1.8454030752182007,0.6200000047683716
117,594,2.9577903747558594,3.009999990463257
117,595,3.343599796295166,2.380000114440918
117,596,0.8208194971084595,0.3799999952316284
117,597,2.0282719135284424,1.559999942779541
117,598,2.4002671241760254,0.9800000190734863
117,599,2.7175588607788086,1.5299999713897705
117,600,1.569305419921875,0.11999999731779099
117,601,1.702248454093933,1.0299999713897705
117,602,2.3266139030456543,1.6399999856948853
117,603,3.2154159545898438,2.4000000953674316
117,604,3.2154159545898438,2.880000114440918
117,605,2.807206630706787,1.3799999952316284
117,606,2.9883694648742676,1.2200000286102295
117,607,2.607739210128784,0.33000001311302185
117,608,3.0077524185180664,0.30000001192092896
117,609,2.425473213195801,0.7900000214576721
117,610,1.438332200050354,0.8799999952316284
117,611,3.492661476135254,2.0899999141693115
117,612,3.492661237716675,1.440000057220459
117,613,4.531723976135254,2.319999933242798
117,614,3.423712730407715,1.3899999856948853
117,615,1.7865127325057983,0.4300000071525574
117,616,4.724538803100586,3.440000057220459
117,617,3.0533299446105957,1.5199999809265137
117,618,2.667734384536743,0.800000011920929
117,619,0.8799715042114258,1.3899999856948853
117,620,0.8799713850021362,0.47999998927116394
117,621,1.5188344717025757,0.7599999904632568
117,622,3.7028579711914062,-2.069999933242798
117,623,3.702857732772827,1.7300000190734863
117,624,3.702857732772827,-1.8200000524520874
117,625,3.702857494354248,1.0700000524520874
117,626,2.9220283031463623,0.8700000047683716
117,627,2.4979519844055176,1.0399999618530273
117,628,3.2426440715789795,1.7000000476837158
117,629,2.202125072479248,-2.0
117,630,2.202124834060669,1.7899999618530273
117,631,2.202124834060669,-1.7599999904632568
117,632,2.202124834060669,1.1200000047683716
117,633,0.7756680250167847,-0.23999999463558197
117,634,1.8690440654754639,0.5400000214576721
117,635,0.37470489740371704,0.11999999731779099
117,636,0.37470483779907227,-0.2199999988079071
117,637,0.9891188144683838,0.9300000071525574
117,638,0.9891189336776733,0.5
117,639,0.5473126173019409,-0.23999999463558197
117,640,0.5473124384880066,-0.550000011920929
117,641,-0.4289107918739319,0.20000000298023224
117,642,-0.4289109408855438,-0.2199999988079071
117,643,1.3251553773880005,0.7099999785423279
117,644,1.32515549659729,0.3499999940395355
117,645,0.02461196482181549,0.23000000417232513
117,646,0.024612098932266235,-0.15000000596046448
117,647,-0.3801831603050232,-0.05000000074505806
117,648,-0.38018321990966797,-0.5600000023841858
117,649,-0.3380945920944214,-0.28999999165534973
117,650,-0.3506087064743042,0.05999999865889549
117,651,0.3928966224193573,0.2800000011920929
117,652,2.305572032928467,0.20000000298023224
117,653,2.305572271347046,0.5600000023841858
117,654,0.12067949771881104,0.30000001192092896
117,655,0.12067954242229462,-0.7200000286102295
117,656,-0.28628599643707275,-0.3100000023841858
117,657,-0.28628599643707275,-0.25
117,658,0.3136661946773529,0.5400000214576721
117,659,0.31366613507270813,-0.10000000149011612
117,660,0.11321952939033508,0.11999999731779099
117,661,0.11321952939033508,0.18000000715255737
117,662,-0.16943930089473724,-0.009999999776482582
117,663,-0.16943928599357605,-0.10999999940395355
117,664,-0.3798847794532776,-0.15000000596046448
117,665,-0.37988463044166565,-0.6499999761581421
117,666,-0.47462958097457886,0.019999999552965164
117,667,-0.47462940216064453,-0.20999999344348907
117,668,0.7687152028083801,0.8899999856948853
117,669,0.7687150239944458,0.44999998807907104
117,670,0.03732156753540039,0.4099999964237213
117,671,0.03732186555862427,-0.019999999552965164
117,672,-2.5777904987335205,-0.27000001072883606
117,673,-2.5777902603149414,-0.6399999856948853
117,674,0.7581706643104553,0.7400000095367432
117,675,0.7581707835197449,0.3499999940395355
117,676,-0.6780251264572144,-0.019999999552965164
117,677,-0.6780248284339905,-0.44999998807907104
117,678,-2.2425954341888428,0.23999999463558197
117,679,-2.242595672607422,-0.23000000417232513
117,680,-1.663137674331665,0.5
117,681,-1.488415002822876,-0.029999999329447746
117,682,0.14979183673858643,0.4399999976158142
117,683,1.4545862674713135,1.3600000143051147
117,684,1.4545865058898926,0.05999999865889549
117,685,-0.2010142207145691,-0.7599999904632568
117,686,-0.2010142207145691,-0.3199999928474426
117,687,-0.4668254256248474,0.11999999731779099
117,688,-0.4668254256248474,-0.009999999776482582
117,689,-0.37968170642852783,-0.23000000417232513
117,690,-0.3796813488006592,0.9900000095367432
117,691,-0.9354193210601807,0.18000000715255737
117,692,-0.9354194402694702,-1.0700000524520874
117,693,-2.024242877960205,-0.20000000298023224
117,694,-2.0242433547973633,-0.33000001311302185
117,695,-2.2300610542297363,-0.23000000417232513
117,696,-2.2300610542297363,-0.5699999928474426
117,697,-0.3746170997619629,-0.20999999344348907
117,698,2.1096179485321045,0.28999999165534973
117,699,2.1096174716949463,-0.5699999928474426
117,700,0.9246888160705566,-0.11999999731779099
117,701,0.9246890544891357,-0.10000000149011612
117,702,0.2950345575809479,0.11999999731779099
117,703,0.2950346767902374,-0.5600000023841858
117,704,1.9617016315460205,0.05000000074505806
117,705,1.9617016315460205,0.36000001430511475
117,706,1.961701512336731,-0.27000001072883606
117,707,0.8136283159255981,0.36000001430511475
117,708,0.8136282563209534,0.009999999776482582
117,709,-0.12622416019439697,-0.4000000059604645
117,710,-0.12622416019439697,-0.07000000029802322
117,711,-0.8138116598129272,0.17000000178813934
117,712,-0.8869882225990295,-0.23999999463558197
117,713,-0.8869883418083191,-0.3100000023841858
117,714,1.2485935688018799,-0.12999999523162842
117,715,1.2485935688018799,-0.5799999833106995
117,716,4.929600715637207,1.4299999475479126
117,717,4.929599761962891,-0.4399999976158142
117,718,-0.09474551677703857,-0.1899999976158142
117,719,-0.09474563598632812,1.2300000190734863
117,720,-0.8242110013961792,-0.6000000238418579
117,721,-0.8242110013961792,-0.6100000143051147
117,722,0.9082802534103394,0.009999999776482582
117,723,0.9082803726196289,-0.9100000262260437
117,724,0.9386003017425537,0.10999999940395355
117,725,0.9386002421379089,-0.36000001430511475
117,726,0.365588903427124,0.10999999940395355
117,727,0.3655887842178345,-0.1899999976158142
117,728,0.3475090563297272,0.12999999523162842
117,729,0.3475091755390167,-0.23000000417232513
117,730,1.1352293491363525,0.800000011920929
117,731,3.8572235107421875,0.4399999976158142
117,732,2.6641430854797363,1.2999999523162842
117,733,1.5033364295959473,0.6399999856948853
117,734,1.5033366680145264,0.7799999713897705
117,735,2.9215502738952637,2.0199999809265137
117,736,2.9215502738952637,1.5199999809265137
117,737,2.9215505123138428,0.2199999988079071
117,738,1.6935772895812988,1.159999966621399
117,739,1.3115596771240234,0.25999999046325684
117,740,0.9053070545196533,0.28999999165534973
117,741,0.645315945148468,-0.10000000149011612
117,742,0.645315945148468,-0.17000000178813934
117,743,2.2030868530273438,0.9599999785423279
117,744,2.2030868530273438,-0.38999998569488525
117,745,4.618484020233154,0.5799999833106995
117,746,0.7798698544502258,-0.09000000357627869
117,747,-0.8573808670043945,-0.44999998807907104
117,748,1.8518028259277344,1.1200000047683716
117,749,1.7948564291000366,0.7699999809265137
117,750,1.7948566675186157,0.7200000286102295
117,751,1.5373623371124268,0.11999999731779099
117,752,1.5373624563217163,0.47999998927116394
117,753,1.6260888576507568,0.9399999976158142
117,754,1.6260889768600464,-0.1899999976158142
117,755,1.8962080478668213,0.699999988079071
117,756,3.5011415481567383,2.509999990463257
117,757,2.4754652976989746,1.840000033378601
117,758,0.08966529369354248,-0.550000011920929
117,759,2.9748592376708984,1.6799999475479126
117,760,1.0604934692382812,-0.2199999988079071
117,761,-0.8756999969482422,-0.6499999761581421
117,762,-0.18390214443206787,0.8899999856948853
117,763,0.2121606469154358,-0.2199999988079071
117,764,1.8762108087539673,0.5899999737739563
117,765,1.0980945825576782,0.5600000023841858
117,766,-0.5839552283287048,-0.3100000023841858
117,767,1.3685033321380615,0.20000000298023224
117,768,0.39095616340637207,0.3499999940395355
117,769,-0.586183488368988,0.75
117,770,0.11341756582260132,-0.17000000178813934
117,771,0.895466685295105,0.550000011920929
117,772,0.895466685295105,0.44999998807907104
117,773,2.5250191688537598,1.6200000047683716
117,774,2.5250191688537598,0.1899999976158142
117,775,2.267301321029663,1.440000057220459
117,776,2.267301082611084,1.3300000429153442
117,777,1.1594524383544922,-0.0
117,778,1.1594523191452026,1.090000033378601
117,779,1.0924032926559448,0.7200000286102295
117,780,1.0924031734466553,-0.3400000035762787
117,781,0.6856907606124878,-0.3799999952316284
117,782,0.6856905817985535,0.23000000417232513
117,783,2.258650541305542,1.8300000429153442
117,784,2.258650779724121,-0.8199999928474426
117,785,1.2633806467056274,-0.18000000715255737
117,786,0.8291923403739929,0.6499999761581421
117,787,0.8291923403739929,-0.550000011920929
117,788,0.9505783319473267,0.1599999964237213
117,789,0.9505782127380371,0.05000000074505806
117,790,3.3150434494018555,-0.3799999952316284
117,791,0.7858358025550842,-1.0199999809265137
117,792,-0.41586625576019287,-0.3400000035762787
117,793,-0.41586601734161377,-1.1699999570846558
117,794,1.193505883216858,0.5799999833106995
117,795,1.1935057640075684,-0.7599999904632568
117,796,1.6738922595977783,1.5
117,797,1.6738920211791992,0.28999999165534973
117,798,2.295572519302368,1.7000000476837158
117,799,2.295572280883789,1.1699999570846558
117,800,1.294155240058899,-0.12999999523162842
117,801,1.2941553592681885,1.350000023841858
117,802,1.4441685676574707,0.6499999761581421
117,803,1.4441683292388916,0.2800000011920929
117,804,2.4638354778289795,1.0700000524520874
117,805,2.4638354778289795,0.6800000071525574
117,806,2.023439884185791,0.6899999976158142
117,807,2.023439645767212,0.25
117,808,-0.744240939617157,-0.6899999976158142
117,809,-0.7442411184310913,-1.2599999904632568
117,810,2.2223339080810547,0.6499999761581421
117,811,2.2223339080810547,0.2800000011920929
117,812,1.3482940196990967,0.05999999865889549
117,813,1.3482942581176758,-0.2800000011920929
117,814,-0.414981484413147,-0.7099999785423279
117,815,-0.4149814248085022,-0.9900000095367432
117,816,1.9956647157669067,-0.3400000035762787
117,817,1.9956647157669067,-0.6000000238418579
117,818,0.35394591093063354,0.07000000029802322
117,819,1.9951951503753662,0.23000000417232513
117,820,1.830366849899292,1.5800000429153442
117,821,1.8478461503982544,0.23000000417232513
117,822,1.8478460311889648,-0.3400000035762787
117,823,1.8840234279632568,0.11999999731779099
117,824,1.8840231895446777,-0.09000000357627869
117,825,1.5837661027908325,0.41999998688697815
117,826,1.583765983581543,1.2300000190734863
117,827,1.156760811805725,-0.1899999976158142
117,828,1.1567609310150146,-0.14000000059604645
117,829,0.00433582067489624,-0.23000000417232513
117,830,0.00433582067489624,-0.23999999463558197
117,831,-0.20656800270080566,-1.409999966621399
117,832,3.6482064723968506,2.2699999809265137
117,833,1.7565860748291016,0.7699999809265137
117,834,2.085237503051758,1.6200000047683716
117,835,1.0990605354309082,0.8999999761581421
117,836,6.456310749053955,2.2899999618530273
117,837,4.707995891571045,-0.36000001430511475
117,838,3.1593589782714844,1.4900000095367432
117,839,2.899543285369873,3.140000104904175
117,840,2.9122636318206787,1.850000023841858
117,841,2.9122636318206787,1.7100000381469727
117,842,4.52263879776001,3.5
117,843,3.8642053604125977,3.180000066757202
117,844,-0.12888669967651367,0.10999999940395355
117,845,2.4582736492156982,1.850000023841858
117,846,0.6011799573898315,-0.4099999964237213
117,847,0.6011795997619629,-0.9700000286102295
117,848,2.953833818435669,3.0999999046325684
117,849,0.6386640071868896,-0.23000000417232513
117,850,4.540019989013672,3.2300000190734863
117,851,3.067465305328369,1.7799999713897705
117,852,2.931403160095215,2.3499999046325684
117,853,3.2870984077453613,2.1700000762939453
117,854,2.7986340522766113,1.4700000286102295
117,855,1.635818600654602,0.44999998807907104
117,856,0.30572640895843506,0.44999998807907104
117,857,1.301371693611145,0.3400000035762787
117,858,1.8665870428085327,0.029999999329447746
117,859,1.764402151107788,-0.2800000011920929
117,860,-2.0039775371551514,-0.75
117,861,0.9458078145980835,0.07000000029802322
117,862,0.007883891463279724,-0.25999999046325684
117,863,-0.340460866689682,0.10000000149011612
117,864,0.7916480302810669,0.10000000149011612
117,865,-0.2523168921470642,-0.05000000074505806
117,866,0.864098310470581,0.05000000074505806
117,867,0.7868672609329224,0.25
117,868,1.1959425210952759,0.09000000357627869
117,869,0.6460940837860107,-0.15000000596046448
117,870,0.8448098301887512,-0.33000001311302185
117,871,0.373355507850647,-0.03999999910593033
117,872,-0.2013758420944214,0.27000001072883606
117,873,-1.399412989616394,-0.14000000059604645
117,874,-1.5425260066986084,-0.019999999552965164
117,875,0.4767491817474365,0.3499999940395355
117,876,0.4767491817474365,-0.5899999737739563
117,877,-1.0216513872146606,-0.23999999463558197
117,878,-1.0216515064239502,-0.1599999964237213
117,879,-1.1094664335250854,-0.5199999809265137
117,880,-1.109466552734375,-0.75
117,881,0.8942914009094238,2.5
117,882,0.8942914009094238,0.25
117,883,0.8942915201187134,-1.0
117,884,-0.46330946683883667,0.5299999713897705
117,885,-0.4633093476295471,-0.10999999940395355
117,886,-2.2348403930664062,-0.17000000178813934
117,887,-2.2348403930664062,-0.03999999910593033
117,888,-1.2743840217590332,-0.550000011920929
117,889,-1.2743840217590332,-0.6800000071525574
117,890,-2.2878074645996094,-0.2800000011920929
117,891,-2.2878072261810303,-1.0399999618530273
117,892,-2.32338809967041,0.550000011920929
117,893,-2.3233883380889893,-0.8500000238418579
117,894,-1.7239904403686523,-0.3799999952316284
117,895,-1.9041986465454102,0.25
117,896,-1.9041986465454102,-0.8399999737739563
117,897,-0.5432744026184082,-0.3700000047683716
117,898,-0.5432742834091187,-0.33000001311302185
117,899,-0.8857758045196533,-0.14000000059604645
117,900,-0.8857758641242981,-0.7599999904632568
117,901,-1.698319435119629,-0.0
117,902,-1.698319673538208,-0.47999998927116394
117,903,-1.069246768951416,-0.41999998688697815
117,904,-1.069246768951416,-0.41999998688697815
117,905,-0.7533423900604248,-0.17000000178813934
117,906,-0.75334233045578,0.10000000149011612
117,907,1.5938869714736938,1.440000057220459
117,908,1.5938868522644043,-0.36000001430511475
117,909,0.9733265042304993,0.47999998927116394
117,910,0.9733263850212097,1.1200000047683716
117,911,-1.3405489921569824,-0.5699999928474426
117,912,-1.3405487537384033,-0.0
117,913,0.4620371460914612,1.309999942779541
117,914,0.46203720569610596,-1.0099999904632568
117,915,-0.8703883290290833,-0.10000000149011612
117,916,-0.870388388633728,0.9399999976158142
117,917,-0.010342121124267578,0.07999999821186066
117,918,-0.010342389345169067,-0.699999988079071
117,919,-1.1163159608840942,-0.6499999761581421
117,920,-1.1163158416748047,-0.5699999928474426
117,921,-0.9916676878929138,-0.3400000035762787
117,922,-0.9916676878929138,-1.0199999809265137
117,923,-0.9916680455207825,-1.4340344667434692
117,924,-1.3127776384353638,0.550000011920929
117,925,-1.3127777576446533,-0.949999988079071
117,926,3.6769566535949707,4.489999771118164
117,927,-0.5804731249809265,-0.5699999928474426
117,928,-0.5804728269577026,3.690000057220459
117,929,-1.9162945747375488,0.17000000178813934
117,930,-1.916294813156128,-0.9399999976158142
117,931,-0.1244165450334549,0.12999999523162842
117,932,-0.12441661953926086,-0.41999998688697815
117,933,0.09149959683418274,0.18000000715255737
117,934,0.09149935841560364,-0.2199999988079071
117,935,0.19809550046920776,0.1599999964237213
117,936,0.19809532165527344,-0.07999999821186066
117,937,-1.2767770290374756,-0.3499999940395355
117,938,-1.2767767906188965,-0.47999998927116394
117,939,1.3192540407180786,0.6299999952316284
117,940,0.6871936321258545,0.2199999988079071
117,941,1.2223440408706665,0.41999998688697815
117,942,-1.093979835510254,0.029999999329447746
117,943,0.7250581979751587,1.1699999570846558
117,944,-0.5900120139122009,0.03999999910593033
117,945,0.8273980021476746,-0.17000000178813934
117,946,0.9511305093765259,-0.11999999731779099
117,947,0.48850172758102417,-0.6499999761581421
117,948,0.3887026309967041,-0.11999999731779099
117,949,3.0594892501831055,1.7899999618530273
117,950,0.9349901080131531,0.03999999910593033
117,951,0.7591532468795776,-0.3100000023841858
117,952,0.41648155450820923,0.36000001430511475
117,953,0.5014524459838867,1.0
117,954,0.9833962917327881,0.3199999928474426
117,955,-1.373302936553955,0.23000000417232513
117,956,-0.20273172855377197,0.27000001072883606
117,957,1.661309003829956,0.3799999952316284
117,958,1.661309003829956,-0.1599999964237213
117,959,0.8476088047027588,0.05999999865889549
117,960,0.8476086258888245,-0.05000000074505806
117,961,1.029579520225525,0.9300000071525574
117,962,1.029579997062683,-0.3799999952316284
117,963,1.8004515171051025,1.0
117,964,1.8004515171051025,0.8199999928474426
117,965,1.8004515171051025,0.3199999928474426
117,966,1.0489697456359863,0.5899999737739563
117,967,1.0489696264266968,0.41999998688697815
117,968,0.9853266477584839,0.3100000023841858
117,969,0.9853265881538391,0.20000000298023224
117,970,0.44023996591567993,-0.17000000178813934
117,971,0.4402400255203247,-0.10999999940395355
117,972,0.0100669264793396,0.28999999165534973
117,973,0.010066986083984375,-0.5799999833106995
117,974,-0.2652340531349182,-0.3499999940395355
117,975,-0.265234112739563,-0.14000000059604645
117,976,1.1441859006881714,0.49000000953674316
117,977,1.144186019897461,-0.5
117,978,5.325901031494141,-0.23999999463558197
117,979,5.325900554656982,0.009999999776482582
117,980,-0.2527315616607666,0.03999999910593033
117,981,1.070915937423706,0.10999999940395355
117,982,1.0709160566329956,-0.38999998569488525
117,983,1.474534511566162,-0.10999999940395355
117,984,1.4745347499847412,-0.20000000298023224
117,985,1.4271008968353271,0.5
117,986,1.4271008968353271,-0.3199999928474426
117,987,1.1491717100143433,0.6299999952316284
117,988,1.1491718292236328,0.12999999523162842
117,989,0.20794397592544556,0.6000000238418579
117,990,0.20794403553009033,0.07000000029802322
117,991,0.20794400572776794,-0.23999999463558197
117,992,-0.2582370638847351,-0.03999999910593033
117,993,-0.2582370638847351,-0.46000000834465027
117,994,-0.2110556960105896,-0.07000000029802322
117,995,-0.21105563640594482,-0.46000000834465027
117,996,-0.8401561975479126,-0.27000001072883606
117,997,-0.8401560187339783,-0.7599999904632568
117,998,0.06477314233779907,0.41999998688697815
117,999,0.0647733211517334,0.009999999776482582
117,1000,-0.2962283194065094,0.09000000357627869
117,1001,-0.29622820019721985,-0.41999998688697815
117,1002,-0.5800346732139587,-0.20999999344348907
117,1003,-0.5800347328186035,-0.5600000023841858
117,1004,0.42055949568748474,0.03999999910593033
117,1005,0.42055952548980713,-0.3499999940395355
117,1006,-0.6616637706756592,0.029999999329447746
117,1007,-0.6616636514663696,-0.3799999952316284
117,1008,-0.4434637725353241,-0.09000000357627869
117,1009,-0.4434637725353241,-0.38999998569488525
117,1010,-0.11029990017414093,0.38999998569488525
117,1011,-0.11029990017414093,-0.17000000178813934
117,1012,0.37349820137023926,1.3300000429153442
117,1013,0.3734982907772064,1.0299999713897705
117,1014,0.15416428446769714,-0.25999999046325684
117,1015,0.15416419506072998,-0.5899999737739563
117,1016,0.5103714466094971,0.009999999776482582
117,1017,0.5103714466094971,-0.38999998569488525
117,1018,0.14977890253067017,0.10999999940395355
117,1019,0.14977887272834778,-0.30000001192092896
117,1020,-0.3587564527988434,-0.23999999463558197
117,1021,-0.7159078121185303,0.3199999928474426
117,1022,0.20561483502388,0.3799999952316284
117,1023,0.20561489462852478,0.019999999552965164
117,1024,0.2056150734424591,-0.25999999046325684
117,1025,2.678752899169922,1.4299999475479126
117,1026,2.6787526607513428,1.0399999618530273
117,1027,1.6914944648742676,0.6399999856948853
117,1028,1.6914944648742676,0.23000000417232513
117,1029,-2.560805559158325,-1.5099999904632568
117,1030,1.6672016382217407,1.5800000429153442
117,1031,1.6672016382217407,-1.850000023841858
117,1032,-0.23117205500602722,-0.18000000715255737
117,1033,-0.23117202520370483,1.2100000381469727
117,1034,-2.0255069732666016,-0.41999998688697815
117,1035,-2.0255064964294434,-0.5099999904632568
117,1036,-2.0255064964294434,-1.340000033378601
117,1037,-0.028219103813171387,0.029999999329447746
117,1038,-0.02821880578994751,-1.0099999904632568
117,1039,-1.8874914646148682,-0.5
117,1040,-1.8874919414520264,-0.3199999928474426
117,1041,-1.8874917030334473,-1.0755257606506348
117,1042,-1.5145074129104614,-0.3199999928474426
117,1043,-1.5145074129104614,-0.9700000286102295
117,1044,1.1888654232025146,0.4000000059604645
117,1045,1.1888654232025146,-0.699999988079071
117,1046,2.6089518070220947,2.2799999713897705
117,1047,2.6089518070220947,0.14000000059604645
117,1048,0.5054463148117065,-0.019999999552965164
117,1049,0.5054460763931274,1.9900000095367432
117,1050,-0.5085912942886353,-0.2199999988079071
117,1051,-0.5085911154747009,-0.33000001311302185
117,1052,0.6414535641670227,0.33000001311302185
117,1053,0.6414535045623779,-0.550000011920929
117,1054,-1.540968418121338,0.10000000149011612
117,1055,-1.540968418121338,-1.309999942779541
117,1056,-2.465341806411743,-0.7799999713897705
117,1057,-2.465341567993164,-0.5
117,1058,1.6105996370315552,0.5
117,1059,1.6105997562408447,-0.38999998569488525
117,1060,2.4012246131896973,0.6600000262260437
117,1061,2.4012250900268555,0.20999999344348907
117,1062,1.7859933376312256,0.03999999910593033
117,1063,1.7859934568405151,0.3199999928474426
117,1064,-1.1360949277877808,-0.27000001072883606
117,1065,-1.1360951662063599,-0.33000001311302185
117,1066,2.3411989212036133,1.440000057220459
117,1067,2.3411989212036133,-0.6800000071525574
117,1068,0.4702794849872589,0.4099999964237213
117,1069,0.4702794551849365,1.0499999523162842
117,1070,-1.2429313659667969,0.3400000035762787
117,1071,-1.2429313659667969,0.05000000074505806
117,1072,0.9128670692443848,0.4399999976158142
117,1073,0.9128670692443848,-0.05999999865889549
117,1074,-0.19153952598571777,0.46000000834465027
117,1075,-0.19153961539268494,0.07999999821186066
117,1076,0.12829731404781342,0.20999999344348907
117,1077,0.12829731404781342,0.07000000029802322
117,1078,1.4011108875274658,0.46000000834465027
117,1079,1.4011107683181763,-0.05999999865889549
117,1080,2.710895538330078,2.369999885559082
117,1081,2.710895538330078,0.12999999523162842
117,1082,1.223159670829773,0.07999999821186066
117,1083,1.2231597900390625,2.0799999237060547
117,1084,0.580876350402832,0.07000000029802322
117,1085,0.5808764696121216,-0.2800000011920929
117,1086,0.848963737487793,-0.029999999329447746
117,1087,0.848963737487793,-0.20999999344348907
117,1088,-1.0056577920913696,0.11999999731779099
117,1089,-1.195094347000122,-0.20999999344348907
117,1090,-1.1950944662094116,-0.18000000715255737
117,1091,0.3108389675617218,0.46000000834465027
117,1092,0.31083860993385315,-0.029999999329447746
117,1093,0.31083905696868896,0.7799999713897705
117,1094,3.35380482673645,2.140000104904175
117,1095,3.3538050651550293,-0.2199999988079071
117,1096,2.3180904388427734,1.0299999713897705
117,1097,2.3180904388427734,1.7899999618530273
117,1098,-1.6881710290908813,-0.2800000011920929
117,1099,-1.6881707906723022,0.6700000166893005
117,1100,2.1355252265930176,2.1500000953674316
117,1101,2.1355254650115967,-0.5600000023841858
117,1102,1.0320013761520386,0.699999988079071
117,1103,1.0320013761520386,1.7400000095367432
117,1104,-2.6815099716186523,-0.4000000059604645
117,1105,-2.6815097332000732,0.41999998688697815
117,1106,-2.6815097332000732,-0.7648183703422546
117,1107,-2.681509494781494,-0.6700000166893005
117,1108,1.2406946420669556,1.2400000095367432
117,1109,1.2406947612762451,-0.8399999737739563
117,1110,-1.8442678451538086,-0.5299999713897705
117,1111,-1.8442679643630981,0.949999988079071
117,1112,-1.8442680835723877,-0.33000001311302185
117,1113,-1.1918514966964722,-0.5299999713897705
117,1114,-1.1918511390686035,-0.800000011920929
117,1115,2.1397488117218018,1.1100000143051147
117,1116,2.139749050140381,-0.6200000047683716
117,1117,3.379087448120117,0.8700000047683716
117,1118,1.447843074798584,0.9300000071525574
117,1119,0.8205931186676025,0.7200000286102295
117,1120,0.8205928802490234,0.5899999737739563
117,1121,1.115038275718689,1.1399999856948853
117,1122,1.115038275718689,0.4399999976158142
117,1123,-2.341503143310547,0.17000000178813934
117,1124,-1.0641835927963257,0.2800000011920929
117,1125,-0.9575650691986084,-0.2199999988079071
117,1126,-0.9575650691986084,-0.5799999833106995
117,1127,-0.5363460779190063,0.15000000596046448
117,1128,-0.5363461971282959,-0.8500000238418579
117,1129,-1.040787935256958,-0.09000000357627869
117,1130,-1.040787935256958,-0.23000000417232513
117,1131,-1.040787935256958,-0.47999998927116394
117,1132,-0.24140207469463348,-0.15000000596046448
117,1133,-0.24140217900276184,-0.6200000047683716
117,1134,0.8949798345565796,0.18000000715255737
117,1135,0.8949799537658691,-0.38999998569488525
117,1136,-0.18869775533676147,-0.23999999463558197
117,1137,-0.18869763612747192,-0.17000000178813934
117,1138,-0.26447898149490356,0.800000011920929
117,1139,-0.26447904109954834,-0.6700000166893005
117,1140,0.09316018223762512,0.46000000834465027
117,1141,0.09316019713878632,0.3499999940395355
117,1142,-0.8908376693725586,0.4099999964237213
117,1143,-0.8908376693725586,0.07999999821186066
117,1144,-1.1170613765716553,0.20999999344348907
117,1145,-1.1170614957809448,0.05999999865889549
117,1146,-0.1683039516210556,0.3400000035762787
117,1147,-0.16830392181873322,-0.20000000298023224
117,1148,3.8113179206848145,2.799999952316284
117,1149,3.8113179206848145,2.369999885559082
117,1150,3.8113181591033936,-0.019999999552965164
117,1151,-0.8132952451705933,0.009999999776482582
117,1152,-0.8132951259613037,2.0999999046325684
117,1153,-0.32379671931266785,0.41999998688697815
117,1154,-0.3237966001033783,-0.4699999988079071
117,1155,-0.21100519597530365,-0.15000000596046448
117,1156,-0.21100522577762604,-0.029999999329447746
117,1157,0.10547082126140594,0.41999998688697815
117,1158,-0.29392051696777344,0.1599999964237213
117,1159,0.6213213205337524,0.8700000047683716
117,1160,1.8101286888122559,0.8700000047683716
117,1161,1.2368617057800293,0.2800000011920929
117,1162,-1.8417079448699951,0.05999999865889549
117,1163,1.16031014919281,1.0
117,1164,-0.4188341200351715,0.550000011920929
117,1165,-1.472198724746704,-0.5899999737739563
117,1166,-0.4090568423271179,-0.0
117,1167,-1.3229191303253174,-0.07000000029802322
117,1168,-0.9509298205375671,-0.8999999761581421
117,1169,0.5416359901428223,0.5199999809265137
117,1170,1.1070600748062134,2.700000047683716
117,1171,1.1070599555969238,0.5799999833106995
117,1172,0.32007405161857605,-0.0
117,1173,-0.6381442546844482,0.25999999046325684
117,1174,0.5205836296081543,0.2800000011920929
117,1175,-1.0527900457382202,-1.1399999856948853
117,1176,-1.7210369110107422,0.20000000298023224
117,1177,1.3866724967956543,-0.2800000011920929
117,1178,2.3932571411132812,0.4399999976158142
117,1179,2.3932571411132812,-0.4000000059604645
117,1180,1.6128560304641724,0.11999999731779099
117,1181,1.612856149673462,0.05999999865889549
117,1182,0.37398797273635864,0.3499999940395355
117,1183,0.3739880621433258,-0.27000001072883606
117,1184,2.4627137184143066,0.4699999988079071
117,1185,2.4627139568328857,-0.09000000357627869
117,1186,0.6884859204292297,0.09000000357627869
117,1187,0.6884860396385193,0.18000000715255737
117,1188,-0.20345371961593628,-0.3199999928474426
117,1189,-0.20345354080200195,-0.3100000023841858
117,1190,-0.12643373012542725,0.1599999964237213
117,1191,-0.1264338493347168,-0.5199999809265137
117,1192,0.14909064769744873,0.20999999344348907
117,1193,0.14909052848815918,-0.20999999344348907
117,1194,0.1308203935623169,0.4699999988079071
117,1195,0.1308201551437378,-0.07000000029802322
117,1196,1.0958468914031982,0.3700000047683716
117,1197,1.0958468914031982,0.10999999940395355
117,1198,4.714919090270996,-0.0
117,1199,0.6122262477874756,0.14000000059604645
117,1200,-0.6243324279785156,0.27000001072883606
117,1201,-0.6243324279785156,-0.2199999988079071
117,1202,0.6798425912857056,0.029999999329447746
117,1203,0.6798427104949951,-0.10999999940395355
117,1204,0.0005980730056762695,0.5199999809265137
117,1205,0.32324522733688354,-0.05999999865889549
117,1206,0.3232453167438507,0.10000000149011612
117,1207,2.2302584648132324,0.7200000286102295
117,1208,2.230257987976074,0.8899999856948853
117,1209,2.230257987976074,0.8600000143051147
117,1210,1.5060659646987915,1.190000057220459
117,1211,1.5060662031173706,0.5600000023841858
117,1212,2.555187702178955,0.6899999976158142
117,1213,2.555187702178955,0.8399999737739563
117,1214,2.253950595855713,1.0399999618530273
117,1215,2.253950595855713,0.3499999940395355
117,1216,2.184114456176758,1.2000000476837158
117,1217,2.1841139793395996,0.6899999976158142
117,1218,1.8245515823364258,0.8899999856948853
117,1219,1.8245518207550049,0.9100000262260437
117,1220,2.3919005393981934,0.6200000047683716
117,1221,2.3919012546539307,0.4699999988079071
117,1222,1.8288248777389526,0.3100000023841858
117,1223,1.8288248777389526,0.33000001311302185
117,1224,2.241208553314209,0.03999999910593033
117,1225,2.241208791732788,0.029999999329447746
117,1226,2.09958553314209,0.6800000071525574
117,1227,2.0995852947235107,-0.20999999344348907
117,1228,0.9299489259719849,0.23999999463558197
117,1229,0.9299490451812744,0.44999998807907104
117,1230,4.632409572601318,-0.07000000029802322
117,1231,2.200549602508545,0.699999988079071
117,1232,1.732871413230896,0.8199999928474426
117,1233,1.7328712940216064,0.38999998569488525
117,1234,0.3457397222518921,0.1599999964237213
117,1235,0.34574007987976074,0.4699999988079071
117,1236,2.347728967666626,0.7099999785423279
117,1237,2.5263540744781494,1.1699999570846558
117,1238,2.5263543128967285,0.5
117,1239,3.021653890609741,1.8700000047683716
117,1240,3.021653652191162,1.2799999713897705
117,1241,3.0793404579162598,3.759999990463257
117,1242,3.079340696334839,1.100000023841858
117,1243,3.2536611557006836,1.059999942779541
117,1244,3.2536613941192627,3.309999942779541
117,1245,3.072031021118164,0.7599999904632568
117,1246,3.9556198120117188,2.809999942779541
117,1247,2.981860399246216,2.490000009536743
117,1248,2.981860637664795,2.4800000190734863
117,1249,1.856549859046936,0.6000000238418579
117,1250,1.8565504550933838,2.1600000858306885
117,1251,2.6312146186828613,1.6799999475479126
117,1252,2.6312143802642822,0.30000001192092896
117,1253,2.95656681060791,1.3600000143051147
117,1254,2.9565672874450684,1.3799999952316284
117,1255,2.8158557415008545,1.2699999809265137
117,1256,2.8158559799194336,1.0499999523162842
117,1257,2.5258965492248535,2.5399999618530273
117,1258,2.5258970260620117,0.9800000190734863
117,1259,5.120446681976318,2.190000057220459
117,1260,2.8319339752197266,1.350000023841858
117,1261,2.4988365173339844,2.1500000953674316
117,1262,2.4988367557525635,1.0299999713897705
117,1263,0.9220489263534546,0.8799999952316284
117,1264,0.9220491647720337,3.4000000953674316
117,1265,1.8218601942062378,0.8100000023841858
117,1266,3.103670120239258,1.8899999856948853
117,1267,3.1036696434020996,0.5
117,1268,2.876741647720337,0.5099999904632568
117,1269,2.876741647720337,1.909999966621399
117,1270,2.876741647720337,1.5
117,1271,1.1733145713806152,-0.7799999713897705
117,1272,3.2881979942321777,1.149999976158142
117,1273,3.2881975173950195,0.8500000238418579
117,1274,3.2881979942321777,1.9900000095367432
117,1275,3.2881979942321777,1.1799999475479126
117,1276,2.793529748916626,0.4000000059604645
117,1277,2.793529987335205,-0.23000000417232513
117,1278,2.793529748916626,0.8399999737739563
117,1279,2.793529987335205,1.7000000476837158
117,1280,1.955540657043457,-4.610000133514404
117,1281,1.9555407762527466,-0.550000011920929
117,1282,1.955540418624878,-1.0800000429153442
117,1283,1.9555405378341675,-4.099999904632568
117,1284,1.9555405378341675,0.4399999976158142
117,1285,1.9555405378341675,0.25
117,1286,3.839651107788086,1.2100000381469727
117,1287,3.839651107788086,0.019999999552965164
117,1288,2.227617025375366,-0.3700000047683716
117,1289,2.2276172637939453,1.399999976158142
117,1290,0.4648869037628174,-3.299999952316284
117,1291,0.4648864269256592,0.10000000149011612
117,1292,0.4648866653442383,-1.25
117,1293,0.4648866653442383,-3.809999942779541
117,1294,0.46488678455352783,0.5199999809265137
117,1295,0.46488654613494873,0.9800000190734863
117,1296,1.6207661628723145,-0.3499999940395355
117,1297,1.6207661628723145,0.7900000214576721
117,1298,1.620766043663025,0.05000000074505806
117,1299,1.7921671867370605,-0.44999998807907104
117,1300,1.7921671867370605,0.7099999785423279
117,1301,1.7921671867370605,0.44999998807907104
117,1302,1.8555208444595337,-0.8999999761581421
117,1303,1.8555208444595337,0.33000001311302185
117,1304,1.8555207252502441,0.3700000047683716
117,1305,2.348365545272827,-0.5199999809265137
117,1306,2.348365306854248,0.9300000071525574
117,1307,2.348365545272827,-0.15000000596046448
117,1308,5.327183723449707,0.6499999761581421
117,1309,5.327183246612549,0.6499999761581421
117,1310,2.137805223464966,-0.3799999952316284
117,1311,1.3569886684417725,0.2800000011920929
117,1312,1.356988549232483,-0.4000000059604645
117,1313,1.3569884300231934,0.5899999737739563
117,1314,1.3569884300231934,0.3499999940395355
117,1315,1.18573796749115,-0.8700000047683716
117,1316,1.1857380867004395,0.6899999976158142
117,1317,1.1857380867004395,0.27000001072883606
117,1318,0.5784039497375488,-2.799999952316284
117,1319,0.5784035921096802,0.5799999833106995
117,1320,0.5784037113189697,-0.9399999976158142
117,1321,0.5784037113189697,-3.380000114440918
117,1322,0.5784037113189697,0.5299999713897705
117,1323,2.252244472503662,-1.0399999618530273
117,1324,1.908832311630249,-4.099999904632568
117,1325,1.908832311630249,-0.5199999809265137
117,1326,1.9088319540023804,-1.6299999952316284
117,1327,1.9088321924209595,-4.289999961853027
117,1328,1.908832311630249,0.23000000417232513
117,1329,1.908832311630249,0.10999999940395355
117,1330,1.5897375345230103,1.0
117,1331,2.45790696144104,0.6499999761581421
117,1332,2.457907199859619,0.699999988079071
117,1333,1.7673065662384033,0.7599999904632568
117,1334,1.7673062086105347,0.33000001311302185
117,1335,0.0956915020942688,0.6000000238418579
117,1336,0.0956912636756897,0.36000001430511475
117,1337,2.528867244720459,1.3300000429153442
117,1338,2.528867244720459,0.1899999976158142
117,1339,0.8123592734336853,1.0299999713897705
117,1340,0.8123593330383301,0.9800000190734863
117,1341,-0.6585092544555664,0.6299999952316284
117,1342,-0.6585092544555664,0.6600000262260437
117,1343,0.2746011018753052,1.1799999475479126
117,1344,0.2746009826660156,0.23999999463558197
117,1345,0.19253075122833252,0.6100000143051147
117,1346,0.19253087043762207,0.6399999856948853
117,1347,0.3633893132209778,0.8799999952316284
117,1348,0.36338937282562256,0.30000001192092896
117,1349,1.3192212581634521,-0.05000000074505806
117,1350,1.3192213773727417,0.47999998927116394
117,1351,3.2869622707366943,-0.3400000035762787
117,1352,0.9628728628158569,0.3499999940395355
117,1353,-0.08936208486557007,0.41999998688697815
117,1354,-0.08936214447021484,0.03999999910593033
117,1355,0.7760382294654846,-0.10999999940395355
117,1356,0.7760381102561951,0.12999999523162842
117,1357,-0.48607659339904785,0.6299999952316284
117,1358,0.13008970022201538,0.550000011920929
117,1359,0.13008975982666016,0.23000000417232513
117,1360,0.037503860890865326,-0.10999999940395355
117,1361,-0.043510742485523224,-0.12999999523162842
117,1362,-0.04351089149713516,-0.41999998688697815
117,1363,0.1541062295436859,-0.4300000071525574
117,1364,0.15410619974136353,-0.46000000834465027
117,1365,-0.020655017346143723,-0.8799999952316284
117,1366,-0.020655032247304916,-0.7599999904632568
117,1367,0.08553624153137207,0.1599999964237213
117,1368,0.08553627133369446,-1.100000023841858
117,1369,-0.28544771671295166,0.20999999344348907
117,1370,-0.2854476869106293,-0.1899999976158142
117,1371,0.07683902978897095,-0.12999999523162842
117,1372,0.07683907449245453,-0.1899999976158142
117,1373,-0.25493982434272766,-0.12999999523162842
117,1374,-0.25493982434272766,-0.5400000214576721
117,1375,-0.039561934769153595,-0.019999999552965164
117,1376,-0.03956196457147598,-0.5400000214576721
117,1377,0.017937645316123962,-0.25
117,1378,0.017937645316123962,-0.4099999964237213
117,1379,-0.2642107903957367,-0.14000000059604645
117,1380,-0.2642108201980591,-0.5199999809265137
117,1381,-0.4354139268398285,-0.5
117,1382,-0.43541383743286133,-0.38999998569488525
117,1383,-0.4354139566421509,-0.5
117,1384,0.05126844346523285,0.20999999344348907
117,1385,0.05126845836639404,-0.8299999833106995
117,1386,-0.041916050016880035,-0.14000000059604645
117,1387,-0.041915979236364365,-0.27000001072883606
117,1388,-0.18448267877101898,-0.10999999940395355
117,1389,-0.18448254466056824,-0.5099999904632568
117,1390,-0.07845615595579147,0.27000001072883606
117,1391,-0.07845620810985565,-0.4399999976158142
117,1392,-0.07709717005491257,-0.27000001072883606
117,1393,0.3067082464694977,0.699999988079071
117,1394,0.3067079782485962,0.10000000149011612
117,1395,2.063621759414673,0.5199999809265137
117,1396,2.063621997833252,-0.14000000059604645
117,1397,1.1295353174209595,0.25
117,1398,1.1295356750488281,0.2199999988079071
117,1399,-1.3598251342773438,-0.07000000029802322
117,1400,-1.3598252534866333,-0.11999999731779099
117,1401,-1.3598251342773438,-0.4099999964237213
117,1402,1.9050995111465454,1.1799999475479126
117,1403,1.9050997495651245,-0.5899999737739563
117,1404,0.21834971010684967,0.20000000298023224
117,1405,0.21834953129291534,0.9100000262260437
117,1406,-0.9411247372627258,-0.17000000178813934
117,1407,-0.9411247968673706,-0.1599999964237213
117,1408,0.1768423467874527,0.019999999552965164
117,1409,0.17684252560138702,-0.6800000071525574
117,1410,0.1768423318862915,0.5199999809265137
117,1411,-1.856440782546997,0.10999999940395355
117,1412,-1.856440782546997,-0.33000001311302185
117,1413,-1.6083992719650269,0.17000000178813934
117,1414,-1.6083991527557373,-0.28999999165534973
117,1415,1.1514108180999756,0.5899999737739563
117,1416,1.1514108180999756,-0.14000000059604645
117,1417,4.178157329559326,3.5
117,1418,4.178156852722168,3.0199999809265137
117,1419,4.178156852722168,0.2199999988079071
117,1420,0.4349979758262634,-0.10000000149011612
117,1421,0.43499815464019775,2.7200000286102295
117,1422,-0.17665798962116241,-0.10000000149011612
117,1423,-0.17665821313858032,-0.3799999952316284
117,1424,1.0992894172668457,0.46000000834465027
117,1425,1.0992892980575562,-0.4399999976158142
117,1426,0.8353913426399231,-0.20999999344348907
117,1427,0.8353914618492126,0.17000000178813934
117,1428,-1.2763442993164062,0.5199999809265137
117,1429,2.2431979179382324,1.7200000286102295
117,1430,2.2431979179382324,2.0899999141693115
117,1431,4.193317413330078,3.930000066757202
117,1432,4.193317890167236,1.1799999475479126
117,1433,3.8242268562316895,0.800000011920929
117,1434,3.8242270946502686,3.4100000858306885
117,1435,0.07509016990661621,-0.3499999940395355
117,1436,0.07508969306945801,0.27000001072883606
117,1437,3.3500468730926514,2.6600000858306885
117,1438,3.3500468730926514,-0.6700000166893005
117,1439,2.6631014347076416,1.8700000047683716
117,1440,2.6631014347076416,2.2899999618530273
117,1441,-0.5824929475784302,-0.5299999713897705
117,1442,-0.5824928283691406,1.5700000524520874
117,1443,2.9988951683044434,2.25
117,1444,0.017996549606323242,0.09000000357627869
117,1445,0.017996788024902344,1.9600000381469727
117,1446,0.8163079023361206,0.6100000143051147
117,1447,0.8163081407546997,-0.27000001072883606
117,1448,3.358334541320801,0.27000001072883606
117,1449,3.32209849357605,2.6500000953674316
117,1450,3.162611961364746,1.850000023841858
117,1451,3.162611961364746,2.309999942779541
117,1452,2.9807662963867188,2.3499999046325684
117,1453,2.9807662963867188,1.5199999809265137
117,1454,2.7416465282440186,2.0
117,1455,2.7416467666625977,2.0399999618530273
117,1456,1.9092577695846558,1.5
117,1457,1.9092580080032349,1.7000000476837158
117,1458,0.817231297492981,0.8700000047683716
117,1459,3.0480716228485107,2.930000066757202
117,1460,3.0480713844299316,2.2200000286102295
117,1461,3.0480716228485107,0.10000000149011612
117,1462,5.077104568481445,3.009999990463257
117,1463,5.077104568481445,1.8899999856948853
117,1464,4.420391082763672,2.6700000762939453
117,1465,1.844551920890808,2.119999885559082
117,1466,4.316381931304932,1.6399999856948853
117,1467,-0.5216059684753418,0.03999999910593033
117,1468,3.97352933883667,-0.25999999046325684
117,1469,0.772020697593689,0.4699999988079071
117,1470,1.7947564125061035,1.0199999809265137
117,1471,1.7947566509246826,0.07999999821186066
117,1472,4.354691505432129,0.6800000071525574
117,1473,4.239512920379639,0.03999999910593033
117,1474,4.068077087402344,3.240000009536743
117,1475,4.0680766105651855,-0.41999998688697815
117,1476,3.9609038829803467,2.9100000858306885
117,1477,3.6837353706359863,1.690000057220459
117,1478,2.54699969291687,1.909999966621399
117,1479,2.54699969291687,1.5399999618530273
117,1480,2.4401450157165527,2.1700000762939453
117,1481,3.106668710708618,0.9200000166893005
117,1482,3.106668472290039,1.9199999570846558
117,1483,5.28082275390625,1.7699999809265137
117,1484,4.346139907836914,2.0799999237060547
117,1485,-0.2375319004058838,0.17000000178813934
117,1486,-0.2375321388244629,1.7400000095367432
117,1487,4.798445224761963,3.819999933242798
117,1488,4.798445224761963,-0.28999999165534973
117,1489,2.5729851722717285,1.7999999523162842
117,1490,2.5729851722717285,3.4600000381469727
117,1491,2.4588141441345215,0.5299999713897705
117,1492,2.4588136672973633,1.440000057220459
117,1493,3.458299160003662,1.7899999618530273
117,1494,3.458299160003662,0.14000000059604645
117,1495,1.4412180185317993,1.149999976158142
117,1496,1.4412177801132202,1.5299999713897705
117,1497,1.5179438591003418,0.8299999833106995
117,1498,1.5179438591003418,0.7200000286102295
117,1499,4.180570125579834,2.25
117,1500,4.180569648742676,0.6000000238418579
117,1501,5.8430070877075195,1.9500000476837158
117,1502,3.641519784927368,1.600000023841858
117,1503,3.045562505722046,2.1600000858306885
117,1504,3.045562505722046,1.340000033378601
117,1505,3.9335827827453613,2.380000114440918
117,1506,3.9335830211639404,1.7200000286102295
117,1507,3.8063268661499023,1.9299999475479126
117,1508,3.8063266277313232,2.0899999141693115
117,1509,3.0830202102661133,0.699999988079071
117,1510,3.083019971847534,1.6399999856948853
117,1511,-0.01630568504333496,-0.05000000074505806
117,1512,4.45192289352417,1.9299999475479126
117,1513,3.134521007537842,3.6600000858306885
117,1514,4.6977996826171875,-0.5400000214576721
117,1515,3.004040002822876,1.6200000047683716
117,1516,3.004040002822876,3.6600000858306885
117,1517,3.138906717300415,2.869999885559082
117,1518,4.429328441619873,1.7300000190734863
117,1519,5.333251476287842,1.5199999809265137
117,1520,4.525202751159668,1.0499999523162842
117,1521,0.5393638610839844,0.3799999952316284
117,1522,5.714081764221191,0.05000000074505806
117,1523,3.4402241706848145,2.509999990463257
117,1524,4.599494934082031,3.450000047683716
117,1525,4.599494457244873,2.240000009536743
117,1526,3.296163558959961,3.3399999141693115
117,1527,3.296164035797119,2.059999942779541
117,1528,3.29616379737854,3.119999885559082
117,1529,3.29986572265625,2.759999990463257
117,1530,3.29986572265625,1.7899999618530273
117,1531,4.625548839569092,2.490000009536743
117,1532,4.310369491577148,2.4700000286102295
117,1533,4.683698654174805,3.299999952316284
117,1534,4.683699131011963,2.2200000286102295
117,1535,4.278308391571045,2.9700000286102295
117,1536,3.789365768432617,2.7799999713897705
117,1537,0.46488678455352783,-0.10000000149011612
118,0,1.6573165655136108,1.4900000095367432
118,1,1.170350193977356,0.47999998927116394
118,2,0.14292454719543457,0.7300000190734863
118,3,1.9921174049377441,2.140000104904175
118,4,0.4988696575164795,1.3700000047683716
118,5,-0.13537871837615967,-0.2199999988079071
118,6,3.003756046295166,0.8500000238418579
118,7,2.1592049598693848,0.8600000143051147
118,8,-0.2901156544685364,0.11999999731779099
118,9,1.1643226146697998,0.6800000071525574
118,10,2.0976884365081787,0.36000001430511475
118,11,3.1367928981781006,0.47999998927116394
118,12,-1.0336711406707764,0.019999999552965164
118,13,-2.0554115772247314,-0.15000000596046448
118,14,1.3672072887420654,1.7200000286102295
118,15,0.762955904006958,0.8500000238418579
118,16,0.382867693901062,0.8999999761581421
118,17,1.040277361869812,1.2599999904632568
118,18,2.348676919937134,0.5899999737739563
118,19,0.7912040948867798,1.8799999952316284
118,20,0.34418216347694397,0.4699999988079071
118,21,-2.034316301345825,-0.5299999713897705
118,22,1.9659429788589478,0.9700000286102295
118,23,1.5127403736114502,0.9200000166893005
118,24,1.4689351320266724,0.1899999976158142
118,25,1.7814149856567383,0.49000000953674316
118,26,0.324979692697525,0.5699999928474426
118,27,2.002298593521118,1.6299999952316284
118,28,-0.3104020655155182,-0.0
118,29,0.7787661552429199,0.2199999988079071
118,30,0.45651060342788696,0.6499999761581421
118,31,2.011223793029785,0.6700000166893005
118,32,0.19240498542785645,0.28999999165534973
118,33,-0.9782662391662598,0.4399999976158142
118,34,0.659279465675354,0.9200000166893005
118,35,0.5116504430770874,-0.029999999329447746
118,36,-0.5075267553329468,-0.019999999552965164
118,37,2.3446545600891113,0.14000000059604645
118,38,1.6728137731552124,-0.009999999776482582
118,39,-0.6147230863571167,0.25999999046325684
118,40,1.2380821704864502,0.8100000023841858
118,41,0.07798850536346436,-0.05000000074505806
118,42,-0.7697917819023132,0.07999999821186066
118,43,3.1310997009277344,1.25
118,44,2.9779043197631836,1.3300000429153442
118,45,3.6145002841949463,1.9900000095367432
118,46,1.0590180158615112,0.6499999761581421
118,47,2.7398109436035156,0.25999999046325684
118,48,2.2556891441345215,1.9299999475479126
118,49,2.9024174213409424,0.4000000059604645
118,50,1.0848032236099243,0.10000000149011612
118,51,3.0143299102783203,1.0800000429153442
118,52,0.38546085357666016,0.5199999809265137
118,53,1.3285242319107056,1.1799999475479126
118,54,1.0864756107330322,0.6600000262260437
118,55,-0.3859105110168457,0.5600000023841858
119,0,0.93631911277771,1.1233270168304443
119,1,0.6536941528320312,-0.16730400919914246
119,2,-0.13797831535339355,0.11950286477804184
119,3,-1.372668981552124,-1.3899999856948853
119,4,0.6925578117370605,-1.409999966621399
119,5,-0.5720070600509644,-1.899999976158142
119,6,-0.5720070004463196,-1.850000023841858
119,7,-0.5720070600509644,-2.0999999046325684
119,8,0.8649469614028931,-1.0499999523162842
119,9,-2.5323574542999268,-0.9399999976158142
119,10,0.47046804428100586,-0.3499999940395355
119,11,-0.5950939655303955,-1.3899999856948853
119,12,-0.46633368730545044,0.15000000596046448
119,13,-0.018940865993499756,-0.949999988079071
119,14,-0.5150249004364014,0.4000000059604645
119,15,-0.1759481132030487,1.0099999904632568
119,16,-0.11272376030683517,-1.440000057220459
119,17,-0.2034303843975067,-0.38999998569488525
120,0,-1.8519001007080078,6.383999824523926
120,1,0.14680130779743195,0.5370000004768372
121,0,0.5370160341262817,0.9300000071525574
122,0,-2.2649714946746826,-1.5
122,1,-3.095414638519287,-1.7999999523162842
122,2,-3.051661252975464,-1.399999976158142
122,3,-2.072420120239258,-3.799999952316284
122,4,-2.58368182182312,-1.7999999523162842
122,5,-2.5854361057281494,-2.200000047683716
122,6,-2.547722578048706,-0.3499999940395355
122,7,-1.8612924814224243,-2.299999952316284
122,8,0.4459645748138428,0.4000000059604645
122,9,0.8498134613037109,1.0
122,10,0.10533058643341064,0.4000000059604645
122,11,-0.9710551500320435,0.0
122,12,-0.22683453559875488,0.800000011920929
122,13,-1.0139703750610352,-0.800000011920929
122,14,-2.404966354370117,-0.8999999761581421
122,15,-2.4181289672851562,-0.8999999761581421
122,16,2.1357738971710205,-2.5
122,17,-1.5429365634918213,-0.6000000238418579
122,18,-0.5450822710990906,-1.600000023841858
122,19,-0.5450823307037354,-1.3899999856948853
122,20,0.4520314931869507,-3.009999990463257
122,21,0.4520314931869507,-3.5999999046325684
122,22,-0.06419122219085693,-2.0999999046325684
122,23,-0.06419134140014648,-1.7599999904632568
122,24,-0.035830557346343994,-1.75
122,25,-0.3815996050834656,-0.8399999737739563
122,26,1.0261751413345337,0.5400000214576721
122,27,0.153728187084198,-0.8899999856948853
122,28,-0.49318262934684753,-1.0
122,29,0.44223546981811523,-0.6299999952316284
122,30,-0.7225580215454102,-2.299999952316284
122,31,-0.7225587368011475,-1.2599999904632568
122,32,-0.9111881852149963,2.440000057220459
122,33,0.12194633483886719,-1.0
122,34,0.017309516668319702,-1.0
122,35,-0.6052552461624146,-1.0
122,36,-0.5319833755493164,-0.20000000298023224
122,37,0.49511945247650146,0.699999988079071
122,38,-0.6871486902236938,-0.5
122,39,-0.9041337370872498,0.6000000238418579
122,40,-1.033304214477539,-0.6000000238418579
122,41,-1.8365898132324219,1.2000000476837158
122,42,-0.6401357054710388,-0.4000000059604645
122,43,-0.6844120025634766,0.30000001192092896
122,44,-1.0251332521438599,0.20000000298023224
122,45,-1.6436363458633423,0.30000001192092896
122,46,1.6689034700393677,0.4699999988079071
122,47,1.4231786727905273,-0.9800000190734863
122,48,0.4271605610847473,0.20999999344348907
122,49,-0.3655471205711365,-1.1799999475479126
123,0,-0.28828561305999756,-2.7007648944854736
124,0,-1.1739139556884766,3.109999895095825
125,0,3.178053379058838,1.3799999952316284
126,0,1.1280252933502197,2.5
126,1,0.9582922458648682,-0.9799235463142395
126,2,1.769405722618103,1.0
126,3,0.8830373883247375,0.10000000149011612
126,4,1.7055816650390625,0.800000011920929
126,5,-0.770174503326416,1.2000000476837158
126,6,-0.4498635530471802,1.7999999523162842
126,7,0.19150574505329132,-1.2667304277420044
126,8,0.7771725058555603,-1.3384320735931396
126,9,-0.004917055368423462,0.6000000238418579
126,10,-0.3875954747200012,-0.20000000298023224
127,0,0.9857970476150513,0.46000000834465027
127,1,-0.6827143430709839,-0.3400000035762787
127,2,1.2363605499267578,0.6399999856948853
127,3,1.2363605499267578,0.20999999344348907
127,4,1.5712684392929077,0.3499999940395355
127,5,0.05626332759857178,-0.17000000178813934
127,6,-1.181196689605713,-0.699999988079071
127,7,0.7440900802612305,2.809999942779541
127,8,0.7440901398658752,-1.2200000286102295
127,9,1.7241032123565674,-0.6000000238418579
127,10,0.8478285074234009,0.7400000095367432
127,11,-1.5923739671707153,1.1399999856948853
127,12,0.33691781759262085,1.7799999713897705
127,13,0.3369178771972656,1.3300000429153442
127,14,1.5727086067199707,1.2100000381469727
127,15,1.3217992782592773,2.5999999046325684
127,16,0.4024324417114258,-0.49000000953674316
127,17,2.1668827533721924,1.4800000190734863
127,18,1.6396018266677856,0.9700000286102295
127,19,-1.3148185014724731,-0.38999998569488525
127,20,-1.65452241897583,-0.7900000214576721
127,21,0.589756190776825,0.6000000238418579
127,22,-1.2199511528015137,-1.340000033378601
127,23,-0.10827648639678955,-0.1899999976158142
127,24,2.4493095874786377,-0.5899999737739563
127,25,2.4554474353790283,1.4600000381469727
127,26,-0.48865264654159546,-0.1599999964237213
127,27,-0.6952016353607178,0.05000000074505806
127,28,-0.023033618927001953,0.5699999928474426
128,0,-0.5958479642868042,-0.3100000023841858
128,1,-0.0732378363609314,0.3199999928474426
128,2,-2.832793712615967,-1.3799999952316284
128,3,-1.927887201309204,-1.940000057220459
128,4,-2.023174285888672,-1.9299999475479126
128,5,-2.6611523628234863,-2.3499999046325684
128,6,-1.5547786951065063,-0.8899999856948853
128,7,-3.1124348640441895,0.7599999904632568
128,8,-2.069455623626709,0.9700000286102295
128,9,1.4860080480575562,0.1899999976158142
128,10,-0.5958478450775146,1.2000000476837158
128,11,-0.5958479642868042,-1.1666666269302368
128,12,-0.07323786616325378,1.4333332777023315
128,13,-0.0732378363609314,0.6000000238418579
128,14,1.4860079288482666,2.0999999046325684
128,15,1.4860076904296875,-0.8999999761581421
129,0,5.8498430252075195,6.0
129,1,5.8498430252075195,7.0
129,2,5.0244951248168945,6.599999904632568
129,3,5.0244951248168945,3.4000000953674316
129,4,5.444971084594727,3.200000047683716
129,5,5.444971084594727,5.699999809265137
129,6,4.631438732147217,7.800000190734863
129,7,4.631438255310059,3.5
129,8,5.21031379699707,2.4000000953674316
129,9,5.21031379699707,8.399999618530273
129,10,4.588791847229004,8.0
129,11,3.360278606414795,1.899999976158142
129,12,3.360278606414795,9.300000190734863
129,13,3.338319778442383,10.0
129,14,3.338319778442383,2.0999999046325684
129,15,4.544425010681152,3.5
129,16,4.544425010681152,4.099999904632568
129,17,4.6793622970581055,3.799999952316284
129,18,4.6793622970581055,4.0
129,19,4.201602935791016,6.199999809265137
129,20,4.201602935791016,10.199999809265137
129,21,4.663026809692383,11.600000381469727
129,22,4.663027286529541,9.0
130,0,1.571226716041565,0.7699999809265137
130,1,-0.10028076171875,1.1200000047683716
130,2,1.9851608276367188,0.8100000023841858
130,3,3.1375553607940674,2.8399999141693115
130,4,0.4316447377204895,0.36000001430511475
130,5,2.7945261001586914,3.559999942779541
130,6,0.6051586866378784,0.1599999964237213
130,7,0.08374124020338058,0.20999999344348907
130,8,2.604795217514038,1.350000023841858
130,9,2.6011312007904053,3.9100000858306885
130,10,2.865985870361328,2.549999952316284
130,11,2.576991558074951,2.890000104904175
130,12,2.7589354515075684,2.930000066757202
130,13,2.615358591079712,3.0199999809265137
130,14,1.8158702850341797,1.6799999475479126
130,15,2.481447219848633,-0.4099999964237213
131,0,-0.9341922402381897,0.7400000095367432
131,1,0.26169711351394653,0.3199999928474426
131,2,-0.2372201383113861,0.5699999928474426
131,3,1.0681272745132446,1.100000023841858
131,4,-0.22474101185798645,0.36500000953674316
131,5,-0.5190699696540833,0.4399999976158142
131,6,-0.8844214677810669,0.5099999904632568
131,7,-0.7294256091117859,0.12999999523162842
131,8,-0.8383862376213074,0.15000000596046448
131,9,0.01625692844390869,-0.3400000035762787
131,10,-0.5463382601737976,0.33000001311302185
131,11,-1.2949018478393555,0.4099999964237213
131,12,0.04243718832731247,0.4449999928474426
131,13,-0.13806244730949402,0.5699999928474426
131,14,-0.124422088265419,0.6600000262260437
131,15,-0.3030303716659546,0.30000001192092896
131,16,-0.26170647144317627,0.38999998569488525
131,17,-1.243783950805664,-0.5
131,18,-1.5336992740631104,-0.10000000149011612
131,19,-0.9087972640991211,-1.100000023841858
131,20,-0.9087970852851868,-1.100000023841858
131,21,-1.555835485458374,0.0
131,22,-1.3338512182235718,3.759999990463257
131,23,-1.3338514566421509,3.799999952316284
131,24,-0.2921942472457886,3.390000104904175
131,25,-0.2921942472457886,3.0999999046325684
131,26,-0.5420318841934204,3.1700000762939453
131,27,-0.5420315265655518,3.0999999046325684
131,28,-0.5711786150932312,0.41999998688697815
131,29,-0.5711786150932312,0.7799999713897705
131,30,-1.967088222503662,1.2000000476837158
131,31,0.800502359867096,0.25999999046325684
131,32,-0.026615440845489502,0.6200000047683716
131,33,-0.41568392515182495,-0.014999999664723873
131,34,0.6244280338287354,1.8799999952316284
131,35,-0.20584803819656372,1.5800000429153442
131,36,-0.20584803819656372,1.600000023841858
131,37,0.7315212488174438,1.7699999809265137
131,38,0.731521487236023,1.5
131,39,0.856052577495575,2.890000104904175
131,40,0.8560527563095093,-2.9100000858306885
131,41,-1.2347776889801025,0.8050000071525574
131,42,-1.234777808189392,-0.7099999785423279
131,43,1.833298921585083,4.329999923706055
131,44,0.7061920762062073,1.958536982536316
131,45,0.706192135810852,1.8629989624023438
131,46,0.7061922550201416,1.9107680320739746
131,47,0.706192135810852,1.8152300119400024
131,48,0.7061922550201416,1.7196910381317139
131,49,0.7061920762062073,1.9107680320739746
131,50,0.7061921954154968,-2.440000057220459
131,51,0.7061920762062073,-2.009999990463257
131,52,0.7061921954154968,1.958536982536316
131,53,-0.4748648405075073,-0.8799999952316284
131,54,-0.474864661693573,-0.9300000071525574
131,55,0.4759514331817627,1.1549999713897705
131,56,0.47595149278640747,-1.0800000429153442
131,57,-0.782443106174469,-0.6200000047683716
131,58,-0.7824429869651794,0.5699999928474426
131,59,-0.40422990918159485,1.5
131,60,-0.404229998588562,-1.559999942779541
131,61,1.757292628288269,2.3399999141693115
131,62,0.716858983039856,4.989999771118164
131,63,2.1848185062408447,4.679999828338623
131,64,1.545431137084961,3.6500000953674316
131,65,2.374767541885376,4.079999923706055
131,66,1.4366377592086792,3.6700000762939453
131,67,3.061225414276123,4.730000019073486
131,68,2.205536127090454,3.5899999141693115
131,69,-0.17318838834762573,3.5399999618530273
131,70,0.9029717445373535,4.869999885559082
131,71,0.6538751125335693,3.069999933242798
131,72,0.4685652256011963,0.9300000071525574
131,73,-0.20843183994293213,2.069999933242798
131,74,-0.20843219757080078,-2.0299999713897705
131,75,-0.10362118482589722,-1.2400000095367432
131,76,0.24521076679229736,-1.1449999809265137
131,77,0.24521088600158691,1.149999976158142
131,78,-0.10254406929016113,0.14000000059604645
131,79,-0.22194446623325348,-0.7400000095367432
131,80,0.6605026721954346,0.7450000047683716
131,81,0.6605026721954346,-0.7099999785423279
131,82,0.565222978591919,0.4699999988079071
131,83,0.565222978591919,-0.4399999976158142
131,84,0.07105344533920288,1.3550000190734863
131,85,0.07105332612991333,-1.350000023841858
131,86,0.7223942279815674,-0.33000001311302185
131,87,0.7223942875862122,0.7099999785423279
131,88,0.2616971433162689,-0.05000000074505806
131,89,1.0681272745132446,0.8999999761581421
131,90,-0.22474101185798645,0.5600000023841858
131,91,-0.5463380813598633,0.4000000059604645
131,92,0.042437128722667694,0.49000000953674316
131,93,-1.243783950805664,-0.4000000059604645
131,94,-1.243783950805664,0.5
131,95,-0.2921940088272095,2.7699999809265137
131,96,-0.2921943664550781,2.869999885559082
131,97,-0.2921942472457886,3.0933332443237305
131,98,-0.2921941876411438,3.190000057220459
131,99,-0.2921942472457886,3.509999990463257
131,100,-0.5711782574653625,0.6399999856948853
131,101,-0.5711784362792969,0.8675000071525574
131,102,-0.5711782574653625,-0.7099999785423279
131,103,-0.41568392515182495,-0.029999999329447746
131,104,0.6244279146194458,2.0250000953674316
131,105,0.6244277954101562,1.7300000190734863
131,106,-0.2058478593826294,0.5
131,107,-0.20584779977798462,2.0
131,108,0.7315213680267334,1.899999976158142
131,109,1.8332988023757935,4.949999809265137
131,110,1.8332984447479248,5.119999885559082
131,111,1.833298921585083,4.329999923706055
131,112,0.706192135810852,1.530550241470337
131,113,0.706192135810852,2.1295933723449707
131,114,-0.47486481070518494,-0.8125
132,0,0.7044130563735962,-0.30000001192092896
132,1,0.00921088457107544,-0.800000011920929
132,2,1.0832955837249756,-1.0
132,3,0.9630195498466492,0.10000000149011612
132,4,-0.03089773654937744,-2.0
132,5,0.3481670618057251,-0.8999999761581421
132,6,1.27022385597229,0.800000011920929
132,7,0.44980132579803467,-0.8999999761581421
132,8,1.0154063701629639,0.10000000149011612
132,9,0.9668276309967041,-0.6000000238418579
132,10,-0.3447377681732178,-0.800000011920929
132,11,0.6301798224449158,1.600000023841858
132,12,0.767087459564209,-1.7999999523162842
132,13,0.49746084213256836,-0.800000011920929
132,14,-0.32653164863586426,-1.0
132,15,-0.11325693130493164,0.4000000059604645
132,16,1.1668272018432617,0.4000000059604645
132,17,0.9404742121696472,0.4000000059604645
132,18,0.9864441156387329,-0.20000000298023224
132,19,3.0526678562164307,3.059999942779541
132,20,1.6517566442489624,1.2599999904632568
133,0,1.8882492780685425,0.4300000071525574
133,1,0.30787336826324463,0.44999998807907104
133,2,-0.1216881275177002,0.27000001072883606
133,3,0.6434963345527649,0.4399999976158142
133,4,0.017870113253593445,0.7200000286102295
133,5,0.017870202660560608,1.9500000476837158
133,6,0.01787009835243225,2.200000047683716
133,7,0.4601342976093292,0.7599999904632568
133,8,0.4601343870162964,1.7100000381469727
133,9,0.46013420820236206,1.899999976158142
133,10,0.6862655878067017,0.47801145911216736
133,11,-0.7868726253509521,-1.9359464645385742
133,12,0.32332643866539,-0.09560229629278183
133,13,2.909803628921509,6.360000133514404
133,14,3.0300307273864746,0.12479700148105621
133,15,3.1952452659606934,0.5807539820671082
133,16,1.7658805847167969,3.2100000381469727
133,17,2.009813070297241,-0.11464600265026093
133,18,2.009812831878662,4.550000190734863
133,19,0.155105322599411,-1.100000023841858
133,20,0.1551053822040558,-0.3499999940395355
133,21,0.15510541200637817,-0.20000000298023224
133,22,1.7430932521820068,4.380000114440918
133,23,0.557113766670227,1.7899999618530273
133,24,0.3771551847457886,0.800000011920929
133,25,1.9087117910385132,2.8499999046325684
133,26,0.5689741969108582,2.200000047683716
133,27,0.47892314195632935,0.07999999821186066
133,28,3.032595157623291,2.990000009536743
133,29,3.6130337715148926,4.809999942779541
133,30,0.8088668584823608,0.4300000071525574
133,31,0.6568849682807922,3.200000047683716
133,32,1.5516929626464844,2.799999952316284
133,33,1.5516927242279053,3.2333333492279053
133,34,0.9371746778488159,2.700000047683716
133,35,1.134385108947754,2.4000000953674316
133,36,0.9537572860717773,2.0999999046325684
133,37,0.46473920345306396,-0.6899999976158142
133,38,-0.24347668886184692,0.7887189388275146
133,39,-0.3855494260787964,2.5
133,40,0.5407537221908569,2.799999952316284
133,41,2.347895622253418,4.199999809265137
133,42,3.325713634490967,7.289473533630371
133,43,-0.696635365486145,0.4399999976158142
133,44,0.1787024736404419,0.699999988079071
133,45,1.2448680400848389,0.6700000166893005
133,46,2.4146437644958496,1.1799999475479126
133,47,2.037400245666504,1.9199999570846558
133,48,2.903313159942627,2.7799999713897705
133,49,2.1416025161743164,3.799999952316284
133,50,2.8634703159332275,7.346889972686768
133,51,2.0102438926696777,2.5799999237060547
133,52,2.8371353149414062,4.869999885559082
133,53,-0.8295066356658936,1.9500000476837158
133,54,-0.3594619035720825,1.090000033378601
133,55,1.820556879043579,2.8499999046325684
133,56,2.886698007583618,5.523923397064209
133,57,-0.7307417392730713,1.2999999523162842
133,58,-0.3826465606689453,2.369999885559082
133,59,1.007171630859375,2.0299999713897705
133,60,2.154428720474243,3.5
133,61,0.851604163646698,0.6000000238418579
133,62,0.8132816553115845,1.399999976158142
133,63,0.5493429899215698,1.5
133,64,3.1601250171661377,12.0
133,65,0.9913455247879028,3.5399999618530273
133,66,3.277940034866333,11.699999809265137
133,67,0.30787330865859985,0.5649999976158142
133,68,-0.12168800830841064,0.4449999928474426
133,69,0.464739054441452,-0.4650000035762787
134,0,-1.1709399223327637,0.28999999165534973
135,0,1.1294679641723633,0.9700000286102295
135,1,-0.04870200157165527,0.6200000047683716
135,2,-1.8352631330490112,0.4000000059604645
135,3,-0.9214325547218323,-0.4000000059604645
135,4,-0.3204104006290436,0.6600000262260437
135,5,-1.5928475856781006,0.25
135,6,-0.9347013831138611,0.27000001072883606
135,7,-1.3144383430480957,1.1799999475479126
135,8,1.911371111869812,2.359999895095825
135,9,0.8583453893661499,1.4299999475479126
135,10,2.1284067630767822,2.0299999713897705
135,11,1.3853399753570557,2.009999990463257
135,12,1.2706981897354126,0.9100000262260437
135,13,0.6771206259727478,0.9900000095367432
135,14,-0.6561940908432007,-0.5699999928474426
135,15,0.8863294720649719,1.7999999523162842
135,16,0.7554869055747986,1.6200000047683716
135,17,0.06959033012390137,0.4099999964237213
135,18,0.688456654548645,0.5
135,19,1.4989709854125977,1.899999976158142
135,20,-0.6722561120986938,0.3799999952316284
135,21,-1.9830825328826904,0.9800000190734863
135,22,-1.4892116785049438,0.46000000834465027
135,23,-0.35101741552352905,1.0499999523162842
135,24,0.03931066393852234,0.75
135,25,-0.7321579456329346,2.4100000858306885
135,26,0.86754310131073,0.3799999952316284
135,27,-0.35078179836273193,1.0199999809265137
136,0,1.8571052551269531,1.2699999809265137
136,1,-0.3640434741973877,-0.6800000071525574
136,2,1.7701351642608643,1.6299999952316284
136,3,2.4402413368225098,2.2899999618530273
136,4,1.521677017211914,0.9900000095367432
136,5,2.2983639240264893,2.7100000381469727
136,6,2.7333385944366455,0.9700000286102295
136,7,2.039065361022949,3.0199999809265137
136,8,3.8428633213043213,1.7100000381469727
136,9,1.3265925645828247,0.7400000095367432
136,10,2.604278087615967,3.380000114440918
136,11,1.6794066429138184,1.6399999856948853
136,12,1.812076449394226,0.6000000238418579
136,13,2.235729932785034,2.0
136,14,1.6381027698516846,2.4000000953674316
136,15,1.374869465827942,1.7799999713897705
136,16,3.0431861877441406,2.8399999141693115
136,17,0.5501209497451782,0.7099999785423279
136,18,0.8720866441726685,0.6299999952316284
136,19,1.2394026517868042,0.7099999785423279
136,20,2.5526227951049805,2.0199999809265137
136,21,1.8639671802520752,1.899999976158142
136,22,1.4956587553024292,1.6799999475479126
136,23,1.189162015914917,1.25
136,24,1.7774529457092285,1.409999966621399
136,25,0.09981322288513184,-0.10999999940395355
136,26,1.7892367839813232,0.3700000047683716
136,27,0.859387218952179,0.7300000190734863
136,28,-0.41544198989868164,0.18000000715255737
136,29,0.023558378219604492,1.649999976158142
136,30,1.8798434734344482,1.100000023841858
136,31,1.9162415266036987,2.2699999809265137
136,32,3.3228847980499268,2.5899999141693115
136,33,2.6942684650421143,2.3399999141693115
136,34,2.211988687515259,0.03585086017847061
136,35,3.844977378845215,3.6500000953674316
136,36,3.6913998126983643,-0.016730401664972305
136,37,1.1151372194290161,-0.040630973875522614
136,38,1.9917097091674805,0.5199999809265137
136,39,3.2150609493255615,4.165870189666748
136,40,2.2089242935180664,2.4000000953674316
136,41,2.751466989517212,-0.13145315647125244
137,0,-1.6342666149139404,-0.8199999928474426
137,1,-1.6342666149139404,-1.7000000476837158
137,2,0.015954971313476562,-0.4399999976158142
137,3,0.015955209732055664,0.4399999976158142
137,4,0.8997695446014404,2.3299999237060547
137,5,0.8997695446014404,-2.3299999237060547
137,6,-0.5943922996520996,0.9200000166893005
137,7,-0.57236647605896,0.8399999737739563
137,8,-0.5723663568496704,-0.8399999737739563
137,9,0.012585103511810303,2.5299999713897705
137,10,-0.10240340232849121,2.569999933242798
137,11,-1.6342668533325195,-0.8120759725570679
137,12,-0.5943923592567444,-1.715000033378601
137,13,0.012585163116455078,0.8416666388511658
137,14,-0.10240364074707031,0.8556666374206543
138,0,0.5725523233413696,0.4000000059604645
139,0,-1.618735909461975,-0.30000001192092896
139,1,-1.429619312286377,-0.47999998927116394
139,2,0.1979725956916809,-1.0700000524520874
139,3,0.2878546118736267,-0.44999998807907104
139,4,-2.2202486991882324,-1.25
139,5,-0.29339057207107544,-0.7200000286102295
140,0,2.3323376178741455,2.6700000762939453
140,1,1.069485068321228,0.9200000166893005
140,2,-1.2468539476394653,-1.5499999523162842
140,3,0.767019510269165,0.14000000059604645
140,4,3.2068848609924316,2.740000009536743
140,5,0.5329465866088867,-0.019999999552965164
140,6,3.599503517150879,3.5799999237060547
140,7,0.5087056159973145,0.2800000011920929
140,8,0.42519330978393555,1.6299999952316284
140,9,-0.05424279719591141,0.3700000047683716
140,10,2.593754291534424,3.299999952316284
140,11,0.26615190505981445,0.800000011920929
140,12,3.367360830307007,2.4000000953674316
140,13,3.3728556632995605,1.909999966621399
140,14,0.9158064126968384,0.8799999952316284
140,15,3.749634265899658,4.130000114440918
140,16,2.3611958026885986,2.880000114440918
140,17,2.682072401046753,3.9600000381469727
140,18,2.8984317779541016,2.809999942779541
140,19,-1.4462791681289673,0.27000001072883606
140,20,0.04935109615325928,2.5799999237060547
140,21,0.5701814889907837,1.2599999904632568
140,22,2.7991435527801514,1.399999976158142
140,23,3.142998218536377,2.690000057220459
140,24,3.7759246826171875,3.9600000381469727
140,25,3.3308143615722656,1.2100000381469727
140,26,4.50055456161499,4.059999942779541
140,27,3.5529696941375732,1.8799999952316284
140,28,0.7934665679931641,3.0899999141693115
140,29,2.410006046295166,5.429999828338623
140,30,0.9321120977401733,2.740000009536743
140,31,1.392336368560791,1.7300000190734863
140,32,1.2184641361236572,0.9300000071525574
140,33,0.8539315462112427,0.10999999940395355
141,0,3.6747255325317383,6.139999866485596
141,1,1.6700488328933716,0.8673114776611328
141,2,0.2556952238082886,2.3947598934173584
141,3,0.2974250316619873,2.4438676834106445
141,4,2.6542553901672363,2.782048225402832
141,5,2.6965036392211914,2.533972978591919
141,6,1.9411479234695435,2.5388987064361572
141,7,2.0755252838134766,2.1671833992004395
141,8,0.6554749608039856,2.712441921234131
141,9,-0.19731169939041138,1.7128256559371948
141,10,0.342159628868103,3.200334310531616
141,11,-0.5571635961532593,2.9735536575317383
141,12,0.911547064781189,2.9621100425720215
141,13,1.2107067108154297,2.2212166786193848
141,14,1.76816725730896,2.3129138946533203
141,15,2.6451454162597656,2.724682092666626
141,16,1.113411784172058,2.258880615234375
141,17,1.3492060899734497,2.351374387741089
141,18,1.7701470851898193,2.6584086418151855
141,19,0.7280731201171875,3.0628626346588135
142,0,0.6167328357696533,2.0
142,1,2.0482048988342285,3.0
142,2,0.4828035831451416,3.0
142,3,2.1826982498168945,2.0
142,4,1.4616553783416748,2.0
142,5,2.1810460090637207,1.0
143,0,1.0337409973144531,2.0799999237060547
143,1,2.7176616191864014,3.8299999237060547
143,2,3.5696141719818115,2.700000047683716
143,3,1.4133168458938599,2.700000047683716
143,4,3.9485745429992676,3.2300000190734863
143,5,3.2343339920043945,4.880000114440918
143,6,1.7164642810821533,2.1500000953674316
143,7,2.216207265853882,4.449999809265137
143,8,0.025742176920175552,0.4000000059604645
143,9,1.7148897647857666,0.800000011920929
143,10,3.6493215560913086,2.200000047683716
143,11,-0.24534620344638824,0.20000000298023224
144,0,2.262240409851074,2.0
144,1,-0.28978192806243896,-0.30000001192092896
144,2,0.9179586172103882,1.899999976158142
144,3,1.5492557287216187,2.200000047683716
144,4,2.1641924381256104,2.4000000953674316
144,5,1.2661709785461426,1.0
145,0,1.6375279426574707,1.3799999952316284
145,1,3.2265446186065674,3.7200000286102295
145,2,0.0023941993713378906,0.6100000143051147
145,3,1.6922450065612793,0.3499999940395355
145,4,0.5365588068962097,0.3499999940395355
145,5,3.1137452125549316,0.3499999940395355
145,6,0.8249057531356812,0.2800000011920929
145,7,1.1055214405059814,0.47999998927116394
145,8,1.313051462173462,-0.10999999940395355
145,9,0.12326841056346893,0.4099999964237213
145,10,-0.38096708059310913,0.41999998688697815
145,11,0.30412620306015015,0.20999999344348907
145,12,-0.8233648538589478,-0.10999999940395355
145,13,2.6376302242279053,3.3299999237060547
145,14,1.1549439430236816,1.190000057220459
145,15,-0.35229218006134033,-0.10999999940395355
145,16,0.8281371593475342,0.9300000071525574
145,17,1.8271769285202026,2.809999942779541
145,18,1.2949119806289673,2.1600000858306885
145,19,3.2699153423309326,0.7400000095367432
145,20,0.38844990730285645,0.4099999964237213
145,21,4.116876125335693,5.019999980926514
145,22,0.7289190292358398,0.4099999964237213
145,23,3.570007801055908,3.6600000858306885
145,24,0.8962173461914062,1.1200000047683716
145,25,2.9323620796203613,0.8700000047683716
145,26,0.40979090332984924,-0.25
145,27,2.1297855377197266,2.940000057220459
145,28,1.8820478916168213,1.6399999856948853
145,29,1.6912068128585815,1.3799999952316284
145,30,0.8944846391677856,1.4500000476837158
145,31,2.573471784591675,2.4200000762939453
145,32,0.6651574969291687,0.6700000166893005
145,33,1.334984540939331,1.940000057220459
145,34,3.9290852546691895,4.164999961853027
145,35,0.3836486339569092,0.4099999964237213
145,36,3.0254647731781006,2.6050000190734863
145,37,3.1900172233581543,2.2899999618530273
145,38,0.43782949447631836,-0.0
146,0,1.9321937561035156,2.700000047683716
146,1,-0.36461830139160156,2.299999952316284
146,2,1.7235990762710571,4.579999923706055
146,3,1.3420671224594116,1.0499999523162842
146,4,2.248965263366699,3.440000057220459
146,5,0.5950984954833984,3.299999952316284
146,6,2.3456194400787354,3.200000047683716
146,7,3.4022717475891113,1.649999976158142
147,0,-0.6020716428756714,0.7699999809265137
147,1,2.890324831008911,0.699999988079071
147,2,2.6007022857666016,1.3300000429153442
147,3,2.029296636581421,0.12999999523162842
147,4,0.28209978342056274,3.430000066757202
147,5,1.1999032497406006,0.5299999713897705
148,0,0.77360600233078,1.2699999809265137
148,1,0.5628072619438171,1.340000033378601
148,2,2.371401309967041,1.4800000190734863
148,3,2.0309126377105713,3.8399999141693115
148,4,1.1410839557647705,1.3799999952316284
148,5,0.9116754531860352,1.149999976158142
148,6,-2.172549247741699,-0.07000000029802322
148,7,-0.6618828773498535,0.44999998807907104
148,8,-1.4700968265533447,0.019999999552965164
148,9,0.789532482624054,0.9800000190734863
148,10,-0.7449923753738403,0.3199999928474426
148,11,0.4341314435005188,0.6000000238418579
148,12,-0.07551435381174088,1.8799999952316284
148,13,2.2812764644622803,2.630000114440918
148,14,-0.12314403057098389,0.27000001072883606
148,15,1.398207664489746,1.0199999809265137
148,16,1.7220553159713745,1.6799999475479126
148,17,2.9938371181488037,4.150000095367432
148,18,-0.706049919128418,-0.25
148,19,0.7747327089309692,0.28999999165534973
148,20,3.0102591514587402,4.329999923706055
148,21,-2.078036069869995,-0.5
148,22,0.622473955154419,1.3600000143051147
148,23,0.27338510751724243,0.4099999964237213
148,24,2.791335105895996,0.6000000238418579
148,25,2.7149150371551514,5.75
148,26,3.086252212524414,1.3300000429153442
148,27,3.6196541786193848,1.7599999904632568
148,28,-1.3280682563781738,-0.6100000143051147
148,29,0.6834360361099243,0.6899999976158142
148,30,-1.010317325592041,0.07000000029802322
148,31,1.029616117477417,1.0199999809265137
148,32,-0.2825976610183716,0.3400000035762787
148,33,1.4425561428070068,1.159999966621399
148,34,3.3437962532043457,1.9299999475479126
148,35,3.40187931060791,2.319999933242798
148,36,3.126770257949829,0.6000000238418579
148,37,0.04682520031929016,0.5400000214576721
148,38,0.7334669232368469,1.7300000190734863
148,39,2.533118486404419,2.869999885559082
148,40,2.5376811027526855,2.740000009536743
148,41,2.7647809982299805,2.740000009536743
148,42,1.392688512802124,1.5499999523162842
148,43,3.372891426086426,2.2699999809265137
148,44,2.2164976596832275,0.23999999463558197
148,45,3.337977647781372,0.5600000023841858
148,46,-1.3258227109909058,-0.28999999165534973
148,47,0.6479710340499878,0.6700000166893005
148,48,-0.6335784196853638,0.25999999046325684
148,49,0.3971158266067505,0.7099999785423279
148,50,-0.07969921827316284,0.46000000834465027
148,51,1.486685872077942,0.8500000238418579
148,52,-3.1865170001983643,0.5799999833106995
148,53,2.1330883502960205,1.1299999952316284
148,54,-0.8389068245887756,-0.3700000047683716
148,55,0.731505274772644,0.800000011920929
148,56,-1.1124367713928223,0.15000000596046448
148,57,0.08921045064926147,0.7900000214576721
148,58,-0.6329787969589233,0.2199999988079071
148,59,0.3897724747657776,0.38999998569488525
148,60,-1.066034197807312,-0.20999999344348907
148,61,0.5788747668266296,0.7699999809265137
148,62,-2.0211758613586426,0.10000000149011612
148,63,-1.3650834560394287,-0.15000000596046448
148,64,0.12472209334373474,0.7900000214576721
148,65,1.4540586471557617,1.7400000095367432
148,66,2.2694554328918457,0.4000000059604645
148,67,2.4965996742248535,1.159999966621399
148,68,0.6212928295135498,0.5899999737739563
149,0,-2.257561206817627,-0.6000000238418579
149,1,4.870571136474609,2.1700000762939453
149,2,3.175248384475708,0.9900000095367432
149,3,-0.7633920311927795,-0.4000000059604645
149,4,-1.7443912029266357,-0.10000000149011612
149,5,1.395379900932312,0.10000000149011612
149,6,1.1184282302856445,0.5
149,7,-0.1071256697177887,-0.14374999701976776
149,8,-0.04018503427505493,0.14374999701976776
149,9,-0.2817353904247284,0.061250001192092896
149,10,0.1761062890291214,0.862500011920929
149,11,0.14550060033798218,0.41874998807907104
149,12,0.8156675100326538,0.699999988079071
149,13,4.285783767700195,1.100000023841858
149,14,5.387442111968994,2.0999999046325684
149,15,4.2829999923706055,2.619999885559082
149,16,2.1773760318756104,0.8899999856948853
149,17,2.4604451656341553,2.6600000858306885
149,18,-2.296319007873535,-1.0571428537368774
149,19,-1.4975223541259766,1.117142915725708
149,20,-1.263658046722412,0.25999999046325684
149,21,-2.049379348754883,-0.16571427881717682
149,22,-2.555288791656494,0.6800000071525574
149,23,0.6401050686836243,0.5199999809265137
149,24,1.6433887481689453,-0.10000000149011612
149,25,1.6433885097503662,0.8299999833106995
149,26,0.5727691650390625,0.6200000047683716
149,27,-0.43050605058670044,-0.5350000262260437
149,28,-2.016324996948242,-1.159999966621399
149,29,1.5712231397628784,0.03999999910593033
149,30,-0.5770318508148193,-0.3799999952316284
149,31,-1.273883581161499,-0.8299999833106995
149,32,1.2279911041259766,0.33000001311302185
149,33,0.619246780872345,0.44999998807907104
149,34,0.5118675231933594,0.07999999821186066
149,35,0.8936595916748047,-0.23000000417232513
149,36,-0.021018605679273605,-0.36000001430511475
149,37,-2.7489969730377197,-0.4699999988079071
149,38,-2.1228036880493164,-0.5199999809265137
149,39,0.23998349905014038,0.05000000074505806
149,40,2.041093349456787,-0.03999999910593033
149,41,1.0803526639938354,0.10999999940395355
149,42,3.2816829681396484,0.4300000071525574
149,43,0.6983852386474609,-0.3499999940395355
149,44,3.169306755065918,2.2300000190734863
149,45,1.1217468976974487,1.090000033378601
149,46,3.621184825897217,1.7999999523162842
149,47,0.25159287452697754,0.6000000238418579
149,48,1.1353685855865479,1.100000023841858
149,49,3.472370147705078,1.100000023841858
149,50,0.5025839805603027,-0.6000000238418579
149,51,1.6933528184890747,-0.8999999761581421
149,52,1.052657961845398,0.10000000149011612
149,53,2.858426809310913,0.8600000143051147
149,54,2.8581230640411377,0.2800000011920929
149,55,1.18614661693573,0.6000000238418579
149,56,2.1363911628723145,0.6000000238418579
149,57,0.5317459106445312,0.0
149,58,2.0058484077453613,0.6499999761581421
149,59,0.8345972299575806,0.05000000074505806
149,60,-1.2156004905700684,0.14374999701976776
149,61,-0.9604090452194214,0.4300000071525574
149,62,-0.48719605803489685,0.3187499940395355
149,63,-0.045581281185150146,-0.14124999940395355
149,64,4.073927402496338,1.399999976158142
149,65,3.34735107421875,0.5171428322792053
149,66,2.8323042392730713,1.7000000476837158
149,67,0.6832324266433716,1.5
149,68,0.8483564853668213,0.800000011920929
149,69,1.8808653354644775,2.200000047683716
149,70,0.8286323547363281,1.600000023841858
149,71,3.376267194747925,0.6299999952316284
149,72,0.8837149143218994,0.12999999523162842
149,73,0.727872371673584,1.100000023841858
149,74,0.8892967700958252,-0.10000000149011612
149,75,4.387146949768066,5.590000152587891
149,76,1.9564142227172852,1.7000000476837158
149,77,3.3860912322998047,0.9200000166893005
149,78,1.7168573141098022,0.07000000029802322
149,79,2.195619583129883,0.5299999713897705
149,80,1.0381025075912476,0.800000011920929
149,81,2.7091989517211914,1.2000000476837158
149,82,0.6163190603256226,0.0
149,83,0.8225361108779907,0.0
149,84,1.6782822608947754,0.10000000149011612
149,85,2.182438850402832,0.40857142210006714
149,86,2.977271556854248,2.200000047683716
149,87,0.08051000535488129,-0.5914285778999329
149,88,-0.6823998093605042,0.6499999761581421
149,89,0.2617296874523163,0.44999998807907104
149,90,-0.5932525396347046,0.38999998569488525
149,91,-1.1881859302520752,0.26571428775787354
149,92,2.355827808380127,1.408571481704712
149,93,-0.7154651284217834,0.26571428775787354
149,94,-1.3432807922363281,-0.1899999976158142
149,95,2.3968846797943115,0.8500000238418579
149,96,-0.19672220945358276,-0.23000000417232513
149,97,2.3171234130859375,1.4428571462631226
149,98,2.595611095428467,0.33714285492897034
149,99,0.10080662369728088,-0.7571428418159485
149,100,1.6312973499298096,0.7649999856948853
149,101,-0.08573633432388306,-0.6000000238418579
149,102,-0.8586944341659546,-0.3499999940395355
149,103,-0.5181857943534851,-0.41999998688697815
149,104,1.978261947631836,3.809999942779541
149,105,1.4532663822174072,2.4200000762939453
149,106,1.727464199066162,2.990000009536743
149,107,1.1060724258422852,0.6000000238418579
149,108,-0.4230424165725708,0.07000000029802322
149,109,-0.042227864265441895,0.17000000178813934
149,110,1.6821727752685547,1.100000023841858
149,111,1.1322674751281738,0.8999999761581421
149,112,-2.257561445236206,-0.44999998807907104
149,113,4.870572090148926,3.700000047683716
149,114,4.870571136474609,1.6799999475479126
149,115,3.175248146057129,2.299999952316284
149,116,3.175248622894287,0.7200000286102295
149,117,-0.7633922696113586,-0.4000000059604645
149,118,-1.7443909645080566,-0.10000000149011612
149,119,1.1956419944763184,0.9337499737739563
149,120,0.8156676292419434,0.32499998807907104
149,121,4.285784721374512,1.100000023841858
149,122,1.6433887481689453,0.6499999761581421
149,123,1.6433887481689453,0.6399999856948853
149,124,3.472369909286499,1.9199999570846558
149,125,2.858426809310913,0.07999999821186066
149,126,2.858426809310913,2.059999942779541
149,127,2.8584272861480713,1.3300000429153442
149,128,2.0058488845825195,0.20999999344348907
149,129,2.0058486461639404,1.899999976158142
149,130,4.073927402496338,1.399999976158142
149,131,3.34735107421875,0.6000000238418579
149,132,3.34735107421875,0.4399999976158142
149,133,2.8323044776916504,1.024999976158142
149,134,2.380457878112793,0.15000000596046448
149,135,2.380457878112793,0.30000001192092896
149,136,2.380457878112793,1.7799999713897705
149,137,3.376267194747925,0.09000000357627869
149,138,3.3762667179107666,0.38999998569488525
149,139,3.3762669563293457,2.369999885559082
149,140,3.3860909938812256,0.009999999776482582
149,141,3.3860909938812256,2.0399999618530273
149,142,0.06620661914348602,-1.002500057220459
149,143,1.6682031154632568,0.581250011920929
149,144,2.595611095428467,-0.0
149,145,2.595611095428467,0.6700000166893005
150,0,0.1726735383272171,-1.7208412885665894
150,1,-1.5700182914733887,0.47801145911216736
150,2,-0.5123093724250793,-1.7686424255371094
150,3,-1.2211339473724365,-1.4579349756240845
150,4,-0.49418553709983826,0.07999999821186066
150,5,-1.1613770723342896,-1.3145315647125244
150,6,-0.0665128082036972,0.23900572955608368
150,7,-1.0846564769744873,1.3623327016830444
150,8,-0.5021040439605713,-0.46000000834465027
150,9,-0.5021038055419922,-0.16730400919914246
150,10,-0.6941618919372559,0.047801148146390915
150,11,0.4761263430118561,2.0315487384796143
150,12,-0.2328147441148758,-0.5497131943702698
150,13,1.08955717086792,-0.7699999809265137
150,14,0.7477309107780457,-0.550000011920929
150,15,-3.000187635421753,0.8126195073127747
150,16,1.149221658706665,1.909999966621399
150,17,1.9869859218597412,1.2000000476837158
150,18,1.986985683441162,1.4800000190734863
150,19,0.9868773221969604,0.20000000298023224
150,20,0.9868771433830261,1.6699999570846558
150,21,-1.8165831565856934,0.9321223497390747
150,22,1.1728038787841797,-0.5299999713897705
150,23,0.2163621187210083,-0.25999999046325684
150,24,-0.08677762746810913,0.2629063129425049
150,25,0.986194908618927,-0.047801148146390915
150,26,0.7506771683692932,1.0277246236801147
150,27,-0.6389769911766052,-2.103250503540039
150,28,0.008683830499649048,0.7170172333717346
150,29,-0.2910573184490204,-0.3824091851711273
150,30,0.6723661422729492,-0.30000001192092896
150,31,0.6723659038543701,-1.6299999952316284
150,32,-2.951294183731079,-0.2868068814277649
150,33,1.1068427562713623,-1.0516252517700195
150,34,-0.7041577696800232,0.33000001311302185
150,35,0.5205070376396179,1.1950286626815796
150,36,0.379080593585968,0.023900574073195457
150,37,-2.1423516273498535,-0.3824091851711273
150,38,-0.12856435775756836,0.23900572955608368
150,39,1.8306561708450317,2.5
150,40,1.8306561708450317,3.299999952316284
150,41,2.9985928535461426,5.099999904632568
150,42,2.9985928535461426,6.300000190734863
150,43,-0.9420174360275269,-1.100000023841858
150,44,-0.7564517259597778,-0.30000001192092896
150,45,-0.9038238525390625,-0.023900574073195457
150,46,-0.30228662490844727,0.5736137628555298
150,47,1.7512331008911133,3.4200000762939453
150,48,0.41166019439697266,0.8999999761581421
150,49,1.8233977556228638,2.690000057220459
151,0,2.4091832637786865,0.699999988079071
151,1,2.4091835021972656,0.6000000238418579
151,2,2.1308536529541016,2.299999952316284
151,3,2.1308536529541016,2.4000000953674316
151,4,2.8481574058532715,1.9299999475479126
151,5,2.8481574058532715,1.899999976158142
151,6,2.718609094619751,1.1200000047683716
151,7,2.718608856201172,1.100000023841858
151,8,0.19119933247566223,0.30000001192092896
151,9,0.1911994218826294,0.30000001192092896
151,10,3.05867338180542,2.069999933242798
151,11,3.05867338180542,2.200000047683716
151,12,1.591796636581421,0.9399999976158142
151,13,1.591796636581421,0.8999999761581421
151,14,0.8818303346633911,2.509999990463257
151,15,0.881830096244812,2.299999952316284
151,16,0.2000700831413269,0.4000000059604645
151,17,0.20007014274597168,0.30000001192092896
151,18,0.7957504987716675,1.0199999809265137
151,19,0.7957505583763123,1.0
151,20,0.20971757173538208,0.6200000047683716
151,21,0.20971745252609253,0.6000000238418579
151,22,2.553208827972412,1.5700000524520874
151,23,2.553209066390991,1.600000023841858
151,24,1.0580589771270752,1.2100000381469727
151,25,1.0580592155456543,1.2999999523162842
151,26,1.2233960628509521,0.09000000357627869
151,27,1.2233960628509521,0.20000000298023224
151,28,2.765413999557495,0.4000000059604645
151,29,2.765413761138916,0.30000001192092896
151,30,0.7408487796783447,0.30000001192092896
151,31,0.7408486008644104,0.30000001192092896
151,32,-1.3569362163543701,-0.10999999940395355
151,33,-1.3569364547729492,-0.10000000149011612
151,34,1.2132056951522827,0.7400000095367432
151,35,1.2132060527801514,0.800000011920929
151,36,1.56895112991333,2.0999999046325684
151,37,1.5689512491226196,2.0999999046325684
151,38,3.5749404430389404,1.0399999618530273
151,39,3.5749399662017822,1.0
151,40,3.9216902256011963,2.7100000381469727
151,41,3.921689987182617,2.9000000953674316
151,42,2.5489919185638428,1.3700000047683716
151,43,2.5489919185638428,1.600000023841858
151,44,0.6275603175163269,0.41999998688697815
151,45,0.6275603175163269,0.4000000059604645
151,46,1.2057077884674072,1.100000023841858
151,47,1.2057079076766968,1.100000023841858
151,48,2.5474281311035156,0.8999999761581421
151,49,2.5474281311035156,0.8999999761581421
151,50,-0.2936321198940277,0.07999999821186066
151,51,-0.2936321496963501,0.20000000298023224
151,52,1.7608076333999634,1.2300000190734863
151,53,1.7608078718185425,1.2999999523162842
151,54,-0.2998894453048706,0.3700000047683716
151,55,-0.2998895049095154,0.30000001192092896
151,56,1.3786869049072266,1.5700000524520874
151,57,1.3786866664886475,1.600000023841858
151,58,-0.23477143049240112,-0.3100000023841858
151,59,-0.2347714900970459,-0.20000000298023224
151,60,1.5400521755218506,0.800000011920929
151,61,1.5400519371032715,0.800000011920929
151,62,-2.1355814933776855,0.0
151,63,-2.1355814933776855,-0.0
151,64,1.155236005783081,1.0399999618530273
151,65,1.155235767364502,1.0
151,66,-1.1114709377288818,0.019999999552965164
151,67,-1.1114709377288818,0.20000000298023224
151,68,0.6167701482772827,0.019999999552965164
151,69,0.6167702674865723,0.10000000149011612
151,70,0.06871993839740753,0.4000000059604645
151,71,0.06872012466192245,0.5
151,72,0.22605517506599426,0.5400000214576721
151,73,0.22605527937412262,0.5
151,74,2.0614192485809326,0.9900000095367432
151,75,2.0614192485809326,1.0
151,76,0.2541757822036743,-0.10000000149011612
151,77,0.2541760206222534,-0.10000000149011612
151,78,2.95495867729187,3.2799999713897705
151,79,2.9549591541290283,3.299999952316284
151,80,-0.6293851733207703,-0.5099999904632568
151,81,-0.6293849945068359,-0.6000000238418579
151,82,0.20179978013038635,0.0
151,83,0.20179998874664307,0.10000000149011612
151,84,0.7732295989990234,0.3100000023841858
151,85,0.7732295393943787,0.20000000298023224
151,86,1.740422010421753,-0.30000001192092896
151,87,1.740422010421753,-0.6000000238418579
151,88,3.9499826431274414,2.4600000381469727
151,89,3.9499828815460205,2.5999999046325684
151,90,0.5033764839172363,0.3100000023841858
151,91,0.5033767223358154,0.30000001192092896
151,92,0.8641104698181152,0.7200000286102295
151,93,0.8641104698181152,0.800000011920929
152,0,1.024487018585205,0.8399999737739563
152,1,-0.2589426636695862,0.3700000047683716
152,2,-0.11297960579395294,0.25
152,3,3.385899543762207,2.299999952316284
152,4,3.675410747528076,2.299999952316284
152,5,3.675410509109497,1.7999999523162842
152,6,2.080826759338379,1.9900000095367432
152,7,4.266600131988525,3.299999952316284
152,8,3.2153406143188477,2.380000114440918
152,9,-2.02655029296875,-0.9100000262260437
152,10,-2.0298242568969727,-0.6499999761581421
152,11,1.96953284740448,0.019999999552965164
152,12,-0.08719873428344727,-1.149999976158142
152,13,-0.4629838466644287,0.2199999988079071
152,14,-1.0334664583206177,0.17000000178813934
152,15,2.670077323913574,1.399999976158142
152,16,2.670077085494995,1.0
152,17,2.7428340911865234,2.0999999046325684
152,18,2.3623383045196533,1.600000023841858
152,19,2.3623383045196533,1.399999976158142
152,20,1.4293460845947266,0.5
152,21,1.4293460845947266,0.5
152,22,2.8586690425872803,2.799999952316284
152,23,-1.818230152130127,-0.9399999976158142
152,24,1.8647570610046387,1.2699999809265137
152,25,0.4983696937561035,0.36000001430511475
152,26,2.180175542831421,0.699999988079071
152,27,2.180175542831421,0.5
152,28,2.4440083503723145,0.9700000286102295
152,29,2.3596251010894775,1.350000023841858
152,30,0.6394709348678589,0.7400000095367432
152,31,2.2421298027038574,2.5166666507720947
152,32,-2.026550531387329,-0.7400000095367432
152,33,-2.02655029296875,-0.6499999761581421
152,34,-2.02655029296875,-0.8500000238418579
152,35,1.4582488536834717,1.0299999713897705
152,36,2.282749891281128,1.3899999856948853
153,0,-1.6403772830963135,0.3499999940395355
153,1,-1.8025496006011963,-0.25
153,2,-1.4206708669662476,0.25
153,3,1.9298572540283203,0.44999998807907104
153,4,2.066516876220703,1.2999999523162842
153,5,1.87090003490448,1.75
153,6,0.5303117036819458,2.119999885559082
153,7,1.6193451881408691,2.299999952316284
153,8,0.5250385999679565,0.10000000149011612
153,9,-3.27587890625,1.0199999809265137
153,10,-0.8410667181015015,0.5
153,11,-0.8191046118736267,0.7699999809265137
153,12,0.4542466998100281,-1.0199999809265137
153,13,0.6631292700767517,-0.3199999928474426
153,14,2.6824913024902344,0.550000011920929
153,15,-1.346651554107666,0.800000011920929
153,16,-0.35846415162086487,0.20000000298023224
153,17,0.9785095453262329,0.3499999940395355
153,18,1.2354381084442139,2.119999885559082
153,19,1.7714712619781494,2.5
153,20,-0.3816562294960022,-0.4000000059604645
153,21,-2.1709766387939453,-0.25
153,22,2.8624725341796875,3.319999933242798
153,23,1.6803009510040283,2.3299999237060547
153,24,2.7175211906433105,0.8500000238418579
153,25,1.443709135055542,0.2800000011920929
153,26,2.2763936519622803,1.0
153,27,2.164393901824951,3.700000047683716
153,28,0.2595481872558594,1.1799999475479126
153,29,0.35408639907836914,0.3499999940395355
153,30,1.3588768243789673,2.200000047683716
153,31,2.084465980529785,3.299999952316284
153,32,0.3751029968261719,0.6499999761581421
153,33,-1.3883588314056396,-0.4000000059604645
153,34,-0.2029869705438614,0.6200000047683716
153,35,-1.4493523836135864,-0.07999999821186066
153,36,0.034098267555236816,-0.550000011920929
153,37,0.4625335931777954,0.44999998807907104
153,38,1.5830296277999878,0.800000011920929
153,39,-1.6240466833114624,-1.399999976158142
153,40,-1.2733246088027954,-0.5
153,41,1.0033714771270752,3.8499999046325684
153,42,-0.6669394969940186,2.299999952316284
153,43,-0.12761390209197998,0.699999988079071
153,44,0.7300136685371399,2.5999999046325684
153,45,0.19631728529930115,1.75
153,46,1.816064715385437,3.049999952316284
153,47,0.6758713126182556,2.049999952316284
153,48,-0.081260085105896,0.949999988079071
153,49,1.49396550655365,2.8499999046325684
153,50,0.537284791469574,1.4500000476837158
153,51,1.2488501071929932,1.5
153,52,1.0086419582366943,1.850000023841858
153,53,2.3109428882598877,2.549999952316284
153,54,1.0866844654083252,0.10000000149011612
153,55,1.120561122894287,1.0499999523162842
153,56,-0.7484887838363647,0.0
153,57,-0.037231266498565674,0.10000000149011612
153,58,-0.36594271659851074,-0.800000011920929
153,59,-0.14158707857131958,0.6000000238418579
153,60,0.6652562618255615,0.4000000059604645
153,61,0.1794893741607666,-0.6000000238418579
153,62,-1.9600255489349365,0.75
153,63,-0.6488713026046753,1.850000023841858
153,64,1.122631311416626,0.800000011920929
153,65,-1.2776672840118408,0.4000000059604645
153,66,-1.3678107261657715,0.0
153,67,-1.8031193017959595,0.3499999940395355
153,68,-1.1661195755004883,-0.6499999761581421
153,69,0.24658715724945068,0.15000000596046448
153,70,0.3686561584472656,0.30000001192092896
153,71,1.9091261625289917,1.0199999809265137
153,72,0.8536102771759033,0.550000011920929
153,73,1.6686204671859741,1.5
153,74,-0.38638782501220703,0.3199999928474426
153,75,0.5547198057174683,1.0700000524520874
153,76,1.297415852546692,0.5299999713897705
153,77,1.8184319734573364,2.6500000953674316
153,78,0.29158031940460205,1.0499999523162842
153,79,1.1792728900909424,0.800000011920929
153,80,1.90199875831604,1.0499999523162842
153,81,0.9551652669906616,0.05000000074505806
153,82,0.8919187784194946,1.5
153,83,1.6850402355194092,1.75
153,84,1.895780086517334,2.049999952316284
153,85,2.8023204803466797,2.5
153,86,-0.6639847159385681,1.600000023841858
153,87,2.102438449859619,5.050000190734863
153,88,1.135326623916626,1.75
153,89,3.894002914428711,0.20000000298023224
153,90,1.2074252367019653,0.20000000298023224
153,91,0.21891987323760986,0.30000001192092896
154,0,-0.31975817680358887,0.03999999910593033
154,1,-1.8720407485961914,-0.6000000238418579
154,2,-0.436998575925827,0.3199999928474426
154,3,-0.4369986653327942,-0.3199999928474426
154,4,-0.4369986653327942,0.3700000047683716
154,5,1.2154349088668823,0.9300000071525574
154,6,1.2154350280761719,-0.9300000071525574
154,7,1.2154350280761719,1.0199999809265137
154,8,1.4331694841384888,0.5600000023841858
154,9,1.4331692457199097,-0.5600000023841858
154,10,1.4331692457199097,0.5799999833106995
154,11,0.8251771926879883,0.5199999809265137
154,12,0.8251771926879883,-0.5199999809265137
154,13,0.8251773715019226,0.4300000071525574
154,14,0.6723510026931763,0.07000000029802322
154,15,1.6765986680984497,3.0999999046325684
154,16,-1.197431206703186,0.10000000149011612
154,17,-2.20259165763855,-0.05999999865889549
154,18,1.2797369956970215,1.8700000047683716
154,19,1.2797369956970215,-1.8700000047683716
154,20,1.2797365188598633,1.5800000429153442
154,21,2.9421980381011963,1.2400000095367432
154,22,2.942197561264038,-1.2400000095367432
154,23,2.9421980381011963,1.6299999952316284
154,24,0.6482944488525391,0.029999999329447746
154,25,0.7852365970611572,0.699999988079071
154,26,0.7852370738983154,-0.699999988079071
154,27,0.7852363586425781,0.75
154,28,2.580526828765869,0.8999999761581421
154,29,2.5805270671844482,-0.8999999761581421
154,30,2.5805270671844482,0.9399999976158142
154,31,2.1346099376678467,0.699999988079071
154,32,3.4490535259246826,1.600000023841858
154,33,3.4490532875061035,-1.600000023841858
154,34,3.449054002761841,1.6699999570846558
154,35,3.9754650592803955,3.5
154,36,3.0812301635742188,1.3700000047683716
154,37,3.0812299251556396,-1.3700000047683716
154,38,3.0812299251556396,1.899999976158142
154,39,3.657108783721924,2.119999885559082
154,40,2.9179351329803467,0.875
154,41,2.917935371398926,1.1799999475479126
154,42,2.917935371398926,0.5699999928474426
154,43,0.09537699073553085,-0.3799999952316284
154,44,-1.3136591911315918,0.5699999928474426
154,45,-1.3136591911315918,-0.5699999928474426
154,46,-1.3136589527130127,0.4699999988079071
154,47,2.2238645553588867,1.6799999475479126
154,48,2.223864793777466,-1.6799999475479126
154,49,2.223864793777466,1.3600000143051147
154,50,0.32628023624420166,0.28999999165534973
154,51,0.5926474332809448,1.3200000524520874
154,52,0.5926470756530762,-1.3200000524520874
154,53,0.5926470756530762,1.6299999952316284
154,54,0.5113996267318726,0.9800000190734863
154,55,0.511399507522583,-0.9800000190734863
154,56,0.5113993883132935,0.8399999737739563
154,57,2.5287299156188965,2.0199999809265137
154,58,2.917935609817505,-0.6700000166893005
155,0,-0.08187556266784668,2.1500000953674316
156,0,0.14071780443191528,-5.599999904632568
156,1,-0.1147700622677803,1.7000000476837158
156,2,1.0484663248062134,0.4000000059604645
156,3,0.6674423813819885,2.700000047683716
156,4,0.5099149346351624,0.6000000238418579
156,5,1.3291096687316895,-9.100000381469727
157,0,-1.6238148212432861,1.3600000143051147
157,1,1.255895972251892,2.2699999809265137
157,2,0.5732955932617188,1.340000033378601
157,3,-0.5163315534591675,1.0299999713897705
157,4,1.4302551746368408,1.7200000286102295
157,5,-0.8100253343582153,1.1200000047683716
157,6,1.138416051864624,0.6899999976158142
157,7,3.2275819778442383,1.5800000429153442
157,8,2.6409521102905273,1.409999966621399
157,9,0.4636419415473938,1.3200000524520874
157,10,-0.8248447179794312,-0.4099999964237213
157,11,-0.4730607867240906,-1.3300000429153442
157,12,1.3798727989196777,-0.07000000029802322
157,13,0.12383395433425903,-1.149999976158142
157,14,1.1698704957962036,0.029999999329447746
157,15,1.4426448345184326,-1.5099999904632568
157,16,-0.7857425808906555,-3.7899999618530273
157,17,1.9518520832061768,-0.41999998688697815
157,18,-0.25285694003105164,-3.6700000762939453
157,19,-0.11132681369781494,-3.130000114440918
157,20,1.9238193035125732,0.05000000074505806
157,21,0.7355762720108032,0.5799999833106995
157,22,0.9016225337982178,0.009999999776482582
157,23,0.6403498649597168,-0.1599999964237213
157,24,-1.3397424221038818,-2.430000066757202
157,25,0.14313733577728271,0.019999999552965164
157,26,0.1277184784412384,-0.4099999964237213
157,27,0.6513628959655762,0.6399999856948853
157,28,1.7311980724334717,-1.399999976158142
157,29,-0.24046707153320312,1.1699999570846558
157,30,3.6533102989196777,0.800000011920929
157,31,4.199749946594238,-1.100000023841858
157,32,4.1997504234313965,-0.6000000238418579
157,33,3.6813101768493652,0.11999999731779099
157,34,3.6813106536865234,-0.10000000149011612
157,35,2.9795403480529785,0.15000000596046448
157,36,2.7463366985321045,-1.0499999523162842
157,37,3.0211706161499023,1.9500000476837158
157,38,-0.210748553276062,-3.4000000953674316
157,39,-1.0223207473754883,-0.20000000298023224
157,40,1.7685680389404297,4.199999809265137
157,41,3.4228696823120117,4.420000076293945
157,42,3.3519785404205322,0.30000001192092896
157,43,3.4529287815093994,3.5
157,44,3.030022382736206,1.2799999713897705
157,45,2.7447993755340576,4.010000228881836
157,46,3.6464405059814453,2.990000009536743
157,47,3.9652984142303467,4.070000171661377
157,48,0.5445998907089233,0.9200000166893005
157,49,1.04655122756958,0.7799999713897705
157,50,1.7109668254852295,1.6399999856948853
157,51,1.4436964988708496,4.099999904632568
157,52,1.6174206733703613,2.0
157,53,2.2351765632629395,2.799999952316284
157,54,1.8266003131866455,0.6000000238418579
157,55,-0.8248451352119446,-0.5899999737739563
157,56,-0.4730609655380249,0.12999999523162842
157,57,1.3798727989196777,0.029999999329447746
157,58,0.12383410334587097,0.019999999552965164
157,59,1.169870376586914,-0.6000000238418579
157,60,1.4426450729370117,-0.6700000166893005
157,61,-0.785742998123169,-1.2400000095367432
157,62,1.9518524408340454,-0.38999998569488525
157,63,-0.2528570294380188,-1.0399999618530273
157,64,-0.11132669448852539,-0.699999988079071
157,65,-0.1113264262676239,-2.009999990463257
157,66,1.9238195419311523,-0.27000001072883606
157,67,2.1383633613586426,-0.0
157,68,2.1383633613586426,-0.800000011920929
157,69,0.7355762720108032,2.4000000953674316
157,70,0.7355761528015137,-2.1760001182556152
157,71,0.9016220569610596,1.2999999523162842
157,72,0.9016226530075073,-1.5360000133514404
157,73,0.640349805355072,0.25999999046325684
157,74,-1.3397431373596191,-0.8999999761581421
157,75,-1.3397427797317505,-2.755000114440918
157,76,0.14313778281211853,1.100000023841858
157,77,0.12771815061569214,0.4000000059604645
157,78,0.12771815061569214,-1.0800000429153442
157,79,4.1997504234313965,-0.7699999809265137
157,80,3.6813111305236816,0.5166666507720947
157,81,0.5445998907089233,0.5326250195503235
157,82,1.0465513467788696,0.44999998807907104
157,83,1.7109670639038086,1.06900954246521
157,84,0.574556827545166,1.9086782932281494
157,85,-0.11938855051994324,1.1428571939468384
157,86,1.6174207925796509,1.592430830001831
158,0,0.08981022238731384,0.03999999910593033
158,1,0.0898103415966034,0.21611540019512177
159,0,3.361741065979004,2.5837321281433105
159,1,1.2798266410827637,-2.722843885421753
159,2,1.2798264026641846,1.8181818723678589
159,3,1.6645501852035522,3.99521541595459
159,4,1.1854137182235718,-3.2960751056671143
159,5,1.1854134798049927,-2.2727272510528564
159,6,0.7148174047470093,-1.5763839483261108
159,7,0.7148172855377197,-0.43062201142311096
159,8,0.17901432514190674,-2.340691089630127
159,9,0.1790143847465515,-0.1435406655073166
159,10,3.532120943069458,-1.2419990301132202
159,11,3.532120704650879,-1.0765550136566162
159,12,1.8564040660858154,-0.6209999918937683
159,13,1.856404423713684,2.2009568214416504
159,14,2.0252742767333984,-1.6241530179977417
159,15,2.0252737998962402,0.5263158082962036
159,16,2.666715145111084,-2.292922019958496
159,17,2.666715145111084,2.7751195430755615
159,18,0.2940402030944824,-0.6209999918937683
159,19,0.2940402030944824,0.5023923516273499
159,20,2.7172698974609375,-2.6273059844970703
159,21,2.7172703742980957,-0.8612440228462219
160,0,-1.1439971923828125,0.23000000417232513
160,1,-0.8150984644889832,-0.07000000029802322
160,2,-1.9387216567993164,-1.6200000047683716
160,3,-1.9387216567993164,-2.9000000953674316
160,4,-1.9387215375900269,-1.1100000143051147
160,5,-0.21190154552459717,-2.799999952316284
160,6,1.1088463068008423,-0.5
160,7,1.1088461875915527,-0.800000011920929
160,8,2.4451730251312256,1.1399999856948853
160,9,1.936751127243042,3.5199999809265137
160,10,-0.4601457118988037,1.2999999523162842
160,11,0.0217745304107666,0.4699999988079071
160,12,0.09466266632080078,0.699999988079071
160,13,0.09466266632080078,1.0099999904632568
160,14,-0.4838068187236786,2.3884599208831787
160,15,0.5586626529693604,10.399999618530273
160,16,0.4033905863761902,2.7944979667663574
160,17,0.08000046014785767,4.900000095367432
160,18,-0.21562603116035461,1.7196910381317139
160,19,-0.14891687035560608,0.4000000059604645
160,20,-0.14891685545444489,1.190000057220459
160,21,0.05406305938959122,-0.10000000149011612
160,22,0.05406300723552704,1.3799999952316284
160,23,-0.008402407169342041,1.600000023841858
160,24,-0.008402377367019653,1.4299999475479126
160,25,-0.0084022656083107,1.4299999475479126
160,26,2.8700761795043945,2.799999952316284
160,27,2.8700759410858154,2.9000000953674316
160,28,3.505305767059326,3.5799999237060547
160,29,0.2566821575164795,-0.33000001311302185
160,30,3.2939913272857666,3.049999952316284
160,31,1.4301542043685913,1.059999942779541
160,32,1.3691797256469727,-0.6299999952316284
160,33,0.03123188018798828,1.2699999809265137
160,34,2.3103766441345215,-2.619999885559082
160,35,2.3103761672973633,-3.140000104904175
160,36,2.3103766441345215,-3.0299999713897705
160,37,2.3103761672973633,-3.140000104904175
160,38,2.3103764057159424,-3.140000104904175
160,39,2.3103771209716797,-2.0199999809265137
160,40,2.3103766441345215,-4.300000190734863
160,41,1.1230045557022095,-2.559999942779541
160,42,0.7370492219924927,-2.5799999237060547
160,43,0.7370491623878479,-2.25
160,44,0.9566436409950256,0.07999999821186066
160,45,0.9014126658439636,-0.7400000095367432
160,46,0.9014126658439636,0.05000000074505806
160,47,0.9014124870300293,1.2899999618530273
160,48,1.4139400720596313,-0.9800000190734863
160,49,1.413940191268921,-1.0099999904632568
160,50,1.4139398336410522,-0.5899999737739563
160,51,1.4139398336410522,0.5299999713897705
160,52,2.4512646198272705,-2.440000057220459
160,53,2.4512646198272705,-1.6699999570846558
160,54,2.4512643814086914,-2.055000066757202
160,55,1.874557614326477,0.7799999713897705
160,56,1.5659542083740234,3.440000057220459
160,57,1.4891301393508911,0.9700000286102295
160,58,1.5206429958343506,1.8899999856948853
160,59,1.4102588891983032,1.0700000524520874
160,60,1.5477750301361084,2.380000114440918
160,61,1.6361545324325562,2.069999933242798
160,62,2.768143653869629,4.869999885559082
160,63,0.3520658016204834,-0.23999999463558197
160,64,1.1088461875915527,-2.299999952316284
160,65,1.1088461875915527,-4.087133407592773
160,66,-0.6090648174285889,3.5
160,67,-0.1718737781047821,1.9595123529434204
160,68,0.3918837904930115,0.2995191812515259
160,69,-0.9026545882225037,0.44999998807907104
160,70,0.5444303750991821,0.7400000095367432
160,71,0.16474243998527527,1.0099999904632568
160,72,0.16474241018295288,1.375
160,73,0.16474252939224243,1.9900000095367432
160,74,0.16474242508411407,1.625
160,75,-0.14891701936721802,1.190000057220459
160,76,-0.7213231921195984,0.029999999329447746
160,77,-0.42724958062171936,0.029999999329447746
160,78,0.0540630929172039,1.3799999952316284
160,79,1.3691799640655518,-2.9700000286102295
160,80,0.5934040546417236,0.05999999865889549
160,81,0.031232118606567383,1.7000000476837158
160,82,2.3103766441345215,-1.600000023841858
160,83,2.3103766441345215,-4.099999904632568
160,84,1.1230041980743408,-4.730000019073486
160,85,0.7370493412017822,-4.039999961853027
160,86,0.9566437005996704,0.8399999737739563
160,87,0.9014127254486084,0.3700000047683716
160,88,1.4139400720596313,-1.899999976158142
160,89,0.3382943272590637,1.100000023841858
161,0,0.28508853912353516,1.2999999523162842
161,1,2.863128662109375,-3.5
161,2,2.863128185272217,-2.0
161,3,2.863128185272217,-2.4000000953674316
161,4,1.5402015447616577,0.800000011920929
161,5,1.7438569068908691,1.1666666269302368
162,0,-1.373854637145996,4.900000095367432
162,1,1.0368880033493042,8.0
162,2,1.0368878841400146,8.600000381469727
163,0,3.8271427154541016,4.0
163,1,1.6537065505981445,3.0999999046325684
163,2,2.231419801712036,3.4000000953674316
163,3,0.9714148640632629,2.200000047683716
163,4,1.9470841884613037,2.5
164,0,-1.1061064004898071,-1.1100000143051147
164,1,-1.1061060428619385,-1.2999999523162842
164,2,-0.08320927619934082,-0.5
164,3,4.132198333740234,3.309999942779541
164,4,1.2666752338409424,0.800000011920929
164,5,0.9733545780181885,1.100000023841858
164,6,-1.1061065196990967,-1.5
164,7,-1.1061062812805176,-1.100000023841858
165,0,2.327653646469116,1.9700000286102295
165,1,1.2242552042007446,2.380000114440918
165,2,2.3472931385040283,2.609999895095825
165,3,2.612987995147705,4.150000095367432
165,4,2.4917845726013184,1.409999966621399
165,5,2.8931713104248047,3.200000047683716
165,6,1.514653205871582,2.3399999141693115
165,7,2.0568923950195312,1.600000023841858
165,8,0.5478293895721436,1.5700000524520874
165,9,-0.3899783790111542,-1.2999999523162842
165,10,3.0982954502105713,4.519999980926514
165,11,4.180503845214844,1.9199999570846558
165,12,2.7420268058776855,1.2999999523162842
165,13,3.059436798095703,4.789999961853027
165,14,0.4365041255950928,3.4800000190734863
165,15,-0.6283783316612244,0.20000000298023224
165,16,0.030031636357307434,0.17000000178813934
165,17,2.3459177017211914,1.0
165,18,0.5199084877967834,1.3200000524520874
165,19,3.1993660926818848,1.8600000143051147
165,20,2.4494166374206543,1.9199999570846558
165,21,3.8852007389068604,2.8299999237060547
165,22,2.9485349655151367,1.440000057220459
165,23,2.330613136291504,1.600000023841858
165,24,0.7239868640899658,3.7300000190734863
165,25,3.759026527404785,3.880000114440918
165,26,2.9987099170684814,3.4800000190734863
165,27,2.9539361000061035,1.5
165,28,2.585434675216675,2.9700000286102295
165,29,1.432411551475525,2.9100000858306885
165,30,1.901196002960205,2.25
165,31,3.934354066848755,3.259999990463257
165,32,3.5018720626831055,3.609999895095825
165,33,2.2491021156311035,3.4200000762939453
165,34,1.197768211364746,0.8500000238418579
165,35,2.3628406524658203,-0.5199999809265137
165,36,2.3473830223083496,2.359999895095825
166,0,2.076547622680664,-0.17000000178813934
167,0,1.4064054489135742,3.359999895095825
167,1,0.6329433917999268,0.8299999833106995
168,0,0.05066192150115967,-0.1599999964237213
168,1,-0.5061416625976562,-1.7599999904632568
168,2,-0.5909883975982666,-1.25
168,3,-0.11278489977121353,-0.10000000149011612
169,0,0.5379184484481812,-0.47999998927116394
169,1,0.45946425199508667,-0.75
169,2,0.11245331168174744,-0.7599999904632568
169,3,0.11245328187942505,-1.2999999523162842
169,4,0.06722834706306458,-1.1100000143051147
169,5,-0.14848864078521729,-0.029999999329447746
169,6,-1.005826711654663,0.05000000074505806
169,7,0.595113217830658,-0.05999999865889549
169,8,1.0390244722366333,0.2199999988079071
170,0,1.0999531745910645,0.6499999761581421
171,0,-1.0761884450912476,-0.4000000059604645
171,1,-1.630058765411377,-1.5
171,2,-2.213310718536377,-1.2999999523162842
171,3,-4.003537178039551,-3.5899999141693115
171,4,-4.003537178039551,-2.4000000953674316
171,5,-0.8277366161346436,0.0
171,6,-1.0297355651855469,-0.5
171,7,-2.0619096755981445,-1.2999999523162842
171,8,-0.8702758550643921,-0.6000000238418579
172,0,2.9516091346740723,1.3300000429153442
172,1,3.07700252532959,2.2799999713897705
172,2,3.010727882385254,1.8799999952316284
172,3,3.010727643966675,2.0
172,4,0.0033863186836242676,-0.029999999329447746
172,5,-0.5438660383224487,0.5600000023841858
172,6,0.4086296856403351,0.6000000238418579
172,7,3.1848855018615723,1.7899999618530273
172,8,4.322396278381348,2.609999895095825
172,9,1.594041347503662,1.0499999523162842
172,10,3.4623844623565674,1.7000000476837158
172,11,0.3184407353401184,1.340000033378601
172,12,-0.0836009830236435,1.4800000190734863
172,13,-0.4951359033584595,1.8300000429153442
172,14,0.6398425698280334,-0.23999999463558197
172,15,1.7784206867218018,0.9700000286102295
172,16,0.3504241704940796,-0.10000000149011612
172,17,1.9489359855651855,3.2799999713897705
172,18,1.9489359855651855,3.559999942779541
172,19,2.256321907043457,1.600000023841858
172,20,2.256321907043457,2.0199999809265137
172,21,3.589763641357422,4.150000095367432
172,22,3.589763641357422,4.570000171661377
172,23,1.4489359855651855,1.0700000524520874
172,24,1.5263029336929321,1.399999976158142
172,25,1.5263030529022217,1.2300000190734863
172,26,0.5763024687767029,3.640000104904175
172,27,2.7253026962280273,1.4700000286102295
172,28,2.2445383071899414,1.5399999618530273
172,29,2.2445383071899414,1.5
172,30,2.903296947479248,1.5700000524520874
172,31,2.935955286026001,2.740000009536743
172,32,0.6492480039596558,1.2300000190734863
172,33,2.6494712829589844,2.4800000190734863
172,34,4.1252121925354,1.8600000143051147
172,35,3.969463348388672,4.769999980926514
172,36,3.969463348388672,4.510000228881836
172,37,1.1605596542358398,-0.28999999165534973
173,0,0.8212389349937439,0.40603798627853394
173,1,0.8212388157844543,0.4099999964237213
173,2,-0.9603585004806519,-0.43021032214164734
173,3,0.7127464413642883,0.36000001430511475
173,4,0.7127463817596436,-0.36000001430511475
173,5,1.0525808334350586,0.6209999918937683
173,6,1.05258047580719,0.9300000071525574
173,7,1.0525805950164795,0.26273098587989807
173,8,1.0525805950164795,0.23900572955608368
173,9,1.510574221611023,0.3107074499130249
173,10,-0.01691758632659912,0.2866150140762329
173,11,1.0619624853134155,2.8900370597839355
173,12,1.0619624853134155,2.890000104904175
173,13,-1.4681572914123535,1.3862332105636597
173,14,0.4350443482398987,1.9107680320739746
173,15,0.43504416942596436,1.309999942779541
173,16,0.43504440784454346,2.0779600143432617
173,17,0.43504440784454346,1.5774378776550293
173,18,1.6521519422531128,1.4579349756240845
173,19,1.402780532836914,2.844168186187744
173,20,0.6516623497009277,0.3821539878845215
173,21,0.6516625881195068,0.3799999952316284
173,22,0.6516625881195068,-0.33000001311302185
173,23,1.7003248929977417,-0.09553840011358261
173,24,1.7003248929977417,0.10000000149011612
173,25,1.7003250122070312,-0.009999999776482582
173,26,2.1701574325561523,1.433076024055481
173,27,2.1701574325561523,1.4299999475479126
173,28,1.574137568473816,0.7881919741630554
173,29,1.5741374492645264,0.7900000214576721
173,30,-1.2160111665725708,-0.39899998903274536
173,31,-1.2160109281539917,-0.09600000083446503
173,32,-1.658631443977356,-0.7540000081062317
173,33,-1.6586313247680664,-0.38499999046325684
173,34,0.6368513107299805,0.42992299795150757
173,35,0.6368511319160461,0.4300000071525574
173,36,-1.515955924987793,-1.600268006324768
173,37,-1.515955924987793,-1.7000000476837158
173,38,-1.515955924987793,-1.7999999523162842
173,39,-0.0558546781539917,-0.2866150140762329
173,40,-0.055854618549346924,-0.28999999165534973
173,41,0.7988917827606201,-0.0
173,42,2.339820384979248,-0.7165380120277405
173,43,5.282680511474609,-0.6899999976158142
173,44,3.107555389404297,-0.5699999928474426
173,45,2.4411845207214355,1.4569610357284546
173,46,-0.36799198389053345,-0.3821539878845215
173,47,-0.36799198389053345,-0.3799999952316284
173,48,-0.8526943922042847,-1.5
173,49,-0.8526947498321533,-1.7999999523162842
173,50,-1.9414820671081543,-1.899999976158142
173,51,-1.9414818286895752,-2.200000047683716
173,52,-0.6267950534820557,0.07900000363588333
173,53,-0.6267948150634766,0.1080000028014183
173,54,0.273700475692749,0.5732300281524658
173,55,0.4608302116394043,0.9599999785423279
173,56,4.331573009490967,0.9553840160369873
173,57,4.331573963165283,-0.9599999785423279
173,58,-0.01691758632659912,-0.011942300014197826
173,59,0.4162430763244629,-0.9399999976158142
173,60,0.4162428379058838,-2.015500068664551
173,61,0.4162430763244629,-2.066999912261963
173,62,-1.2160106897354126,-0.4399999976158142
173,63,-1.658631443977356,-1.0099999904632568
173,64,-1.515955924987793,-1.1703455448150635
173,65,-1.5159556865692139,-1.5499999523162842
173,66,2.339820384979248,-0.8700000047683716
173,67,2.339820384979248,-0.3050000071525574
173,68,2.339820384979248,-0.48350000381469727
173,69,3.107555389404297,-0.11999999731779099
173,70,-0.6267950534820557,-0.05999999865889549
174,0,0.2954533100128174,-3.0
174,1,0.9219374060630798,-3.700000047683716
175,0,2.6316978931427,1.25
175,1,1.296860694885254,1.4199999570846558
175,2,0.06997503340244293,1.0
175,3,2.5443992614746094,0.9100000262260437
175,4,2.9623525142669678,3.2799999713897705
175,5,0.10902770608663559,0.75
175,6,0.32094529271125793,0.6000000238418579
175,7,0.09887100756168365,0.6499999761581421
175,8,0.08801242709159851,0.550000011920929
175,9,0.08801248669624329,0.699999988079071
175,10,-0.007875367999076843,0.38999998569488525
175,11,0.7534579038619995,0.1899999976158142
175,12,1.3373448848724365,0.5799999833106995
175,13,0.7094137668609619,0.5799999833106995
175,14,0.25877708196640015,0.8199999928474426
175,15,0.25877711176872253,0.6399999856948853
175,16,-0.43045756220817566,0.8899999856948853
175,17,2.602687358856201,3.5299999713897705
175,18,1.2714684009552002,2.049999952316284
175,19,1.2714684009552002,2.109999895095825
175,20,1.9209463596343994,1.899999976158142
175,21,1.024930715560913,1.9600000381469727
175,22,0.6590063571929932,1.159999966621399
175,23,0.659005880355835,1.2999999523162842
175,24,2.4626901149749756,3.890000104904175
175,25,2.4626898765563965,3.680000066757202
175,26,0.3745380640029907,0.9200000166893005
175,27,0.3745380640029907,0.9700000286102295
175,28,0.3745380640029907,1.1100000143051147
175,29,2.2085764408111572,1.0499999523162842
175,30,2.2085766792297363,2.119999885559082
175,31,3.336106777191162,3.2300000190734863
175,32,0.5741167068481445,1.2100000381469727
175,33,0.3740192651748657,0.10000000149011612
175,34,0.3740193247795105,-0.07999999821186066
175,35,0.2962348759174347,0.6499999761581421
175,36,2.960437536239624,4.210000038146973
175,37,0.21901249885559082,-0.09000000357627869
175,38,0.21901273727416992,-0.10000000149011612
175,39,0.21901321411132812,-0.1899999976158142
175,40,0.6115448474884033,0.7900000214576721
175,41,0.6681835651397705,0.699999988079071
175,42,0.842833936214447,0.38999998569488525
175,43,0.2104382961988449,0.699999988079071
175,44,0.21043819189071655,0.49000000953674316
175,45,2.5100817680358887,2.1600000858306885
175,46,-0.5445603132247925,0.18000000715255737
175,47,-0.5445603132247925,-0.23000000417232513
175,48,1.9010865688323975,1.1799999475479126
175,49,1.9010865688323975,0.9700000286102295
175,50,-0.13539883494377136,0.25999999046325684
175,51,-0.1353987604379654,0.8199999928474426
175,52,-0.13539886474609375,0.6499999761581421
175,53,0.8285724520683289,3.3399999141693115
175,54,-0.6998356580734253,0.6100000143051147
175,55,2.9244656562805176,2.6600000858306885
175,56,2.9244656562805176,2.440000057220459
175,57,2.9244658946990967,2.680000066757202
175,58,1.422116756439209,1.2699999809265137
175,59,2.9199795722961426,1.7300000190734863
175,60,2.560973644256592,2.1600000858306885
175,61,2.560973644256592,2.369999885559082
175,62,-0.1730659008026123,0.6299999952316284
175,63,0.6561501026153564,0.6700000166893005
175,64,0.6561501026153564,0.5
175,65,3.8290462493896484,3.740000009536743
175,66,3.8290464878082275,3.700000047683716
175,67,-0.2673536539077759,1.0199999809265137
175,68,1.12078857421875,1.3600000143051147
175,69,0.7934723496437073,1.5700000524520874
175,70,1.307456612586975,1.8200000524520874
175,71,1.7400339841842651,0.17000000178813934
175,72,1.374075174331665,3.3399999141693115
175,73,-0.3053833842277527,0.2800000011920929
175,74,1.211230754852295,0.7599999904632568
175,75,0.6357834339141846,0.800000011920929
175,76,2.6094489097595215,1.2100000381469727
175,77,1.3103946447372437,1.0299999713897705
175,78,1.310394525527954,0.9599999785423279
175,79,1.3103946447372437,0.8899999856948853
175,80,1.4031152725219727,0.09000000357627869
175,81,1.4031155109405518,0.49000000953674316
175,82,0.2851110100746155,0.9300000071525574
175,83,0.2851108908653259,0.8500000238418579
175,84,0.9069466590881348,1.0700000524520874
175,85,-0.6713060736656189,0.7599999904632568
175,86,-0.06556911766529083,0.5899999737739563
175,87,-0.23202212154865265,0.5
175,88,0.4192725419998169,1.159999966621399
175,89,1.5464186668395996,0.6899999976158142
175,90,0.5868459343910217,0.0
175,91,1.1905345916748047,0.46000000834465027
175,92,1.1905347108840942,0.3100000023841858
175,93,1.1905345916748047,0.47999998927116394
175,94,0.5897588729858398,0.8799999952316284
175,95,0.5897587537765503,0.6299999952316284
175,96,1.5116689205169678,2.259999990463257
175,97,0.2944594621658325,1.309999942779541
175,98,0.2944594621658325,1.0299999713897705
175,99,0.9224696159362793,1.0700000524520874
175,100,3.0460453033447266,4.909999847412109
175,101,3.0460453033447266,4.920000076293945
175,102,2.1126229763031006,2.1700000762939453
175,103,2.1126229763031006,1.7400000095367432
175,104,2.1126232147216797,1.9500000476837158
175,105,2.012246608734131,1.4600000381469727
175,106,2.724977970123291,2.380000114440918
175,107,1.5826188325881958,0.8899999856948853
175,108,2.537511110305786,1.3600000143051147
175,109,3.494727373123169,3.240000009536743
175,110,2.933755397796631,1.2999999523162842
175,111,2.045356512069702,1.3300000429153442
175,112,0.08801241219043732,0.4166666567325592
175,113,0.25877702236175537,0.6175000071525574
175,114,1.2714684009552002,1.9674999713897705
175,115,0.659005880355835,1.1799999475479126
175,116,0.6590061187744141,1.0262500047683716
175,117,0.659005880355835,1.1699999570846558
175,118,2.4626898765563965,3.509999990463257
175,119,0.3745380640029907,0.8349999785423279
175,120,2.2085764408111572,2.119999885559082
175,121,0.3740195631980896,-0.07999999821186066
175,122,2.960437297821045,4.284999847412109
175,123,2.9604368209838867,4.130000114440918
175,124,0.21901273727416992,0.007499999832361937
175,125,0.21043843030929565,0.9700000286102295
175,126,-0.5445603728294373,0.6899999976158142
175,127,1.901086449623108,1.4325000047683716
175,128,-0.13539882004261017,1.0950000286102295
175,129,2.9244656562805176,2.0924999713897705
175,130,2.560973882675171,1.8975000381469727
175,131,0.6561501026153564,0.8899999856948853
175,132,3.8290467262268066,3.625
175,133,1.3074562549591064,1.6425000429153442
175,134,2.6094489097595215,1.399999976158142
175,135,1.3103946447372437,0.9649999737739563
175,136,1.4031155109405518,0.43666666746139526
175,137,0.2851107716560364,0.8500000238418579
175,138,1.1905348300933838,0.14124999940395355
175,139,0.5897588133811951,0.6399999856948853
175,140,0.29445958137512207,1.0299999713897705
175,141,3.0460455417633057,4.947500228881836
175,142,2.1126232147216797,1.3350000381469727
176,0,-1.1907312870025635,-0.5699999928474426
176,1,3.5614919662475586,-3.740000009536743
176,2,0.6163341999053955,-0.8299999833106995
176,3,3.3474934101104736,-2.9000000953674316
176,4,2.3653533458709717,-4.559999942779541
176,5,1.3353257179260254,-0.10000000149011612
176,6,1.1063563823699951,-0.20999999344348907
176,7,3.462263822555542,-2.6500000953674316
176,8,0.10854911804199219,-0.27000001072883606
176,9,0.8037481307983398,-2.869999885559082
177,0,1.542712926864624,1.7999999523162842
177,1,2.922367572784424,3.299999952316284
177,2,2.922173023223877,-3.0999999046325684
177,3,1.406468152999878,-0.5699999928474426
177,4,2.830594778060913,2.700000047683716
177,5,0.18797478079795837,-1.0
177,6,1.7759405374526978,-2.0
177,7,0.49117162823677063,-3.200000047683716
177,8,0.06835609674453735,-0.8299999833106995
177,9,1.2204058170318604,-0.07999999821186066
177,10,-1.078822135925293,-1.2999999523162842
177,11,3.399522066116333,3.5
178,0,-1.4977917671203613,0.30000001192092896
178,1,-1.0251284837722778,0.20000000298023224
178,2,0.2395991086959839,2.950000047683716
178,3,-0.19763797521591187,-0.4000000059604645
178,4,1.1436176300048828,0.20000000298023224
178,5,0.6721193790435791,0.30000001192092896
178,6,-0.06332388520240784,0.30000001192092896
178,7,-0.1444956362247467,0.30000001192092896
178,8,-0.6851078271865845,0.4000000059604645
179,0,0.7241765856742859,8.0
179,1,-0.037836745381355286,4.139999866485596
179,2,-0.33578622341156006,8.5
179,3,-1.4709223508834839,8.699999809265137
179,4,-0.8633456230163574,9.0
179,5,1.6143543720245361,4.5
179,6,0.5555272102355957,4.599999904632568
180,0,3.5879571437835693,2.8499999046325684
180,1,1.9831762313842773,1.649999976158142
180,2,0.8957233428955078,0.6399999856948853
180,3,1.3378757238388062,1.25
180,4,1.7157164812088013,2.0
181,0,0.7354586720466614,3.5
181,1,-1.7532209157943726,3.0299999713897705
181,2,-1.3532416820526123,0.9321223497390747
181,3,-1.3646714687347412,-0.42304015159606934
181,4,-0.7069314122200012,-4.199999809265137
181,5,-1.989768385887146,-3.369999885559082
181,6,1.0390026569366455,1.0707457065582275
181,7,0.12153089046478271,1.3623327016830444
181,8,1.4029335975646973,0.7719885110855103
181,9,1.8788301944732666,1.9383364915847778
181,10,0.6534128785133362,0.8999999761581421
181,11,-0.46104490756988525,-1.0826959609985352
181,12,4.049886226654053,3.0
181,13,0.4165768623352051,0.2629063129425049
181,14,-0.26030004024505615,1.5152963399887085
181,15,3.4165658950805664,3.9000000953674316
181,16,1.830303430557251,2.299999952316284
181,17,4.251922607421875,1.9500000476837158
181,18,4.3701887130737305,2.0
181,19,1.6065711975097656,0.699999988079071
181,20,3.485382318496704,2.299999952316284
181,21,-2.40343976020813,0.30000001192092896
181,22,1.4847854375839233,0.10000000149011612
181,23,1.4847854375839233,-2.4000000953674316
181,24,1.7112464904785156,3.9000000953674316
181,25,-0.9418163895606995,-0.0
181,26,1.9899009466171265,1.0299999713897705
181,27,-1.8851956129074097,0.7200000286102295
181,28,-0.3057570457458496,3.4000000953674316
181,29,-0.4050731658935547,3.799999952316284
181,30,-0.5680227279663086,1.2999999523162842
181,31,-0.9064176082611084,1.600000023841858
181,32,-0.5090237259864807,0.30000001192092896
181,33,-0.5774919390678406,0.8673040270805359
181,34,-0.48046743869781494,2.189101219177246
181,35,-1.1189396381378174,-0.4956022799015045
181,36,-0.7069311738014221,-4.5
181,37,-0.024202823638916016,-0.06195028871297836
181,38,-0.7810043692588806,-1.486806869506836
181,39,-0.9157851934432983,-0.743403434753418
181,40,-0.5853626728057861,1.610707402229309
181,41,0.5879695415496826,-0.30975142121315
181,42,0.09603251516819,0.5575525760650635
181,43,0.7567365169525146,1.6726577281951904
181,44,0.8042439818382263,2.7877628803253174
181,45,1.0472396612167358,2.230210304260254
181,46,0.32216334342956543,-0.6814531683921814
181,47,1.280937671661377,2.4780113697052
181,48,1.1741739511489868,1.6726577281951904
181,49,1.0942020416259766,2.0443594455718994
181,50,0.7841254472732544,1.564372181892395
181,51,0.6334227323532104,0.4956022799015045
181,52,0.7912195920944214,0.06195028871297836
181,53,0.8866958618164062,1.858508586883545
182,0,-1.653606653213501,-0.800000011920929
182,1,-0.33432888984680176,-1.399999976158142
182,2,-1.247819185256958,1.0
182,3,0.29939478635787964,-0.7200000286102295
182,4,0.299394816160202,-0.699999988079071
182,5,0.2993948757648468,-0.7400000095367432
183,0,1.6915737390518188,-0.05000000074505806
183,1,2.4700241088867188,1.3899999856948853
183,2,-1.703857421875,-2.5399999618530273
183,3,-1.7038575410842896,-1.5099999904632568
183,4,2.89070725440979,1.3300000429153442
183,5,0.6363441944122314,-0.9100000262260437
183,6,0.6363441944122314,-1.899999976158142
183,7,3.226199150085449,2.069999933242798
183,8,3.390190601348877,2.630000114440918
183,9,-1.4781591892242432,0.14000000059604645
183,10,-1.4781593084335327,0.11999999731779099
183,11,1.6742240190505981,0.6000000238418579
183,12,1.6742241382598877,1.690000057220459
183,13,-0.5200076103210449,-0.5799999833106995
183,14,-0.5200076103210449,-1.5
183,15,-1.0665662288665771,-0.800000011920929
183,16,-1.0665665864944458,-0.5899999737739563
183,17,1.2748267650604248,0.7549999952316284
184,0,0.3155602216720581,-0.019999999552965164
184,1,-1.8665356636047363,-1.3600000143051147
184,2,0.06261897087097168,-0.3799999952316284
184,3,-0.4350646734237671,0.17000000178813934
184,4,-0.4500335454940796,-0.36000001430511475
184,5,-0.23619413375854492,-0.23999999463558197
184,6,-1.4168927669525146,0.3100000023841858
184,7,-1.0546960830688477,-1.0499999523162842
184,8,0.06018316000699997,0.4099999964237213
184,9,0.0760648250579834,-0.28999999165534973
184,10,0.6249655485153198,0.16873206198215485
185,0,0.5088614225387573,-2.5
186,0,2.61948561668396,-0.6499999761581421
186,1,3.1894538402557373,0.3100000023841858
186,2,3.6360645294189453,-0.7599999904632568
186,3,2.806962251663208,0.019999999552965164
186,4,4.031089782714844,-0.8700000047683716
186,5,2.7898714542388916,-0.8399999737739563
186,6,2.7077503204345703,0.3499999940395355
186,7,3.867692708969116,-0.009999999776482582
186,8,2.972785472869873,-0.7300000190734863
186,9,1.1485884189605713,0.33000001311302185
186,10,2.7791359424591064,-0.38999998569488525
186,11,2.8424625396728516,-0.1899999976158142
187,0,-0.09366852045059204,0.04302103444933891
187,1,-0.09366834163665771,0.2915869951248169
187,2,0.8478308916091919,0.6453154683113098
187,3,0.8478307127952576,0.5019120573997498
187,4,2.044792652130127,0.23900572955608368
187,5,2.044792652130127,0.3585086166858673
187,6,1.3949061632156372,2.820267677307129
187,7,-0.08552408218383789,0.5616635084152222
187,8,-0.570569634437561,1.4340344667434692
187,9,-0.5705693960189819,1.2906309366226196
188,0,-0.6804213523864746,0.27000001072883606
188,1,-0.6804216504096985,-0.4099999964237213
188,2,-0.09983748197555542,0.1599999964237213
188,3,-0.09983742237091064,-0.11999999731779099
188,4,-0.23202300071716309,-0.4399999976158142
188,5,-0.23202300071716309,-0.49000000953674316
188,6,1.0872730016708374,-0.05999999865889549
188,7,1.0872727632522583,-0.05000000074505806
189,0,0.04946160316467285,-0.5
189,1,0.47121214866638184,-1.399999976158142
190,0,-0.6818323135375977,-11.800000190734863
190,1,-0.6818321943283081,-12.899999618530273
190,2,-0.6818321943283081,-11.300000190734863
191,0,0.05960531532764435,3.9000000953674316
191,1,0.05960501730442047,0.30000001192092896
191,2,-0.18528270721435547,2.0
191,3,-0.18528270721435547,-0.699999988079071
192,0,3.4198803901672363,1.2000000476837158
192,1,3.466759204864502,1.399999976158142
192,2,3.466759443283081,1.2999999523162842
192,3,3.207113027572632,2.200000047683716
192,4,3.20711350440979,1.899999976158142
192,5,2.4717776775360107,0.800000011920929
192,6,2.4717776775360107,0.7400000095367432
192,7,2.4717774391174316,0.699999988079071
192,8,3.3789148330688477,2.200000047683716
192,9,2.8891282081604004,2.0999999046325684
192,10,2.111393451690674,-1.0
192,11,0.8768535852432251,0.10000000149011612
192,12,1.432247519493103,4.309999942779541
192,13,1.5878382921218872,2.2899999618530273
192,14,1.5878381729125977,4.119999885559082
192,15,1.5878382921218872,2.25
192,16,1.5878381729125977,1.5
192,17,1.522863507270813,4.309999942779541
192,18,-0.26948869228363037,3.119999885559082
192,19,-0.2694889307022095,1.649999976158142
192,20,-0.2292184680700302,-0.28999999165534973
192,21,0.20684680342674255,0.6000000238418579
192,22,0.1653364896774292,-0.41999998688697815
192,23,0.16533635556697845,-0.44999998807907104
192,24,0.16533644497394562,-0.4099999964237213
192,25,0.1653364598751068,-0.3700000047683716
192,26,0.16533653438091278,-0.30000001192092896
192,27,3.0548343658447266,3.5999999046325684
192,28,1.9402918815612793,3.200000047683716
192,29,2.679548978805542,3.0999999046325684
192,30,2.999769687652588,3.700000047683716
192,31,2.739335298538208,3.4000000953674316
192,32,1.4416903257369995,2.299999952316284
192,33,2.1084680557250977,2.700000047683716
192,34,0.5651869773864746,0.5
192,35,0.02326321229338646,0.4000000059604645
192,36,3.8292412757873535,5.699999809265137
192,37,3.8292415142059326,5.0
192,38,3.8292412757873535,4.5
192,39,3.8292412757873535,4.599999904632568
192,40,-0.776543140411377,0.07000000029802322
192,41,-0.7765432000160217,-0.5099999904632568
192,42,-0.7765432596206665,-0.5699999928474426
192,43,0.043724894523620605,0.30000001192092896
192,44,0.13652747869491577,-0.029999999329447746
192,45,0.13652753829956055,0.10000000149011612
192,46,0.13652771711349487,-0.5099999904632568
192,47,0.13652771711349487,-1.100000023841858
192,48,0.13652783632278442,0.10000000149011612
192,49,-0.2796642780303955,0.20000000298023224
192,50,-0.17308154702186584,-0.05999999865889549
192,51,-0.5051652193069458,1.0
192,52,-0.1780867874622345,5.900000095367432
192,53,-1.2056828737258911,4.900000095367432
192,54,-1.2896784543991089,4.300000190734863
192,55,-0.8556258678436279,3.200000047683716
192,56,1.0207736492156982,2.5
192,57,0.7045376300811768,3.8299999237060547
192,58,-0.4423537850379944,4.980000019073486
192,59,-0.26621878147125244,5.699999809265137
192,60,0.9541605710983276,-1.3600000143051147
192,61,0.9541603922843933,-0.8700000047683716
192,62,0.9541604518890381,-0.30000001192092896
192,63,0.9818715453147888,0.699999988079071
192,64,0.5616269707679749,5.019999980926514
192,65,-0.4479122459888458,0.30000001192092896
192,66,-0.7545249462127686,-1.2999999523162842
192,67,-0.24099326133728027,-0.699999988079071
192,68,0.40146583318710327,-0.8999999761581421
192,69,0.0175628662109375,0.2800000011920929
192,70,0.01756298542022705,0.7433333396911621
192,71,3.1964287757873535,2.5999999046325684
192,72,3.1964287757873535,2.6666667461395264
192,73,0.7012355327606201,0.699999988079071
192,74,0.701235294342041,0.5
192,75,0.5762646198272705,0.10000000149011612
192,76,0.5762646198272705,1.399999976158142
192,77,0.012425363063812256,-0.949999988079071
192,78,-0.9854434132575989,-1.100000023841858
192,79,-0.24549871683120728,-1.7000000476837158
192,80,-0.8691595792770386,-0.10000000149011612
192,81,-0.7620294094085693,-1.600000023841858
192,82,-0.7718513011932373,0.10000000149011612
192,83,0.5760461091995239,-0.1599999964237213
192,84,1.484889268875122,1.159999966621399
192,85,1.4848891496658325,2.2799999713897705
192,86,-0.08340632915496826,-0.5699999928474426
192,87,0.4993458390235901,-0.2800000011920929
192,88,0.49934548139572144,-0.009999999776482582
192,89,4.188173770904541,3.0999999046325684
192,90,3.5044307708740234,3.5999999046325684
192,91,3.5044305324554443,3.799999952316284
192,92,3.5044310092926025,3.4000000953674316
192,93,2.4472110271453857,3.109999895095825
192,94,3.30928635597229,0.5
192,95,3.309285879135132,0.30000001192092896
192,96,2.305762767791748,-0.20000000298023224
192,97,2.305762767791748,-0.2874999940395355
192,98,2.30576229095459,-0.3499999940395355
192,99,2.499791383743286,0.800000011920929
192,100,2.499791383743286,0.6499999761581421
192,101,2.4997916221618652,0.6000000238418579
192,102,3.4913837909698486,1.7999999523162842
192,103,3.4913840293884277,1.7999999523162842
192,104,3.1185359954833984,1.899999976158142
192,105,-1.5788464546203613,-0.5
192,106,-1.5788464546203613,0.10000000149011612
192,107,-1.5788464546203613,-0.5400000214576721
192,108,-1.5788464546203613,-0.5400000214576721
192,109,-1.5788465738296509,-0.38999998569488525
192,110,-1.5788464546203613,0.30000001192092896
192,111,-2.0429232120513916,-0.30000001192092896
192,112,2.3505616188049316,1.399999976158142
192,113,2.3505611419677734,3.0299999713897705
192,114,2.3505609035491943,2.299999952316284
192,115,2.5195577144622803,2.0
192,116,2.3745431900024414,-0.10000000149011612
192,117,1.6308457851409912,1.5
192,118,2.0433125495910645,2.630000114440918
192,119,-1.004000186920166,0.20000000298023224
192,120,1.2019280195236206,4.0
192,121,2.314978837966919,3.4000000953674316
192,122,1.0880471467971802,1.600000023841858
192,123,0.8258153200149536,0.4000000059604645
192,124,0.9316558837890625,2.0999999046325684
192,125,2.4651002883911133,2.700000047683716
192,126,3.3427488803863525,3.0999999046325684
192,127,3.3427486419677734,3.366666555404663
192,128,3.127387285232544,2.5999999046325684
192,129,2.081301212310791,1.100000023841858
192,130,2.081300973892212,0.7900000214576721
192,131,2.081300973892212,0.699999988079071
192,132,0.9901812076568604,-1.0
192,133,0.9901812672615051,-0.07000000029802322
192,134,0.9901812076568604,-1.2000000476837158
192,135,2.4525961875915527,1.7999999523162842
192,136,2.4525961875915527,2.869999885559082
192,137,2.4525961875915527,3.200000047683716
192,138,2.3370957374572754,1.7699999809265137
192,139,2.3370957374572754,1.100000023841858
192,140,2.3370954990386963,1.7100000381469727
192,141,2.337095260620117,1.5299999713897705
192,142,2.3370954990386963,1.7200000286102295
192,143,2.3370954990386963,2.0
192,144,1.1332621574401855,1.4900000095367432
192,145,1.1332621574401855,1.0
192,146,1.1332621574401855,1.090000033378601
192,147,1.1332619190216064,0.5299999713897705
192,148,1.133262038230896,1.0199999809265137
192,149,1.1332619190216064,1.100000023841858
192,150,2.5697245597839355,1.7999999523162842
192,151,2.5697243213653564,2.0299999713897705
192,152,2.5697245597839355,2.0999999046325684
192,153,0.23283302783966064,-0.8500000238418579
192,154,0.23283302783966064,-0.8999999761581421
192,155,0.2328329086303711,-1.0099999904632568
192,156,0.2328329086303711,-0.7699999809265137
192,157,0.2328329086303711,-0.699999988079071
192,158,0.2328331470489502,-0.4000000059604645
192,159,1.0418739318847656,0.30000001192092896
192,160,1.0418739318847656,0.7599999904632568
192,161,1.0418740510940552,0.8999999761581421
192,162,1.5592496395111084,2.865000009536743
192,163,1.5592495203018188,2.9700000286102295
192,164,1.559249758720398,2.5299999713897705
192,165,2.329967975616455,1.899999976158142
192,166,2.329967498779297,1.75
192,167,2.329967737197876,1.7000000476837158
192,168,1.8395284414291382,2.450000047683716
192,169,1.8395285606384277,1.7000000476837158
192,170,1.8395285606384277,2.2799999713897705
192,171,1.8395285606384277,1.809999942779541
192,172,1.8395284414291382,2.1500000953674316
192,173,1.8395284414291382,2.299999952316284
192,174,0.5791020393371582,0.6000000238418579
192,175,0.5791020393371582,0.44999998807907104
192,176,0.5791022777557373,0.4000000059604645
192,177,1.4755710363388062,3.5999999046325684
192,178,1.4755710363388062,2.799999952316284
192,179,1.6571533679962158,2.700000047683716
192,180,1.657153606414795,2.390000104904175
192,181,1.6571533679962158,2.299999952316284
192,182,2.217529296875,2.299999952316284
192,183,2.210805654525757,3.200000047683716
192,184,1.7248281240463257,3.4000000953674316
192,185,2.0843729972839355,3.109999895095825
192,186,2.622023344039917,1.399999976158142
192,187,1.7845439910888672,1.5
192,188,0.4580657482147217,0.800000011920929
192,189,-1.8600322008132935,-0.0
192,190,-1.860032081604004,0.07999999821186066
192,191,-1.8600322008132935,0.10000000149011612
192,192,0.7135287523269653,-0.20000000298023224
192,193,0.7135288715362549,0.8299999833106995
192,194,0.7135288715362549,1.0
192,195,0.7135286331176758,-1.0
192,196,-0.056180499494075775,0.10000000149011612
192,197,-0.056180499494075775,0.5299999713897705
192,198,-0.05618049204349518,0.699999988079071
192,199,-0.05618038773536682,-0.699999988079071
192,200,-0.8133248090744019,-0.5
192,201,-0.8133249878883362,-0.15000000596046448
192,202,-0.8133248686790466,0.5
192,203,0.5403738021850586,0.9599999785423279
192,204,0.5403735637664795,1.100000023841858
192,205,0.5403735041618347,1.0225000381469727
192,206,-1.1965851783752441,0.4399999976158142
192,207,-1.1965851783752441,0.5600000023841858
192,208,0.40047210454940796,0.800000011920929
192,209,0.4004722237586975,0.25999999046325684
192,210,0.4004720449447632,0.10000000149011612
192,211,0.1215658038854599,0.10000000149011612
192,212,0.1215655654668808,-0.03333333134651184
192,213,-0.6086997985839844,0.5
192,214,-0.6086997985839844,0.41999998688697815
192,215,-0.6086997389793396,0.4000000059604645
192,216,-0.8402196168899536,-0.10000000149011612
192,217,-0.8402196168899536,0.6000000238418579
192,218,2.121188163757324,3.4000000953674316
192,219,0.40843284130096436,1.2000000476837158
192,220,0.6646867990493774,0.699999988079071
192,221,3.419989585876465,2.299999952316284
192,222,1.1842464208602905,0.800000011920929
192,223,3.2118139266967773,4.190000057220459
192,224,3.211813449859619,4.300000190734863
192,225,4.706892967224121,4.900000095367432
192,226,4.706893444061279,5.366666793823242
192,227,4.706892490386963,5.699999809265137
192,228,4.706892967224121,3.700000047683716
192,229,2.0670557022094727,0.20000000298023224
192,230,2.0670552253723145,0.25999999046325684
192,231,2.0670557022094727,0.30000001192092896
192,232,2.0670557022094727,0.30000001192092896
192,233,0.882767915725708,0.4000000059604645
192,234,3.5613582134246826,3.5999999046325684
192,235,1.058422565460205,0.8999999761581421
192,236,2.7444474697113037,2.2360000610351562
192,237,2.7444474697113037,1.8600000143051147
192,238,2.847445011138916,3.9000000953674316
192,239,3.84730863571167,7.119999885559082
192,240,3.2909035682678223,2.5999999046325684
192,241,3.254380464553833,3.9000000953674316
192,242,1.1775805950164795,1.899999976158142
192,243,1.589632511138916,3.5
192,244,0.5293470621109009,0.800000011920929
192,245,2.5488834381103516,8.130000114440918
192,246,2.239826202392578,4.5
192,247,2.239825963973999,4.0
192,248,0.6334811449050903,0.4000000059604645
192,249,0.6334810256958008,0.3333333432674408
192,250,3.284529209136963,7.400000095367432
192,251,3.284529209136963,6.300000190734863
192,252,0.259326696395874,1.399999976158142
192,253,0.259326696395874,1.4666666984558105
192,254,0.6457321643829346,0.699999988079071
192,255,0.645732045173645,0.574999988079071
192,256,0.6457324028015137,0.4000000059604645
192,257,1.230539321899414,2.299999952316284
192,258,1.2305395603179932,2.0999999046325684
192,259,1.6120144128799438,8.899999618530273
192,260,1.6120145320892334,6.900000095367432
192,261,1.612014651298523,2.200000047683716
192,262,-0.382989764213562,0.7400000095367432
192,263,-0.382989764213562,1.0
192,264,-0.38298964500427246,0.8533333539962769
192,265,1.4083125591278076,3.0
192,266,1.4083127975463867,4.670000076293945
192,267,1.0910313129425049,2.299999952316284
192,268,1.1362504959106445,-0.20000000298023224
192,269,1.0735327005386353,3.4000000953674316
192,270,-0.027940869331359863,-0.5
192,271,1.2516134977340698,0.20000000298023224
192,272,2.5690040588378906,1.600000023841858
192,273,-0.4132046699523926,-0.5
192,274,-0.2513023614883423,0.10000000149011612
192,275,0.605797290802002,1.899999976158142
192,276,0.9250521659851074,3.0999999046325684
192,277,0.9250519275665283,1.3799999952316284
192,278,-0.044883012771606445,2.799999952316284
192,279,1.2896833419799805,1.5
192,280,-0.9580440521240234,-0.17000000178813934
192,281,-0.5436862707138062,-0.10000000149011612
192,282,-0.5436862111091614,-0.3400000035762787
192,283,-0.5436862707138062,-0.4699999988079071
192,284,-3.488987445831299,-1.2999999523162842
192,285,-2.3685662746429443,-1.2000000476837158
192,286,-2.7651796340942383,-1.5
192,287,-0.43480008840560913,-0.10000000149011612
192,288,-0.4348001480102539,-0.4000000059604645
192,289,-0.43480032682418823,-0.38999998569488525
192,290,-0.4348002076148987,-0.4099999964237213
192,291,-0.4348002076148987,0.5
192,292,-0.1471869945526123,-0.20000000298023224
192,293,-0.14718705415725708,-0.46000000834465027
192,294,-0.14718708395957947,-0.5
192,295,-0.1471869945526123,-0.5
192,296,0.042668431997299194,0.6000000238418579
192,297,0.04266858100891113,0.15000000596046448
192,298,-0.13489967584609985,0.20999999344348907
192,299,-1.4576735496520996,-0.4300000071525574
192,300,-1.4576735496520996,-0.20000000298023224
192,301,-1.4576735496520996,-0.3166666626930237
192,302,-0.43970954418182373,-0.4399999976158142
192,303,-0.7511557936668396,0.5
192,304,-0.7511557936668396,0.5799999833106995
192,305,-0.75115567445755,0.6000000238418579
192,306,-1.6299328804016113,-0.05000000074505806
192,307,0.8841073513031006,-0.0
192,308,0.9038876891136169,1.909999966621399
192,309,-0.2313559353351593,0.8999999761581421
192,310,-0.2313559502363205,0.6800000071525574
192,311,-0.23135590553283691,0.6000000238418579
192,312,0.5273640155792236,0.5
192,313,0.5273640155792236,0.9399999976158142
192,314,0.5273640155792236,1.100000023841858
192,315,0.3063546419143677,1.7000000476837158
192,316,0.30635425448417664,2.299999952316284
192,317,0.3063546419143677,1.5
192,318,-0.9387533068656921,1.2000000476837158
192,319,-0.43780046701431274,0.23999999463558197
192,320,-0.5197184085845947,0.2199999988079071
192,321,-0.5926922559738159,-0.30000001192092896
192,322,-0.5926921367645264,-0.27000001072883606
192,323,-0.5926923751831055,-0.10000000149011612
192,324,-0.5926923155784607,-0.4000000059604645
192,325,3.7490453720092773,3.0999999046325684
192,326,3.749044895172119,2.9000000953674316
192,327,-0.5737898349761963,0.18000000715255737
192,328,-0.4063897728919983,-0.20000000298023224
192,329,-0.4063900113105774,0.05999999865889549
192,330,-0.4063899517059326,-0.0
192,331,-0.40639007091522217,-0.03999999910593033
192,332,-0.05055186152458191,0.28999999165534973
192,333,-1.1850627660751343,-0.30000001192092896
192,334,-1.1850624084472656,0.0
192,335,-1.1850627660751343,0.10000000149011612
192,336,0.1623166799545288,0.029999999329447746
192,337,2.4303243160247803,0.20000000298023224
192,338,2.430324077606201,0.6499999761581421
192,339,2.430324077606201,-1.100000023841858
192,340,0.07231466472148895,0.17000000178813934
192,341,1.6042777299880981,2.0
192,342,1.6042778491973877,2.0
192,343,1.8789396286010742,2.9000000953674316
192,344,1.8789393901824951,2.9000000953674316
192,345,4.300791263580322,2.299999952316284
192,346,4.300790786743164,3.5
192,347,3.1819653511047363,1.899999976158142
192,348,3.1819655895233154,2.5
192,349,1.8308254480361938,4.199999809265137
192,350,1.8308254480361938,4.199999809265137
192,351,3.334441661834717,3.200000047683716
192,352,3.334441661834717,2.5999999046325684
192,353,2.4097986221313477,3.299999952316284
192,354,2.4097986221313477,3.799999952316284
192,355,2.4097986221313477,4.449999809265137
192,356,2.4097986221313477,2.9100000858306885
192,357,2.4097986221313477,3.0999999046325684
192,358,2.4097986221313477,2.819999933242798
192,359,2.4097983837127686,2.799999952316284
192,360,0.9666521549224854,2.799999952316284
192,361,0.9666520357131958,2.9000000953674316
192,362,0.6012985706329346,0.5
192,363,0.6012986898422241,0.0
192,364,0.6482881307601929,3.200000047683716
192,365,0.6482882499694824,3.200000047683716
192,366,0.8549497127532959,2.5
192,367,0.8549497127532959,2.700000047683716
192,368,3.0125856399536133,3.299999952316284
192,369,3.0125858783721924,3.0
192,370,3.246551513671875,6.0
192,371,3.2465522289276123,5.5
192,372,1.5258121490478516,0.699999988079071
192,373,1.525812029838562,0.30000001192092896
192,374,2.653738498687744,2.799999952316284
192,375,2.653738498687744,2.5999999046325684
192,376,2.427358388900757,3.0999999046325684
192,377,2.4273581504821777,2.799999952316284
192,378,1.5291435718536377,2.5
192,379,1.5291435718536377,2.4000000953674316
192,380,2.0363168716430664,4.199999809265137
192,381,2.0363168716430664,4.5
192,382,2.090761423110962,4.5
192,383,2.090761661529541,4.699999809265137
192,384,-2.149688720703125,-1.2699999809265137
192,385,0.9351143836975098,-1.399999976158142
192,386,0.9351142644882202,-1.100000023841858
192,387,0.9351142644882202,-1.100000023841858
192,388,0.3184448182582855,-1.7000000476837158
192,389,-0.8453810214996338,-2.0
192,390,1.5378687381744385,0.7699999809265137
192,391,-0.6817829608917236,-0.10000000149011612
192,392,-0.6817829608917236,-0.2199999988079071
192,393,-0.6817831993103027,0.009999999776482582
192,394,-0.6817830801010132,-0.6000000238418579
192,395,-0.6817831993103027,0.6000000238418579
192,396,-0.02126133441925049,0.03333333134651184
192,397,-1.2139209508895874,-0.4399999976158142
192,398,-1.2139209508895874,-0.3400000035762787
192,399,-1.8223156929016113,0.10999999940395355
192,400,-0.6251355409622192,0.10999999940395355
192,401,-1.315870761871338,-0.0
192,402,-0.6510633230209351,-0.07999999821186066
192,403,0.4696221351623535,0.5149999856948853
192,404,-0.34160226583480835,-0.03999999910593033
192,405,-0.9317380785942078,-0.3050000071525574
192,406,0.019789814949035645,-0.20000000298023224
192,407,-1.4599535465240479,-0.39500001072883606
192,408,-1.4794527292251587,-0.33000001311302185
192,409,-0.08455455303192139,0.11999999731779099
192,410,2.0897128582000732,3.015000104904175
192,411,-0.7602039575576782,-0.27000001072883606
192,412,-0.22212830185890198,-0.2199999988079071
192,413,0.07423180341720581,-0.004999999888241291
192,414,-0.4447553753852844,-0.10000000149011612
192,415,-1.0401866436004639,-0.05000000074505806
192,416,-0.7193509340286255,-0.1899999976158142
192,417,-0.6667530536651611,1.0
192,418,-0.6667532920837402,1.090000033378601
192,419,-0.6667531132698059,1.100000023841858
192,420,-0.6667531728744507,1.100000023841858
192,421,-1.2509108781814575,-0.30000001192092896
192,422,-1.2509112358093262,-0.6000000238418579
192,423,-0.5389405488967896,-0.06666667014360428
192,424,-0.5389404892921448,-0.10000000149011612
192,425,-0.27043795585632324,0.14000000059604645
192,426,-0.3546396791934967,0.20000000298023224
192,427,-0.3546396791934967,0.10000000149011612
192,428,-0.35463953018188477,-0.029999999329447746
192,429,-0.3546396493911743,-0.0
192,430,-0.3546397089958191,-0.30000001192092896
192,431,-0.3546396493911743,0.30000001192092896
192,432,-0.2728254795074463,-0.38999998569488525
192,433,-0.639724850654602,1.5
192,434,-0.16868692636489868,0.5
192,435,1.0635277032852173,0.4000000059604645
192,436,-0.4222770929336548,2.5999999046325684
192,437,-0.4222770929336548,2.0
192,438,0.880431592464447,-0.20000000298023224
192,439,0.4814608097076416,-1.100000023841858
192,440,0.4814607501029968,1.399999976158142
192,441,0.4814610481262207,0.8999999761581421
192,442,0.4814606308937073,-0.5
192,443,-0.8201655149459839,1.2999999523162842
192,444,-0.26397794485092163,1.100000023841858
192,445,-0.263977974653244,2.119999885559082
192,446,0.11644063889980316,-1.5
192,447,0.11644072830677032,1.5
192,448,0.11644066870212555,1.2200000286102295
192,449,0.11644069850444794,-0.800000011920929
192,450,0.26367083191871643,2.4000000953674316
192,451,0.2636708617210388,3.7300000190734863
192,452,1.0076546669006348,1.100000023841858
192,453,0.13875186443328857,2.0999999046325684
192,454,0.3802599012851715,2.0999999046325684
192,455,0.38026005029678345,2.9000000953674316
192,456,0.38025981187820435,-1.899999976158142
192,457,0.38026008009910583,-1.5
192,458,0.38026005029678345,1.7899999618530273
192,459,0.38026005029678345,2.0999999046325684
192,460,0.38026005029678345,1.2000000476837158
192,461,0.23061157763004303,-1.7000000476837158
192,462,0.23061160743236542,1.2999999523162842
192,463,0.2306116372346878,1.6299999952316284
192,464,0.23061174154281616,-1.7000000476837158
192,465,-0.03744882345199585,-1.0
192,466,-0.0374487042427063,0.44999998807907104
192,467,-0.0374487042427063,0.9900000095367432
192,468,-0.037448734045028687,-1.2000000476837158
192,469,0.6920560002326965,-1.100000023841858
192,470,0.6920559406280518,1.2999999523162842
192,471,0.6920559406280518,0.5400000214576721
192,472,0.6920558214187622,0.30000001192092896
192,473,0.05306580662727356,0.6600000262260437
192,474,0.4629102647304535,-1.7000000476837158
192,475,0.46291035413742065,1.600000023841858
192,476,0.4629102945327759,1.4900000095367432
192,477,0.4629102647304535,-1.2000000476837158
192,478,0.7401537895202637,-0.5699999928474426
192,479,2.4459381103515625,2.799999952316284
192,480,2.4459381103515625,1.5
192,481,0.4142584800720215,0.8999999761581421
192,482,0.41425836086273193,1.100000023841858
192,483,1.8689018487930298,2.200000047683716
192,484,1.8689020872116089,1.7999999523162842
192,485,0.6893024444580078,0.6000000238418579
192,486,0.6893024444580078,0.9333333373069763
192,487,0.27266740798950195,0.699999988079071
192,488,0.2726672887802124,0.36666667461395264
192,489,2.313847064971924,2.799999952316284
192,490,2.313847064971924,1.5
192,491,0.6084974408149719,2.200000047683716
192,492,0.6084975004196167,1.909999966621399
192,493,-0.9329944252967834,0.5
192,494,-0.5819156765937805,1.2000000476837158
192,495,1.4274511337280273,1.2999999523162842
192,496,1.4274511337280273,1.100000023841858
192,497,0.09081375598907471,1.4299999475479126
192,498,0.09081387519836426,1.559999942779541
192,499,-0.6391333937644958,0.6899999976158142
192,500,-0.639133632183075,0.8133333325386047
192,501,0.2232794165611267,-0.15000000596046448
192,502,0.22327958047389984,-0.30000001192092896
192,503,0.2232794612646103,-0.30000001192092896
192,504,0.22327952086925507,-0.38999998569488525
192,505,1.147504210472107,-0.07999999821186066
192,506,0.2977142632007599,-0.20000000298023224
192,507,1.676748275756836,0.6800000071525574
192,508,-0.7994425892829895,-0.1599999964237213
192,509,-1.3124850988388062,-0.09000000357627869
192,510,-1.2175889015197754,-0.11999999731779099
192,511,0.7572108507156372,0.05000000074505806
192,512,0.5745494961738586,0.10999999940395355
192,513,0.5745493769645691,0.09000000357627869
192,514,0.5745492577552795,0.05000000074505806
192,515,0.5745494365692139,0.11999999731779099
192,516,1.3385045528411865,3.200000047683716
192,517,1.3385045528411865,3.0999999046325684
192,518,1.3385045528411865,2.869999885559082
192,519,0.6794103384017944,2.200000047683716
192,520,0.679410457611084,2.0
192,521,2.8240299224853516,4.900000095367432
192,522,-0.8234571218490601,0.10000000149011612
192,523,-0.8234575986862183,-0.0
192,524,2.122718572616577,4.400000095367432
192,525,1.5342273712158203,2.866666555404663
192,526,1.5342273712158203,3.0
192,527,1.2179272174835205,1.5
192,528,1.4811198711395264,1.2999999523162842
192,529,1.1416741609573364,1.7000000476837158
192,530,0.4760267734527588,0.30000001192092896
192,531,1.901064157485962,1.600000023841858
192,532,0.0301637202501297,1.7999999523162842
192,533,3.803917407989502,5.739999771118164
192,534,0.5945501327514648,1.7100000381469727
192,535,0.5945501327514648,3.0
192,536,0.5945501327514648,2.619999885559082
192,537,3.2004897594451904,4.550000190734863
192,538,1.5878384113311768,2.869999885559082
192,539,-0.26948878169059753,4.550000190734863
192,540,-0.776543378829956,-0.30000001192092896
192,541,-0.776543378829956,-0.8600000143051147
192,542,-0.776543378829956,-0.800000011920929
192,543,-0.776543378829956,0.7200000286102295
192,544,-0.4423539638519287,4.050000190734863
192,545,-0.4423542022705078,5.019999980926514
192,546,0.012425482273101807,-1.2999999523162842
192,547,2.3505609035491943,4.070000171661377
192,548,-1.0039998292922974,0.4000000059604645
192,549,-1.0039998292922974,-0.4000000059604645
192,550,-1.003999948501587,1.2000000476837158
192,551,0.2328329086303711,-0.9950000047683716
192,552,2.217529296875,2.9000000953674316
192,553,3.419990301132202,2.700000047683716
192,554,3.419989585876465,4.199999809265137
192,555,2.7444472312927246,2.6600000858306885
192,556,3.2909035682678223,3.9000000953674316
192,557,2.5488834381103516,10.979999542236328
192,558,2.239826202392578,4.866666793823242
192,559,0.9250520467758179,4.78000020980835
192,560,-0.5436862707138062,-0.6000000238418579
192,561,0.30635446310043335,3.109999895095825
192,562,-0.6817830801010132,1.2000000476837158
192,563,-1.2139208316802979,-0.4350000023841858
192,564,-0.35463961958885193,0.5
192,565,-0.26397809386253357,2.390000104904175
192,566,0.2636709213256836,4.070000171661377
192,567,0.22327964007854462,-0.26499998569488525
192,568,1.141674280166626,2.799999952316284
192,569,0.5945496559143066,2.869999885559082
193,0,0.5852757692337036,1.899999976158142
193,1,0.3281152844429016,1.2000000476837158
193,2,1.143479824066162,2.5
193,3,0.6989339590072632,1.899999976158142
193,4,-0.2516399323940277,1.2999999523162842
194,0,0.531664252281189,1.3600000143051147
194,1,0.5316643118858337,0.44999998807907104
195,0,-0.6580502986907959,2.0199999809265137
195,1,1.0916328430175781,3.740000009536743
195,2,1.6040546894073486,1.649999976158142
195,3,-0.24843516945838928,1.7999999523162842
195,4,-0.9281672239303589,-1.149999976158142
195,5,2.8362784385681152,3.9000000953674316
195,6,0.7229104042053223,2.130000114440918
195,7,0.0833519697189331,-0.09000000357627869
195,8,0.4528202414512634,1.909999966621399
195,9,-0.2865169048309326,0.4000000059604645
195,10,-0.4621591567993164,0.5699999928474426
195,11,0.9132329225540161,1.4500000476837158
195,12,2.231682062149048,2.9100000858306885
195,13,-1.134669303894043,1.899999976158142
195,14,0.9434466361999512,2.5299999713897705
196,0,-0.3999234437942505,0.699999988079071
196,1,-0.6690893769264221,0.3799999952316284
196,2,-0.3731974959373474,0.1899999976158142
196,3,-0.04801228642463684,-0.1599999964237213
196,4,1.594161868095398,3.299999952316284
196,5,-0.32163044810295105,0.4300000071525574
196,6,-0.3634295165538788,-0.2199999988079071
196,7,0.0029969513416290283,-0.05000000074505806
196,8,1.1250367164611816,4.78000020980835
196,9,1.4269076585769653,4.539999961853027
196,10,-1.245162844657898,0.5600000023841858
196,11,-1.2451627254486084,1.2100000381469727
196,12,0.8220738172531128,2.75
196,13,2.926281690597534,4.119999885559082
196,14,2.2477338314056396,3.190000057220459
196,15,0.6330925226211548,3.2899999618530273
196,16,2.1120500564575195,2.9800000190734863
196,17,-0.2586584687232971,-0.3499999940395355
196,18,0.6007324457168579,0.10000000149011612
196,19,-1.2967455387115479,-0.30000001192092896
196,20,-0.4202038049697876,3.180000066757202
196,21,-2.7746567726135254,-1.4900000095367432
196,22,0.7202516794204712,-1.2100000381469727
196,23,2.0948867797851562,4.489999771118164
196,24,-0.07848960161209106,-0.23999999463558197
196,25,-0.7012869119644165,-0.10999999940395355
196,26,0.5045919418334961,1.2699999809265137
196,27,-0.2697671055793762,0.4300000071525574
196,28,0.34175413846969604,0.2199999988079071
196,29,1.832981824874878,0.7300000190734863
196,30,1.3428947925567627,0.6000000238418579
196,31,1.3428946733474731,3.4700000286102295
196,32,0.14080050587654114,-0.7400000095367432
196,33,0.14080050587654114,2.0299999713897705
196,34,0.714560866355896,-0.3400000035762787
196,35,0.7145607471466064,1.809999942779541
196,36,0.2663373649120331,0.12999999523162842
196,37,0.8894507884979248,2.049999952316284
196,38,1.1432394981384277,3.299999952316284
196,39,-0.24477049708366394,0.3199999928474426
196,40,-0.19631323218345642,0.12999999523162842
196,41,-0.7492754459381104,0.07999999821186066
196,42,2.484248161315918,3.5
196,43,2.746326208114624,3.880000114440918
196,44,0.39713120460510254,-0.49000000953674316
196,45,0.2902873754501343,3.9800000190734863
196,46,0.1472759246826172,-0.27000001072883606
197,0,0.06831391900777817,-2.0399999618530273
197,1,-0.9588185548782349,-0.23999999463558197
197,2,-0.7721852660179138,-1.3899999856948853
197,3,-0.3210497498512268,0.029999999329447746
197,4,-1.1700080633163452,-0.09000000357627869
197,5,-0.2537890672683716,-3.0999999046325684
197,6,-0.42183738946914673,0.10999999940395355
197,7,-0.03293424844741821,-2.259999990463257
197,8,-0.6177770495414734,-1.0700000524520874
197,9,0.06831381469964981,-0.5799999833106995
197,10,-0.9588183164596558,0.3499999940395355
197,11,-0.7721851468086243,0.03999999910593033
197,12,-0.3210497796535492,-0.11999999731779099
197,13,-1.1700081825256348,-1.2899999618530273
197,14,-0.25378915667533875,-2.049999952316284
197,15,-0.42183753848075867,-1.5499999523162842
197,16,-0.03293420374393463,0.019999999552965164
197,17,-0.6177772283554077,-0.33000001311302185
198,0,0.34691712260246277,0.36642298102378845
198,1,2.134516716003418,0.9741734862327576
198,2,3.2626891136169434,0.3150061368942261
198,3,2.822525978088379,0.9882918000221252
199,0,-0.22411981225013733,0.10000000149011612
199,1,-0.22411960363388062,-0.03999999910593033
199,2,-0.22411999106407166,-0.0
199,3,-3.1303024291992188,-0.7300000190734863
199,4,-3.130302667617798,-0.8299999833106995
199,5,-3.1303024291992188,-0.8799999952316284
199,6,0.1641162633895874,-0.800000011920929
199,7,4.956128120422363,1.899999976158142
199,8,3.9956846237182617,1.5
199,9,1.587738275527954,0.5
199,10,2.62359619140625,2.700000047683716
199,11,3.523545742034912,3.5999999046325684
199,12,-0.5766204595565796,-1.899999976158142
199,13,3.660280704498291,5.900000095367432
199,14,0.3667670488357544,-1.2999999523162842
199,15,1.0541419982910156,-0.5
199,16,4.077322959899902,1.7999999523162842
199,17,4.113161563873291,1.600000023841858
199,18,3.3450541496276855,1.2000000476837158
199,19,2.024125576019287,1.7999999523162842
199,20,1.5167012214660645,0.800000011920929
199,21,-0.9522486925125122,-1.7000000476837158
199,22,-0.9522488117218018,-1.7000000476837158
199,23,-0.9522489309310913,-1.7000000476837158
199,24,1.947609782218933,2.299999952316284
199,25,1.6953356266021729,-2.4000000953674316
199,26,1.695336103439331,1.340000033378601
199,27,1.695336103439331,-3.4000000953674316
199,28,1.6953363418579102,-4.0
199,29,0.6610385179519653,-1.100000023841858
199,30,0.6610385179519653,-1.0399999618530273
199,31,0.661038339138031,-1.0
199,32,-0.4015735983848572,-0.4000000059604645
199,33,-0.4015737473964691,-1.649999976158142
199,34,-0.4015730619430542,-2.4000000953674316
199,35,-0.20623046159744263,0.699999988079071
199,36,-0.20623046159744263,-0.9900000095367432
199,37,-0.20623072981834412,-1.5700000524520874
199,38,0.4590669572353363,-0.699999988079071
199,39,0.45906656980514526,-1.9500000476837158
199,40,0.45906683802604675,-2.700000047683716
199,41,0.7924680709838867,-1.4199999570846558
199,42,0.792468249797821,-1.5099999904632568
199,43,-0.31452709436416626,-0.7200000286102295
199,44,-0.3145270347595215,-0.8100000023841858
199,45,-0.3145272731781006,-0.8600000143051147
199,46,0.3581041097640991,-1.4199999570846558
199,47,0.3581039607524872,-1.899999976158142
199,48,0.35810407996177673,-1.940000057220459
199,49,0.6584693193435669,-0.6899999976158142
199,50,0.658469021320343,-1.0700000524520874
199,51,0.6584690809249878,-1.2699999809265137
199,52,0.12555605173110962,-1.149999976158142
199,53,0.12555602192878723,-1.3799999952316284
199,54,0.12555626034736633,-1.5099999904632568
199,55,0.5902087688446045,-0.5
199,56,0.5902089476585388,-0.8100000023841858
199,57,0.590208888053894,-1.899999976158142
199,58,0.590208888053894,-0.8899999856948853
199,59,0.590208888053894,-1.7999999523162842
199,60,0.58226478099823,-0.47999998927116394
199,61,0.5822646617889404,-1.0199999809265137
199,62,0.5822649002075195,-1.3200000524520874
199,63,0.9681113958358765,-0.25999999046325684
199,64,0.9681113958358765,-0.7900000214576721
199,65,0.9681112766265869,-1.0800000429153442
199,66,1.0759644508361816,-0.11999999731779099
199,67,1.0759644508361816,-0.7400000095367432
199,68,1.0759644508361816,-1.0800000429153442
199,69,1.03023362159729,-0.3100000023841858
199,70,1.0302340984344482,-0.8299999833106995
199,71,1.0302340984344482,-1.1200000047683716
199,72,0.16600915789604187,0.10000000149011612
199,73,0.16600899398326874,-0.6499999761581421
199,74,0.1660090684890747,-1.100000023841858
199,75,-0.34233367443084717,-0.5
199,76,-0.34233367443084717,-0.25
199,77,-0.34233373403549194,-0.10000000149011612
199,78,0.15218482911586761,0.30000001192092896
199,79,0.15218475461006165,-0.8899999856948853
199,80,0.15218481421470642,-1.600000023841858
199,81,0.2652655243873596,0.4000000059604645
199,82,0.26526564359664917,0.4000000059604645
199,83,0.2652655839920044,0.4000000059604645
199,84,-2.2706120014190674,-0.09000000357627869
199,85,-2.2706120014190674,-0.5099999904632568
199,86,-2.2706122398376465,-0.7400000095367432
199,87,0.5611559152603149,1.100000023841858
199,88,0.5611559152603149,0.5299999713897705
199,89,0.5611559152603149,0.2199999988079071
199,90,-1.1292353868484497,0.10000000149011612
199,91,-1.129235029220581,0.23000000417232513
199,92,-1.129235029220581,0.30000001192092896
199,93,1.8988676071166992,-0.20000000298023224
199,94,1.8988673686981201,0.05000000074505806
199,95,1.8988676071166992,0.20000000298023224
199,96,0.22595906257629395,0.10000000149011612
199,97,0.22595900297164917,-0.15000000596046448
199,98,0.2259589433670044,-0.30000001192092896
199,99,-0.19223904609680176,-0.5699999928474426
199,100,-0.1895061582326889,0.8999999761581421
199,101,1.5527381896972656,1.8700000047683716
199,102,0.3399460017681122,-0.17000000178813934
199,103,1.3664745092391968,0.3199999928474426
199,104,-0.6378525495529175,-0.4399999976158142
199,105,0.6598505973815918,-0.6700000166893005
199,106,0.6598505973815918,-0.12999999523162842
199,107,0.6598507165908813,0.17000000178813934
199,108,-1.6143831014633179,-1.0175000429153442
199,109,-0.3065977990627289,0.029999999329447746
199,110,-0.3065977692604065,-0.2199999988079071
199,111,-0.3065977990627289,-0.36000001430511475
199,112,-0.17048685252666473,-0.07000000029802322
199,113,3.818871259689331,2.0999999046325684
199,114,3.818871021270752,4.670000076293945
199,115,5.4755706787109375,3.0999999046325684
199,116,3.106346607208252,3.9000000953674316
199,117,1.0311834812164307,1.399999976158142
199,118,0.9226131439208984,0.20000000298023224
199,119,-0.26508980989456177,0.05999999865889549
199,120,-0.2650899291038513,0.0
199,121,-0.2650897204875946,-0.029999999329447746
199,122,-0.40836477279663086,-0.20000000298023224
199,123,-0.408364862203598,-0.07000000029802322
199,124,-0.40836483240127563,-0.0
199,125,-0.4067213535308838,-0.10000000149011612
199,126,-0.4067213237285614,-0.10000000149011612
199,127,-0.406721293926239,-0.10000000149011612
199,128,-3.102015733718872,-1.7000000476837158
199,129,-3.102015495300293,-1.7000000476837158
199,130,-3.102015733718872,-1.8300000429153442
199,131,-3.102015972137451,-1.899999976158142
199,132,-3.102015733718872,-1.899999976158142
199,133,-1.3342869281768799,-0.8999999761581421
199,134,-1.3342869281768799,-0.8799999952316284
199,135,-1.3342870473861694,-0.8899999856948853
199,136,-1.3342870473861694,-0.8999999761581421
199,137,-1.3342870473861694,-0.8799999952316284
199,138,2.2473268508911133,2.200000047683716
199,139,2.2473268508911133,-0.15000000596046448
199,140,0.5566272735595703,-0.20000000298023224
199,141,0.5566275119781494,0.4000000059604645
199,142,-0.8487592935562134,-0.23999999463558197
199,143,-1.0622059106826782,-0.30000001192092896
199,144,2.7680282592773438,2.200000047683716
199,145,2.7680280208587646,1.340000033378601
199,146,-2.2127685546875,-0.11999999731779099
199,147,-2.2127685546875,-0.33000001311302185
199,148,-2.212768316268921,-0.4399999976158142
199,149,-1.8319250345230103,-0.1899999976158142
199,150,-1.8319251537322998,0.20000000298023224
199,151,1.0036250352859497,2.200000047683716
199,152,1.0036249160766602,2.1700000762939453
199,153,-1.2284742593765259,1.0
199,154,-1.2284746170043945,0.8199999928474426
199,155,-0.4980652332305908,-0.10000000149011612
199,156,-0.49806517362594604,0.009999999776482582
199,157,-2.3579609394073486,-1.2899999618530273
199,158,-2.357961416244507,-0.699999988079071
199,159,2.5975759029388428,2.200000047683716
199,160,2.5975751876831055,2.9800000190734863
199,161,2.5975759029388428,3.4000000953674316
199,162,-1.251664161682129,-0.699999988079071
199,163,-1.251664400100708,-0.6399999856948853
199,164,-1.251664161682129,-0.6000000238418579
199,165,-1.042452096939087,-1.100000023841858
199,166,-1.042452096939087,-1.100000023841858
199,167,-1.0424525737762451,-0.9700000286102295
199,168,1.695336103439331,-3.299999952316284
199,169,0.7924683094024658,-0.8675000071525574
199,170,0.35810428857803345,-0.5149999856948853
199,171,0.5902088284492493,0.10000000149011612
199,172,-0.19223928451538086,-0.699999988079071
199,173,-0.19223904609680176,-0.5
199,174,0.3399461805820465,-0.32499998807907104
199,175,0.3399459421634674,-0.05000000074505806
199,176,1.366473913192749,0.4099999964237213
199,177,1.366473913192749,0.3100000023841858
199,178,-0.6378526091575623,-0.3700000047683716
199,179,-0.6378525495529175,-0.5799999833106995
199,180,-1.6143832206726074,-0.7400000095367432
199,181,-1.6143829822540283,-1.100000023841858
199,182,-0.1704869419336319,-0.10499999672174454
199,183,-0.17048701643943787,0.09000000357627869
199,184,-1.8319247961044312,-0.1899999976158142
199,185,1.0036250352859497,2.200000047683716
199,186,-1.228474736213684,1.0
199,187,-0.49806535243988037,-0.10000000149011612
199,188,-2.357961416244507,-1.2899999618530273
199,189,-1.042452096939087,-0.8999999761581421
200,0,1.3654831647872925,0.46000000834465027
200,1,0.2340179681777954,0.25
201,0,-0.7479124069213867,0.6209999918937683
202,0,0.2502865791320801,-0.10000000149011612
202,1,2.0838470458984375,3.1500000953674316
202,2,-1.2152466773986816,-0.20999999344348907
202,3,0.8812505602836609,1.0575000047683716
203,0,-0.27545982599258423,0.6000000238418579
203,1,-0.4422585666179657,0.6000000238418579
203,2,0.997225284576416,2.5999999046325684
204,0,-0.3621831238269806,0.699999988079071
204,1,3.3305487632751465,4.800000190734863
205,0,0.7578535079956055,-0.07762494683265686
205,1,0.7578534483909607,0.1612209975719452
206,0,5.414584636688232,6.0
206,1,5.414584636688232,8.199999809265137
206,2,4.655703544616699,5.0
206,3,4.655704021453857,6.5
206,4,4.7492218017578125,4.300000190734863
206,5,4.749221324920654,3.0
206,6,5.570875644683838,7.199999809265137
206,7,5.57087516784668,9.800000190734863
206,8,4.235726833343506,5.800000190734863
206,9,4.235727310180664,8.199999809265137
206,10,4.04855489730835,6.199999809265137
206,11,4.048555374145508,5.5
206,12,5.459317207336426,4.599999904632568
206,13,5.459318161010742,7.199999809265137
206,14,4.327885150909424,4.300000190734863
206,15,4.327885150909424,5.800000190734863
206,16,3.719489336013794,4.199999809265137
206,17,3.719489097595215,3.5
206,18,5.318819999694824,5.800000190734863
206,19,5.318819999694824,8.0
206,20,4.7339019775390625,7.099999904632568
206,21,4.7339019775390625,8.100000381469727
206,22,5.005786418914795,7.599999904632568
206,23,5.005785942077637,5.599999904632568
206,24,5.091419219970703,5.699999809265137
206,25,5.091419696807861,7.800000190734863
206,26,4.476512908935547,5.400000095367432
206,27,4.476513385772705,7.5
206,28,5.201912879943848,7.699999809265137
206,29,5.201912879943848,4.300000190734863
206,30,2.8500194549560547,4.0
206,31,2.8500192165374756,4.300000190734863
206,32,2.0356078147888184,3.5999999046325684
206,33,2.0356078147888184,4.300000190734863
206,34,1.4777753353118896,2.5
206,35,1.4777758121490479,2.5
206,36,4.726777076721191,5.599999904632568
206,37,4.726777076721191,7.699999809265137
206,38,4.348852157592773,5.5
206,39,4.348852157592773,7.300000190734863
206,40,4.688815593719482,6.400000095367432
206,41,4.688816070556641,4.5
206,42,5.764641761779785,8.600000381469727
206,43,5.764641284942627,10.699999809265137
206,44,5.188625335693359,5.900000095367432
206,45,5.188624858856201,7.900000095367432
206,46,5.240365982055664,9.300000190734863
206,47,5.240365505218506,5.099999904632568
206,48,6.117473602294922,5.699999809265137
206,49,6.11747407913208,8.199999809265137
206,50,5.295163631439209,4.199999809265137
206,51,5.295164108276367,6.199999809265137
206,52,4.632828235626221,5.800000190734863
206,53,4.632828235626221,3.200000047683716
206,54,5.6500959396362305,7.599999904632568
206,55,5.6500959396362305,9.699999809265137
206,56,5.14574670791626,4.599999904632568
206,57,5.145746231079102,6.699999809265137
206,58,4.701207637786865,7.699999809265137
206,59,4.701207637786865,4.099999904632568
206,60,5.059597015380859,7.300000190734863
206,61,5.059597015380859,9.5
206,62,4.667596817016602,6.400000095367432
206,63,4.667596817016602,8.800000190734863
206,64,4.795345306396484,8.0
206,65,4.795345306396484,3.9000000953674316
206,66,4.987569808959961,6.300000190734863
206,67,4.987569808959961,9.0
206,68,4.6334614753723145,4.599999904632568
206,69,4.6334614753723145,6.400000095367432
206,70,4.258817195892334,7.199999809265137
206,71,4.258817195892334,3.4000000953674316
206,72,3.9948654174804688,3.0
206,73,3.994865894317627,3.4000000953674316
206,74,3.6528079509735107,2.700000047683716
206,75,3.652808427810669,3.0
206,76,3.00986647605896,3.0999999046325684
206,77,3.00986647605896,2.200000047683716
206,78,4.091433525085449,0.800000011920929
206,79,4.091433525085449,3.299999952316284
206,80,3.6474456787109375,2.299999952316284
206,81,3.6474456787109375,4.599999904632568
206,82,2.919157028198242,2.799999952316284
206,83,2.919156789779663,2.5999999046325684
206,84,1.2559394836425781,2.9000000953674316
206,85,1.2559394836425781,5.0
206,86,1.6193610429763794,1.2999999523162842
206,87,1.619361162185669,3.4000000953674316
206,88,0.24745087325572968,10.600000381469727
206,89,0.247450590133667,8.600000381469727
206,90,0.03635740280151367,-0.6000000238418579
206,91,0.03635764122009277,1.600000023841858
206,92,2.1015987396240234,1.899999976158142
206,93,2.1015985012054443,2.200000047683716
206,94,2.455742835998535,2.0999999046325684
206,95,2.455742835998535,1.2999999523162842
206,96,2.3097808361053467,3.0
206,97,2.309781074523926,3.700000047683716
206,98,3.214339256286621,2.700000047683716
206,99,3.2143399715423584,3.700000047683716
206,100,2.385978937149048,2.299999952316284
206,101,2.385978937149048,1.5
206,102,3.3740463256835938,4.599999904632568
206,103,3.3740458488464355,6.5
206,104,3.013167381286621,3.200000047683716
206,105,3.013167381286621,5.400000095367432
206,106,3.108405113220215,4.199999809265137
206,107,3.1084046363830566,1.2999999523162842
206,108,5.829463958740234,5.300000190734863
206,109,5.829463958740234,7.900000095367432
206,110,4.713298320770264,2.9000000953674316
206,111,4.713298797607422,5.300000190734863
206,112,4.743273735046387,8.300000190734863
206,113,4.743273735046387,5.400000095367432
206,114,6.0696210861206055,5.400000095367432
206,115,6.069620132446289,7.099999904632568
206,116,5.1626081466674805,5.099999904632568
206,117,5.1626081466674805,7.0
206,118,6.068726539611816,7.300000190734863
206,119,6.068726539611816,3.4000000953674316
206,120,5.176938533782959,3.0
206,121,5.176938533782959,5.199999809265137
206,122,4.284292221069336,4.300000190734863
206,123,4.284293174743652,5.400000095367432
206,124,4.881989479064941,7.199999809265137
206,125,4.881989479064941,5.599999904632568
206,126,4.5810747146606445,5.199999809265137
206,127,4.5810747146606445,7.400000095367432
206,128,3.6887054443359375,3.299999952316284
206,129,3.6887056827545166,5.5
206,130,3.9966890811920166,7.699999809265137
206,131,3.9966886043548584,3.9000000953674316
206,132,4.912753582000732,7.300000190734863
206,133,4.912753582000732,9.800000190734863
206,134,4.590982437133789,6.099999904632568
206,135,4.590982913970947,7.900000095367432
206,136,4.791051387786865,7.300000190734863
206,137,4.791051387786865,4.0
206,138,4.4137091636657715,5.599999904632568
206,139,4.41370964050293,8.699999809265137
206,140,3.638333559036255,5.599999904632568
206,141,3.638333797454834,7.5
206,142,3.351321220397949,8.899999618530273
206,143,3.351320743560791,5.099999904632568
206,144,-0.511124849319458,6.400000095367432
206,145,-0.5111246705055237,8.100000381469727
206,146,0.24514150619506836,5.5
206,147,0.24514153599739075,8.199999809265137
206,148,0.9296337366104126,6.800000190734863
206,149,0.9296337962150574,5.599999904632568
207,0,-0.18588197231292725,-0.5099999904632568
207,1,-1.8979518413543701,-0.4300000071525574
208,0,0.9831846952438354,0.8999999761581421
208,1,1.3711223602294922,1.5
209,0,-0.8420742154121399,2.5399999618530273
209,1,0.21328148245811462,1.4500000476837158
209,2,-2.520629405975342,1.059999942779541
209,3,-0.09753304719924927,0.11999999731779099
210,0,1.4063689708709717,0.6000000238418579
210,1,-0.013402774930000305,-2.200000047683716
210,2,-0.24501505494117737,0.10000000149011612
211,0,0.076209157705307,-0.9599999785423279
211,1,0.652065634727478,0.0
211,2,1.832305908203125,0.0
211,3,0.4523959159851074,0.23999999463558197
212,0,2.5984342098236084,2.6768641471862793
212,1,-0.9202708005905151,2.7963671684265137
212,2,4.333250999450684,4.397705554962158
212,3,3.8210530281066895,4.899617671966553
212,4,4.103351593017578,4.373805046081543
212,5,2.636387586593628,2.3183555603027344
212,6,3.4802472591400146,2.533460855484009
212,7,1.9124326705932617,4.780114650726318
212,8,2.8156814575195312,4.756214141845703
212,9,1.7968964576721191,2.6768641471862793
212,10,2.631955146789551,3.035372734069824
212,11,3.150228261947632,2.174952268600464
212,12,2.729361057281494,3.1309752464294434
213,0,1.4493653774261475,1.2667304277420044
214,0,0.6681358814239502,3.2100000381469727
214,1,0.6681358814239502,2.119999885559082
214,2,1.819413185119629,2.2799999713897705
214,3,1.8194130659103394,1.690000057220459
214,4,1.2080918550491333,1.0299999713897705
214,5,1.2080917358398438,0.6399999856948853
214,6,-0.2882382869720459,0.1899999976158142
215,0,-0.47728103399276733,2.200000047683716
215,1,-0.21361322700977325,5.599999904632568
215,2,0.7979413866996765,5.800000190734863
215,3,0.5225467681884766,2.4000000953674316
216,0,-2.0720338821411133,1.5789474248886108
216,1,-2.0720341205596924,0.3100000023841858
216,2,-2.5021042823791504,3.2535884380340576
216,3,-2.5021040439605713,1.399999976158142
216,4,-2.4171228408813477,0.023923445492982864
216,5,-2.4171226024627686,0.14000000059604645
216,6,-1.333699345588684,0.43062201142311096
216,7,-1.3336994647979736,-0.10999999940395355
217,0,0.6297802329063416,0.949999988079071
217,1,0.1130671501159668,1.2599999904632568
217,2,0.8865703344345093,1.0099999904632568
217,3,0.8903089761734009,0.7099999785423279
217,4,1.0865893363952637,1.0099999904632568
217,5,1.2515956163406372,1.1299999952316284
217,6,1.3811017274856567,1.1200000047683716
217,7,1.5732619762420654,1.3700000047683716
217,8,0.026393651962280273,0.20000000298023224
217,9,1.725252628326416,1.2599999904632568
218,0,2.8883843421936035,1.100000023841858
218,1,2.2049765586853027,-1.7999999523162842
218,2,-0.5193705558776855,-0.6899999976158142
218,3,-0.3879563808441162,2.1500000953674316
218,4,3.6732687950134277,3.1500000953674316
218,5,2.637882709503174,3.25
218,6,3.68877911567688,4.949999809265137
218,7,2.3356285095214844,5.800000190734863
218,8,3.983130931854248,1.2000000476837158
218,9,3.992760419845581,3.0999999046325684
218,10,2.8491008281707764,3.0
218,11,2.4180967807769775,3.0999999046325684
218,12,2.6924796104431152,4.199999809265137
218,13,4.015236854553223,2.0
218,14,1.1946728229522705,0.30000001192092896
218,15,1.9527257680892944,0.0
218,16,1.9527257680892944,2.0999999046325684
218,17,1.247079849243164,1.0
218,18,1.247079849243164,1.7999999523162842
218,19,2.315807819366455,1.7000000476837158
218,20,2.315808057785034,2.0999999046325684
218,21,1.2579703330993652,-0.5
218,22,2.2024786472320557,0.30000001192092896
218,23,2.2024784088134766,-0.30000001192092896
218,24,-1.674577236175537,-0.17000000178813934
218,25,2.5196609497070312,2.0
218,26,2.699965000152588,-0.3799999952316284
218,27,4.261873722076416,4.309999942779541
218,28,3.8241665363311768,3.0999999046325684
218,29,2.6108715534210205,7.5
218,30,3.259382486343384,2.299999952316284
218,31,4.291732311248779,-0.4000000059604645
218,32,1.4752552509307861,2.700000047683716
218,33,2.756406545639038,-1.100000023841858
218,34,3.0207839012145996,7.199999809265137
218,35,5.769330978393555,2.299999952316284
218,36,1.9527260065078735,0.4000000059604645
218,37,1.9527257680892944,-1.5
218,38,1.9527257680892944,1.399999976158142
218,39,1.9527257680892944,0.30000001192092896
218,40,1.2470797300338745,1.5
218,41,1.247079849243164,0.699999988079071
218,42,1.247079849243164,1.100000023841858
218,43,1.247079849243164,-1.2999999523162842
218,44,2.315808057785034,1.7999999523162842
218,45,2.315808057785034,1.899999976158142
218,46,2.315808057785034,1.0
218,47,2.315808057785034,0.4000000059604645
218,48,2.2024781703948975,0.800000011920929
218,49,2.2024784088134766,-0.5
218,50,2.2024784088134766,0.4000000059604645
218,51,2.2024784088134766,-0.4000000059604645
219,0,0.818007230758667,1.0
219,1,-2.106696128845215,-0.9599999785423279
219,2,-0.1293659210205078,0.6000000238418579
219,3,2.7714481353759766,3.319999933242798
219,4,0.7438585758209229,1.9600000381469727
219,5,0.8405449390411377,1.5800000429153442
219,6,-0.4423866271972656,0.8600000143051147
219,7,-0.10677576065063477,1.3200000524520874
219,8,0.7353576421737671,0.7900000214576721
219,9,0.7818001508712769,0.14000000059604645
220,0,0.826324462890625,1.1200000047683716
220,1,1.3156752586364746,0.8399999737739563
220,2,1.334374189376831,2.559999942779541
220,3,1.0535858869552612,-0.5971149802207947
220,4,1.0535863637924194,2.4600000381469727
220,5,0.5732932090759277,1.059999942779541
220,6,1.6817171573638916,-0.3343839943408966
220,7,1.6817169189453125,1.8799999952316284
220,8,0.8380787372589111,1.1299999952316284
220,9,-0.25138604640960693,2.190000057220459
220,10,-0.4967883825302124,1.6200000047683716
220,11,0.5732927322387695,3.5999999046325684
220,12,0.5732929706573486,1.1666666269302368
220,13,1.6817169189453125,-2.200000047683716
220,14,1.6817173957824707,3.984999895095825
221,0,2.132643699645996,-0.8999999761581421
221,1,-1.416709303855896,-0.44999998807907104
222,0,-2.3129711151123047,-0.9679999947547913
222,1,-2.3129708766937256,-1.2730000019073486
222,2,-2.3129708766937256,0.02800000086426735
222,3,-2.3129711151123047,0.4779999852180481
222,4,-0.2194654941558838,0.7039999961853027
222,5,-0.2194654941558838,-0.6830000281333923
222,6,-0.21946561336517334,0.878000020980835
222,7,-0.219465434551239,0.9800000190734863
222,8,1.6719588041305542,1.350000023841858
222,9,1.6719586849212646,1.1299999952316284
222,10,1.671958565711975,2.319999933242798
222,11,1.6719588041305542,2.799999952316284
222,12,2.0589139461517334,6.820000171661377
222,13,2.0589139461517334,3.4600000381469727
222,14,2.0589137077331543,7.099999904632568
222,15,0.6134833097457886,2.009999990463257
222,16,0.6134833097457886,1.0099999904632568
222,17,0.6134830713272095,1.8899999856948853
222,18,0.6134833097457886,2.2899999618530273
222,19,-0.8447592258453369,-0.7699999809265137
222,20,-0.844759464263916,-0.07999999821186066
222,21,-0.8447589874267578,-0.15000000596046448
222,22,-0.8447597026824951,0.28999999165534973
222,23,1.6257526874542236,1.350000023841858
222,24,1.6257530450820923,0.9300000071525574
222,25,1.6257529258728027,1.840000033378601
222,26,1.625752568244934,2.2200000286102295
222,27,0.26286131143569946,-0.5400000214576721
222,28,0.26286137104034424,-0.20999999344348907
222,29,0.26286137104034424,-0.550000011920929
222,30,0.26286134123802185,-0.12999999523162842
222,31,-1.228804349899292,-1.0800000429153442
222,32,-1.2288042306900024,-0.6899999976158142
222,33,-1.228804349899292,-1.600000023841858
222,34,-1.228804349899292,-1.25
222,35,-0.4920058846473694,-0.3499999940395355
222,36,-0.49200576543807983,-0.3700000047683716
222,37,-0.4920060634613037,-1.0499999523162842
222,38,-0.4920058250427246,-0.5600000023841858
222,39,-0.5266035795211792,0.20999999344348907
222,40,-0.5266036987304688,0.10999999940395355
222,41,-0.5266035795211792,0.05999999865889549
222,42,-0.5266035199165344,0.49000000953674316
222,43,0.23189975321292877,0.7300000190734863
222,44,0.23189973831176758,0.5
222,45,0.23189978301525116,0.9399999976158142
222,46,0.23189981281757355,1.2799999713897705
222,47,0.47702401876449585,-1.2699999809265137
222,48,0.477024108171463,-0.23000000417232513
222,49,0.4770241379737854,-0.3499999940395355
222,50,0.4770240783691406,-0.05000000074505806
222,51,-0.13491034507751465,0.12999999523162842
222,52,-0.13491037487983704,0.1599999964237213
222,53,-0.13491035997867584,0.25
222,54,-0.13491034507751465,0.550000011920929
222,55,0.20298101007938385,0.46000000834465027
222,56,0.2029809206724167,0.3499999940395355
222,57,0.20298093557357788,0.6600000262260437
222,58,0.20298105478286743,0.949999988079071
222,59,1.9498465061187744,6.78000020980835
222,60,1.9498465061187744,3.4200000762939453
222,61,1.9498465061187744,6.929999828338623
222,62,0.9731331467628479,5.690000057220459
222,63,0.9731330871582031,2.7799999713897705
222,64,0.9731332063674927,5.329999923706055
222,65,2.917736530303955,10.300000190734863
222,66,2.917736053466797,4.960000038146973
222,67,2.917736053466797,9.3100004196167
222,68,-0.2736043930053711,0.8399999737739563
222,69,-0.2736043930053711,0.4399999976158142
222,70,-0.27360451221466064,0.9399999976158142
222,71,0.721091091632843,2.2100000381469727
222,72,0.7210911512374878,1.1699999570846558
222,73,0.7210910320281982,2.5199999809265137
222,74,0.9616697430610657,5.920000076293945
222,75,0.961669921875,2.859999895095825
222,76,0.9616700410842896,5.429999828338623
223,0,-1.7186431884765625,-3.9200000762939453
223,1,-1.0497897863388062,-2.890000104904175
223,2,0.5689699649810791,-3.1500000953674316
223,3,1.6295738220214844,-3.4200000762939453
223,4,-4.431571960449219,4.130000114440918
223,5,-1.5271164178848267,-4.949999809265137
223,6,-3.812793731689453,-9.729999542236328
223,7,1.0418078899383545,6.380000114440918
224,0,3.0672607421875,3.9000000953674316
224,1,1.3833562135696411,5.559999942779541
225,0,-1.6564500331878662,-0.6000000238418579
225,1,-0.19379377365112305,-1.899999976158142
225,2,3.7862284183502197,-1.100000023841858
225,3,0.26049894094467163,-0.5
225,4,-0.1208326518535614,-0.4000000059604645
225,5,-0.9552741050720215,-1.0549999475479126
225,6,-0.9552741050720215,-1.1100000143051147
225,7,-0.9552743434906006,-1.0
225,8,-1.656449794769287,-0.08925837278366089
225,9,-1.656449556350708,-1.1295932531356812
225,10,2.1238207817077637,0.44999998807907104
225,11,2.537079095840454,1.0
225,12,-0.19379401206970215,-0.2787559926509857
225,13,-0.1937938928604126,-1.3312679529190063
225,14,-0.9552741050720215,-0.7739055156707764
225,15,0.8849649429321289,1.899999976158142
225,16,1.9212303161621094,1.2000000476837158
226,0,-0.8174707889556885,-1.5
226,1,0.13501179218292236,2.5999999046325684
226,2,-0.8174706697463989,-0.6000000238418579
226,3,0.13501179218292236,1.2000000476837158
227,0,0.19696849584579468,-0.5
227,1,0.6158345937728882,0.6499999761581421
228,0,1.0507797002792358,0.5400000214576721
228,1,-1.2227014303207397,-0.21983599662780762
228,2,-0.83937007188797,0.6677340269088745
228,3,-1.0950298309326172,-0.08461769670248032
228,4,1.6341533660888672,1.100000023841858
228,5,0.2883819341659546,0.9162120223045349
228,6,1.218786597251892,0.7392339706420898
228,7,1.2039846181869507,0.4650000035762787
228,8,-0.0579754114151001,0.12802700698375702
229,0,2.518965244293213,0.9200000166893005
229,1,1.054440975189209,0.5299999713897705
229,2,2.5352210998535156,1.0
229,3,-0.3960146903991699,-0.12999999523162842
229,4,1.8805795907974243,0.4300000071525574
229,5,-1.2330865859985352,0.5600000023841858
229,6,2.115652561187744,1.940000057220459
229,7,3.5364835262298584,1.9700000286102295
229,8,2.332106351852417,0.8399999737739563
229,9,1.2360804080963135,1.649999976158142
229,10,2.8651058673858643,1.659999966621399
229,11,-0.21932564675807953,0.2800000011920929
229,12,1.4535244703292847,1.2100000381469727
229,13,2.260159969329834,1.809999942779541
229,14,-0.08219358325004578,0.6200000047683716
229,15,2.9095466136932373,0.3199999928474426
229,16,0.8441087007522583,0.09000000357627869
229,17,3.6118361949920654,1.840000033378601
229,18,0.31419822573661804,0.4399999976158142
229,19,0.2093450427055359,0.09000000357627869
229,20,3.8766045570373535,1.7899999618530273
229,21,4.012916564941406,2.259999990463257
229,22,3.0464673042297363,1.2100000381469727
229,23,2.391016721725464,1.6399999856948853
229,24,2.250035285949707,0.6100000143051147
229,25,2.0681490898132324,1.4900000095367432
229,26,-0.001583397388458252,0.20000000298023224
229,27,-0.9301689863204956,-0.07000000029802322
229,28,-0.6797235012054443,0.14000000059604645
229,29,1.0884369611740112,1.3600000143051147
229,30,0.8774595856666565,0.14000000059604645
229,31,0.10577918589115143,0.20999999344348907
229,32,0.22010338306427002,0.3499999940395355
229,33,0.8851844072341919,0.3199999928474426
229,34,-0.07677622884511948,0.07000000029802322
229,35,1.085862636566162,0.8199999928474426
229,36,1.1806037425994873,1.4600000381469727
229,37,-0.654085099697113,-0.18000000715255737
229,38,-1.0103098154067993,-0.23999999463558197
229,39,-0.44552892446517944,-0.4399999976158142
229,40,-0.6234631538391113,-0.5199999809265137
229,41,3.323146104812622,1.7899999618530273
229,42,1.0528134107589722,1.1100000143051147
229,43,0.8336932063102722,0.6399999856948853
229,44,-0.6074111461639404,-0.05999999865889549
229,45,-1.0131466388702393,0.009999999776482582
229,46,1.802232265472412,0.7699999809265137
229,47,2.7344918251037598,1.1799999475479126
229,48,2.0721654891967773,1.6399999856948853
229,49,1.989847183227539,1.2899999618530273
229,50,3.0918993949890137,1.2000000476837158
229,51,1.059901237487793,0.7699999809265137
229,52,2.5844099521636963,1.5199999809265137
229,53,1.4143939018249512,-0.23000000417232513
229,54,0.7509742975234985,0.3100000023841858
229,55,3.5457794666290283,-0.25999999046325684
229,56,0.5187230110168457,0.18000000715255737
230,0,1.5301274061203003,-1.399999976158142
230,1,1.9618735313415527,-1.7999999523162842
230,2,0.8184201717376709,-1.2000000476837158
230,3,-1.477652668952942,4.78000020980835
230,4,-0.5022994875907898,-0.7599999904632568
230,5,0.14018532633781433,0.0
230,6,-0.8934653997421265,-0.7200000286102295
230,7,-0.5065251588821411,-0.44999998807907104
230,8,0.16968722641468048,-0.1899999976158142
230,9,-0.266842782497406,-0.03999999910593033
230,10,0.008814722299575806,0.07999999821186066
230,11,0.026578202843666077,-0.27000001072883606
230,12,0.10551393032073975,-0.8700000047683716
230,13,-0.664819598197937,-1.2400000095367432
230,14,0.20680950582027435,2.450000047683716
230,15,-0.11836054921150208,0.6399999856948853
230,16,-0.12002968788146973,-0.1899999976158142
230,17,-0.015561342239379883,0.44999998807907104
230,18,-0.8673566579818726,-0.019999999552965164
230,19,-1.1504333019256592,-0.3799999952316284
230,20,-1.5278561115264893,0.03999999910593033
230,21,1.4398590326309204,1.4600000381469727
230,22,2.3197498321533203,1.886883020401001
230,23,2.3197498321533203,1.909999966621399
230,24,1.7047122716903687,0.9599999785423279
230,25,2.1804075241088867,0.9792690277099609
230,26,2.1804070472717285,1.190000057220459
230,27,0.96430504322052,0.3799999952316284
230,28,-2.2079901695251465,-0.7599999904632568
230,29,3.3817319869995117,4.400000095367432
230,30,1.8741438388824463,2.4600000381469727
230,31,-0.19019842147827148,0.44999998807907104
230,32,1.1070764064788818,2.2699999809265137
230,33,3.049942970275879,4.119999885559082
230,34,3.049942970275879,4.960000038146973
230,35,1.244890809059143,0.9100000262260437
230,36,1.1660932302474976,1.1799999475479126
230,37,0.5652589797973633,0.8999999761581421
230,38,1.3947327136993408,0.8999999761581421
230,39,2.4479429721832275,6.699999809265137
230,40,1.3879656791687012,0.23999999463558197
230,41,0.0723046064376831,-0.2800000011920929
230,42,-1.0032284259796143,0.5699999928474426
230,43,0.3647836446762085,-0.23999999463558197
230,44,1.006432056427002,1.059999942779541
230,45,0.7483417987823486,0.4399999976158142
230,46,0.07029938697814941,0.3799999952316284
230,47,0.6717609167098999,2.1500000953674316
230,48,-0.18634918332099915,0.44999998807907104
230,49,-0.9267312288284302,-0.6800000071525574
230,50,-0.5073465704917908,0.15000000596046448
230,51,0.12309545278549194,0.03999999910593033
230,52,0.07254761457443237,-0.23000000417232513
230,53,-1.9203338623046875,0.15000000596046448
230,54,1.508395791053772,2.309999942779541
230,55,0.022237300872802734,-0.9900000095367432
230,56,-0.9953775405883789,0.07999999821186066
230,57,-2.9115376472473145,3.069999933242798
230,58,1.3441284894943237,2.200000047683716
230,59,0.5211414098739624,0.27000001072883606
230,60,2.8166344165802,3.950000047683716
230,61,0.4598352909088135,1.9199999570846558
230,62,2.335620403289795,2.4000000953674316
230,63,-0.664819598197937,-1.4600000381469727
230,64,-0.6648196578025818,-1.659999966621399
230,65,0.20680974423885345,3.430000066757202
230,66,0.20680980384349823,1.0850000381469727
230,67,-0.11836055666208267,0.5299999713897705
230,68,-0.11836062371730804,-0.3149999976158142
230,69,-0.924933671951294,0.10000000149011612
230,70,2.3197498321533203,1.9199999570846558
230,71,2.1804068088531494,1.2699999809265137
230,72,3.049942970275879,3.299999952316284
230,73,0.7483419179916382,-0.46000000834465027
230,74,0.7483418583869934,0.800000011920929
230,75,1.736674189567566,2.0
230,76,2.8166344165802,3.5899999141693115
230,77,2.8166348934173584,3.494999885559082
230,78,0.4598352909088135,1.409999966621399
230,79,0.4598351716995239,1.2899999618530273
231,0,-0.7858350276947021,1.4500000476837158
231,1,-0.3214295208454132,-0.20000000298023224
231,2,-0.7504410743713379,0.3700000047683716
231,3,-0.702389657497406,0.4300000071525574
232,0,0.6045370101928711,-0.8899999856948853
232,1,0.31617534160614014,-0.3700000047683716
232,2,1.0323572158813477,-0.27000001072883606
233,0,-0.6443238854408264,-0.3100000023841858
234,0,-0.3588348627090454,-0.20000000298023224
234,1,-0.09597280621528625,-2.4000000953674316
234,2,-2.0937154293060303,-1.399999976158142
234,3,-1.0514366626739502,-2.200000047683716
234,4,-1.0514365434646606,-1.100000023841858
234,5,-1.0514365434646606,-2.200000047683716
234,6,-0.9439380168914795,-1.350000023841858
234,7,0.09577754139900208,-0.20000000298023224
234,8,-0.43911007046699524,-0.949999988079071
234,9,0.04894563555717468,-0.550000011920929
234,10,-0.20899800956249237,-0.699999988079071
234,11,0.0335254967212677,-0.44999998807907104
234,12,-0.13487854599952698,0.05000000074505806
235,0,2.038637638092041,0.9700000286102295
235,1,1.083983063697815,0.9700000286102295
235,2,1.0647536516189575,1.0
235,3,1.1389873027801514,-1.2100000381469727
235,4,-0.21404966711997986,1.590000033378601
235,5,-0.19321852922439575,0.8899999856948853
235,6,3.937682867050171,1.7200000286102295
235,7,3.786132335662842,1.4600000381469727
235,8,3.0347328186035156,0.009999999776482582
235,9,1.8253724575042725,0.2199999988079071
235,10,3.712348461151123,0.3400000035762787
235,11,2.781053304672241,0.5600000023841858
235,12,3.400813102722168,0.5799999833106995
235,13,3.2286009788513184,0.07999999821186066
235,14,4.079771041870117,0.9900000095367432
235,15,2.955552577972412,0.5099999904632568
235,16,2.5302743911743164,-0.4399999976158142
235,17,2.239393472671509,0.47999998927116394
235,18,-0.42875245213508606,0.05000000074505806
235,19,-0.4615420997142792,0.5099999904632568
235,20,0.46276408433914185,0.5799999833106995
235,21,-0.3421476483345032,0.5099999904632568
235,22,0.07644917815923691,0.27000001072883606
235,23,0.10747116059064865,0.6200000047683716
235,24,-0.5884300470352173,0.699999988079071
235,25,2.2394158840179443,0.8999999761581421
235,26,4.113367557525635,2.990000009536743
235,27,5.338535785675049,3.190000057220459
235,28,4.586481094360352,2.619999885559082
235,29,4.020423412322998,2.690000057220459
235,30,1.2836014032363892,1.6299999952316284
235,31,4.169529438018799,3.009999990463257
235,32,3.9796838760375977,2.6500000953674316
235,33,3.9660816192626953,3.0899999141693115
235,34,2.6698873043060303,2.5299999713897705
235,35,0.6769633293151855,0.029999999329447746
235,36,2.3331634998321533,3.2100000381469727
235,37,2.3508472442626953,2.8499999046325684
235,38,0.8807246685028076,0.550000011920929
235,39,3.902355670928955,1.600000023841858
235,40,1.0399339199066162,0.36000001430511475
235,41,0.8804497718811035,0.8299999833106995
235,42,3.273836374282837,0.6000000238418579
235,43,1.1252458095550537,1.5
235,44,0.5990064144134521,1.340000033378601
235,45,0.8437602519989014,0.6299999952316284
235,46,0.9073162078857422,0.6700000166893005
235,47,2.4004805088043213,1.0
235,48,0.7116570472717285,0.25
235,49,1.9531461000442505,1.3899999856948853
235,50,1.9531453847885132,1.7000000476837158
235,51,3.467569351196289,2.9000000953674316
235,52,2.415130615234375,1.2899999618530273
235,53,-0.00818014144897461,-1.0800000429153442
235,54,4.2029218673706055,3.700000047683716
235,55,1.3501652479171753,0.3199999928474426
235,56,3.350287437438965,2.0999999046325684
235,57,-2.059760332107544,-0.23999999463558197
235,58,0.20228427648544312,1.3600000143051147
235,59,1.5483132600784302,2.009999990463257
235,60,-1.10247004032135,0.8100000023841858
235,61,-2.007275104522705,-0.12999999523162842
235,62,-0.39299124479293823,1.5499999523162842
235,63,-1.3232331275939941,-0.009999999776482582
235,64,-1.0935226678848267,0.14000000059604645
235,65,-0.21217632293701172,0.3499999940395355
235,66,-0.2804294228553772,1.2599999904632568
235,67,-1.2196686267852783,0.05000000074505806
235,68,-1.686227798461914,-0.36000001430511475
235,69,-3.14644718170166,0.7900000214576721
235,70,1.1627426147460938,0.9399999976158142
235,71,-0.006889164447784424,-0.7799999713897705
235,72,-0.0925043374300003,0.41999998688697815
235,73,0.1676107943058014,0.6100000143051147
235,74,-0.6677955389022827,0.3799999952316284
235,75,0.08768773078918457,0.8799999952316284
235,76,-0.5736094117164612,0.6600000262260437
235,77,-0.1199924498796463,0.4099999964237213
235,78,-0.7176519632339478,0.3499999940395355
235,79,0.5015935897827148,0.9100000262260437
235,80,3.3286330699920654,1.100000023841858
235,81,2.323629379272461,0.8999999761581421
235,82,3.177055597305298,1.590000033378601
235,83,3.2403476238250732,1.9900000095367432
235,84,4.951176166534424,2.759999990463257
235,85,-0.08150410652160645,0.5
235,86,1.60346519947052,0.7799999713897705
235,87,2.7818331718444824,1.2699999809265137
235,88,5.257462978363037,1.8200000524520874
235,89,5.245432376861572,1.3799999952316284
235,90,4.141751289367676,2.0399999618530273
235,91,1.982623815536499,0.05000000074505806
235,92,1.0936158895492554,0.05000000074505806
235,93,4.225330352783203,1.7200000286102295
235,94,0.2205355167388916,1.649999976158142
235,95,4.460318565368652,2.0
235,96,3.148880958557129,0.800000011920929
235,97,2.8522026538848877,1.7999999523162842
235,98,-0.12001442909240723,-0.28999999165534973
235,99,-0.5473647713661194,0.49000000953674316
235,100,2.2141921520233154,0.3100000023841858
235,101,2.805899143218994,2.0299999713897705
235,102,3.4178640842437744,2.4200000762939453
235,103,1.5030779838562012,2.440000057220459
235,104,1.6474167108535767,1.940000057220459
235,105,2.6055874824523926,2.069999933242798
235,106,1.3164068460464478,2.0899999141693115
235,107,2.7745862007141113,2.2899999618530273
235,108,0.5799905061721802,1.7899999618530273
235,109,0.7657890319824219,1.2000000476837158
235,110,2.6285440921783447,1.340000033378601
235,111,-0.6166070699691772,0.10000000149011612
235,112,0.6621235013008118,-1.2999999523162842
235,113,-0.7621257305145264,0.25999999046325684
235,114,4.225330352783203,1.4500000476837158
236,0,0.7086093425750732,0.5199999809265137
236,1,0.19462347030639648,0.8500000238418579
236,2,1.886357307434082,3.4000000953674316
236,3,0.717408299446106,1.159999966621399
236,4,3.2762889862060547,2.7799999713897705
236,5,4.029751300811768,3.5799999237060547
236,6,0.6792593002319336,0.44999998807907104
236,7,3.3248913288116455,3.2200000286102295
236,8,0.8462655544281006,1.2100000381469727
236,9,3.138087034225464,3.180000066757202
236,10,0.42523717880249023,1.1799999475479126
236,11,3.038017511367798,3.2300000190734863
236,12,0.4055328369140625,1.1200000047683716
236,13,1.8464174270629883,2.559999942779541
236,14,2.1704025268554688,3.8499999046325684
236,15,4.167120456695557,4.360000133514404
236,16,3.0930163860321045,2.7300000190734863
236,17,3.3547298908233643,4.050000190734863
236,18,3.5834977626800537,2.569999933242798
236,19,2.9012107849121094,3.049999952316284
236,20,-0.14724639058113098,1.4600000381469727
236,21,1.0534124374389648,1.7400000095367432
236,22,0.8852927684783936,1.3700000047683716
236,23,-0.7215381860733032,-0.05999999865889549
236,24,2.0130977630615234,1.649999976158142
236,25,1.8951343297958374,3.369999885559082
236,26,2.6396169662475586,2.4100000858306885
237,0,2.512556552886963,4.900000095367432
237,1,1.2369358539581299,5.900000095367432
237,2,4.782838344573975,3.299999952316284
237,3,3.154170274734497,4.199999809265137
237,4,3.032813549041748,5.699999809265137
238,0,0.2990674376487732,0.25999999046325684
238,1,-1.804740071296692,-0.6000000238418579
238,2,-0.700163722038269,0.17000000178813934
238,3,0.16468757390975952,0.20999999344348907
238,4,-0.0922805666923523,1.7000000476837158
238,5,-0.559076189994812,4.300000190734863
238,6,-0.5590759515762329,1.2999999523162842
238,7,-1.9235846996307373,0.6399999856948853
238,8,-0.4839627742767334,-0.20000000298023224
238,9,0.2781563997268677,0.4000000059604645
238,10,-0.5572179555892944,0.20000000298023224
238,11,-0.454363614320755,11.399999618530273
238,12,-1.1762120723724365,1.5
238,13,2.7490434646606445,1.1100000143051147
238,14,2.7490437030792236,1.2000000476837158
238,15,2.7490434646606445,2.0999999046325684
238,16,2.7490434646606445,2.0
238,17,2.2024872303009033,7.199999809265137
238,18,2.8382575511932373,2.4000000953674316
238,19,2.073530435562134,2.700000047683716
238,20,3.7233521938323975,6.900000095367432
238,21,3.7233524322509766,7.199999809265137
238,22,0.7494732141494751,3.0
238,23,0.49679577350616455,2.200000047683716
238,24,1.0632754564285278,1.7999999523162842
238,25,1.0632753372192383,-0.6000000238418579
238,26,2.134415864944458,4.300000190734863
238,27,1.8426769971847534,4.099999904632568
238,28,1.0112475156784058,1.0
238,29,-0.5008597373962402,2.0999999046325684
238,30,-0.5008598566055298,-0.8999999761581421
238,31,-0.3958459198474884,2.799999952316284
238,32,-0.41578778624534607,0.699999988079071
238,33,1.4129421710968018,4.900000095367432
238,34,1.4129421710968018,3.009999990463257
238,35,1.4129421710968018,2.299999952316284
238,36,1.4129421710968018,-0.800000011920929
238,37,1.1238900423049927,1.7000000476837158
238,38,-1.7256883382797241,0.20000000298023224
238,39,-0.886785626411438,0.20000000298023224
238,40,1.1440980434417725,1.5
238,41,2.49948787689209,2.0999999046325684
238,42,2.49948787689209,-0.10000000149011612
238,43,-1.103368878364563,0.4000000059604645
238,44,-1.103368878364563,-2.0
238,45,-1.3439713716506958,-0.0
238,46,-0.700960636138916,0.4000000059604645
238,47,-0.6343801617622375,-0.10000000149011612
238,48,-0.634380042552948,-0.10000000149011612
238,49,-0.9275116920471191,12.699999809265137
238,50,0.9773451089859009,-0.0
238,51,0.1266767978668213,8.5
238,52,-0.09375997632741928,0.6000000238418579
238,53,-0.20992913842201233,8.800000190734863
238,54,0.39253658056259155,1.7000000476837158
238,55,2.0977258682250977,2.200000047683716
238,56,0.646225094795227,5.699999809265137
238,57,0.646225094795227,6.0
238,58,0.26985737681388855,3.299999952316284
238,59,-0.5442602634429932,4.699999809265137
238,60,-0.47440773248672485,1.399999976158142
238,61,-0.4744076728820801,0.10000000149011612
238,62,-0.2452029287815094,1.399999976158142
238,63,0.5878355503082275,1.2999999523162842
238,64,0.7089218497276306,0.30000001192092896
238,65,0.3660128712654114,0.800000011920929
238,66,-0.8692910075187683,1.0
238,67,-0.48848623037338257,0.30000001192092896
238,68,-0.48848623037338257,-0.5
238,69,-0.745876133441925,0.5
238,70,1.9535913467407227,1.7999999523162842
238,71,1.9535913467407227,-0.30000001192092896
238,72,-0.622664213180542,0.0
238,73,-0.622664213180542,-0.20000000298023224
238,74,-0.8556005358695984,5.699999809265137
238,75,-0.9274965524673462,0.5
238,76,0.12913420796394348,0.10000000149011612
238,77,-0.16266673803329468,12.399999618530273
238,78,1.6999191045761108,1.600000023841858
238,79,-0.15813478827476501,0.0
238,80,-0.1581348180770874,-0.20000000298023224
238,81,-1.1069022417068481,8.699999809265137
238,82,-0.4384934902191162,0.10000000149011612
238,83,-1.3606514930725098,6.300000190734863
238,84,-1.106566071510315,0.10000000149011612
238,85,-2.9285778999328613,8.100000381469727
238,86,0.792367696762085,1.2000000476837158
238,87,0.7923679351806641,-0.0
238,88,-0.6747496128082275,1.2000000476837158
238,89,-0.18162550032138824,2.9000000953674316
238,90,3.158592700958252,3.9000000953674316
238,91,2.4720652103424072,3.4000000953674316
238,92,3.014714479446411,5.900000095367432
238,93,3.014714479446411,-7.0
238,94,1.6501638889312744,1.100000023841858
238,95,1.6501638889312744,-0.800000011920929
238,96,1.6501638889312744,4.699999809265137
238,97,2.2666428089141846,3.799999952316284
238,98,0.46254074573516846,0.6000000238418579
238,99,1.7224587202072144,5.699999809265137
238,100,1.7224591970443726,5.0
238,101,1.6260911226272583,3.700000047683716
238,102,1.5261181592941284,3.700000047683716
238,103,2.7490434646606445,1.0
238,104,3.7233521938323975,6.800000190734863
238,105,1.4129421710968018,2.700000047683716
238,106,1.4129420518875122,2.200000047683716
238,107,-0.47440773248672485,1.600000023841858
238,108,3.014714479446411,6.0
238,109,1.722459077835083,5.0
238,110,1.722459077835083,5.0
239,0,1.7963933944702148,2.5999999046325684
240,0,-0.96543288230896,0.31100478768348694
240,1,4.198971271514893,1.1483253240585327
240,2,0.8474183082580566,0.2870813310146332
240,3,0.43843552470207214,0.6459330320358276
240,4,2.015036106109619,-0.23923444747924805
241,0,-1.6911287307739258,0.19120459258556366
241,1,-1.119907259941101,0.6214148998260498
241,2,-1.2765275239944458,-0.6687690019607544
241,3,0.009533658623695374,1.0399999618530273
241,4,0.009533986449241638,0.09000000357627869
241,5,0.7106642723083496,1.7400000095367432
241,6,0.7106642127037048,0.8799999952316284
241,7,0.4137413799762726,0.5699999928474426
241,8,0.41374146938323975,-0.6399999856948853
241,9,-1.2163589000701904,0.8399999737739563
241,10,-1.2163587808609009,0.7599999904632568
241,11,-1.21635901927948,0.5899999737739563
241,12,0.5079013109207153,3.299999952316284
241,13,-0.9882473945617676,3.6500000953674316
241,14,0.021667838096618652,0.8600000143051147
241,15,0.021667856723070145,0.699999988079071
241,16,0.021667812019586563,0.6000000238418579
241,17,-0.17006172239780426,1.100000023841858
241,18,1.8537019491195679,2.5
241,19,2.3841726779937744,3.799999952316284
241,20,0.5076051950454712,1.9500000476837158
241,21,0.44756460189819336,1.100000023841858
241,22,1.2219806909561157,4.349999904632568
241,23,2.3841726779937744,4.349999904632568
242,0,3.2654950618743896,0.6200000047683716
242,1,-1.4260350465774536,0.7733333110809326
243,0,0.4273967742919922,1.3116666078567505
243,1,0.9895144701004028,0.9233333468437195
243,2,2.7775254249572754,1.4641666412353516
243,3,4.124054908752441,2.2857143878936768
243,4,2.441535472869873,0.8920000195503235
243,5,2.4239394664764404,1.362777829170227
244,0,2.321829080581665,0.6499999761581421
244,1,3.4955782890319824,1.149999976158142
245,0,1.0773251056671143,1.2699999809265137
245,1,2.0557494163513184,2.0999999046325684
245,2,2.016126871109009,0.5400000214576721
245,3,1.7175676822662354,0.28999999165534973
245,4,3.7309787273406982,2.309999942779541
245,5,1.6154985427856445,0.7599999904632568
245,6,1.4158329963684082,0.5600000023841858
245,7,2.288994789123535,1.2100000381469727
245,8,3.3809452056884766,2.7200000286102295
245,9,1.1650480031967163,0.27000001072883606
245,10,3.3074066638946533,3.9200000762939453
245,11,1.4687631130218506,1.4500000476837158
245,12,3.482652425765991,0.6700000166893005
245,13,0.9503644704818726,0.4300000071525574
245,14,2.0654401779174805,0.3799999952316284
245,15,0.03726637363433838,0.5600000023841858
245,16,0.5346669554710388,0.12999999523162842
245,17,-0.9381495118141174,-0.7200000286102295
245,18,0.15661075711250305,-0.18000000715255737
245,19,0.31565868854522705,0.8399999737739563
245,20,2.9287607669830322,2.2899999618530273
245,21,2.6146979331970215,0.23000000417232513
245,22,2.8055505752563477,1.6299999952316284
245,23,2.3562424182891846,2.119999885559082
246,0,-1.4933536052703857,-1.4500000476837158
246,1,0.4876890182495117,-1.5750000476837158
246,2,-0.7862480878829956,-1.9500000476837158
246,3,0.7728997468948364,-1.0499999523162842
246,4,-2.593634605407715,-1.0
246,5,0.37290775775909424,-0.32499998807907104
246,6,-0.6986333131790161,-1.5750000476837158
246,7,-0.47608351707458496,0.125
246,8,-0.14550811052322388,-1.0499999523162842
247,0,-0.23608678579330444,1.149999976158142
247,1,-0.612243115901947,1.0
247,2,-0.03522031754255295,1.4299999475479126
247,3,-0.0020038262009620667,1.0499999523162842
248,0,2.261469602584839,-0.8100000023841858
248,1,-1.598697543144226,-0.6200000047683716
249,0,-0.9650585651397705,3.3324999809265137
250,0,0.051283419132232666,0.800000011920929
250,1,2.327418327331543,2.9000000953674316
250,2,-0.31149962544441223,1.649999976158142
250,3,-1.2105820178985596,0.5
250,4,0.3105519711971283,3.1500000953674316
250,5,1.042232632637024,1.7000000476837158
250,6,2.490504264831543,2.5999999046325684
250,7,0.286434143781662,0.5
250,8,0.40805742144584656,3.5
250,9,-0.14339657127857208,0.8999999761581421
250,10,0.7769193649291992,0.20000000298023224
250,11,2.3534061908721924,2.549999952316284
250,12,1.3346505165100098,0.800000011920929
250,13,-0.16459967195987701,1.0
250,14,3.1850554943084717,0.6499999761581421
250,15,3.9533066749572754,2.299999952316284
251,0,-0.02457365393638611,-0.6000000238418579
251,1,0.08897078037261963,-1.0
251,2,-0.36397796869277954,-0.10000000149011612
251,3,-0.0562821626663208,-1.5
251,4,0.7749059200286865,1.2999999523162842
252,0,-0.05039411038160324,3.7799999713897705
252,1,0.8267344236373901,-0.6700000166893005
252,2,1.6455790996551514,3.140000104904175
252,3,1.4720913171768188,5.389999866485596
252,4,1.4720911979675293,5.739999771118164
252,5,2.475224018096924,5.0
252,6,0.1503002643585205,1.9600000381469727
252,7,0.1503005027770996,2.309999942779541
253,0,-0.1749497503042221,4.300000190734863
254,0,0.4331854581832886,0.13333334028720856
254,1,0.14114618301391602,-0.44999998807907104
255,0,-1.8550790548324585,-0.875
255,1,-0.5352730751037598,-1.25
255,2,-1.3426990509033203,0.8500000238418579
256,0,-1.1833522319793701,-0.75
256,1,0.5824892520904541,-0.25
256,2,-2.478769540786743,-0.05000000074505806
257,0,1.7637364864349365,1.690000057220459
257,1,2.5726847648620605,1.3600000143051147
257,2,-1.7001157999038696,1.3200000524520874
257,3,-0.27058911323547363,-0.6000000238418579
258,0,3.6543357372283936,2.0999999046325684
258,1,4.090582847595215,1.2000000476837158
258,2,3.2443666458129883,3.0999999046325684
258,3,2.9516115188598633,2.0
258,4,2.3883423805236816,2.0
258,5,3.0677223205566406,3.5999999046325684
258,6,3.4060232639312744,2.700000047683716
258,7,3.163301944732666,3.299999952316284
258,8,1.7865002155303955,3.799999952316284
258,9,2.6956188678741455,2.5
259,0,-1.8710182905197144,0.30000001192092896
259,1,1.2224056720733643,-0.23000000417232513
259,2,2.0972516536712646,3.0399999618530273
259,3,2.1032347679138184,2.569999933242798
259,4,0.5680180191993713,0.3499999940395355
259,5,0.48238605260849,0.20000000298023224
259,6,1.2686054706573486,-1.190000057220459
259,7,1.8522915840148926,-1.3300000429153442
259,8,0.3526442050933838,0.625
259,9,0.9914885759353638,-0.07000000029802322
259,10,0.6429404020309448,-0.07000000029802322
259,11,1.0401504039764404,0.12999999523162842
259,12,-0.5371047258377075,0.3400000035762787
259,13,-1.6480038166046143,-0.8899999856948853
259,14,0.9998713731765747,0.23999999463558197
259,15,0.4724033772945404,-0.8100000023841858
260,0,0.18319034576416016,-0.0
260,1,-0.49365612864494324,1.100000023841858
260,2,0.6197143197059631,1.2999999523162842
261,0,3.788120746612549,6.161961555480957
261,1,1.715475082397461,2.396251916885376
261,2,0.46934637427330017,0.6220574378967285
261,3,0.7479533553123474,1.211706519126892
261,4,1.611167550086975,3.724385976791382
262,0,-0.2977660894393921,0.3199999928474426
262,1,1.9473600387573242,10.489999771118164
263,0,0.47506093978881836,0.8600000143051147
264,0,1.4036463499069214,-5.333333492279053
264,1,1.095754861831665,-7.793333530426025
264,2,1.080842137336731,-8.640000343322754
264,3,1.9349859952926636,-5.823333263397217
265,0,-0.12836629152297974,0.8999999761581421
265,1,-2.096954584121704,0.5
265,2,1.5558806657791138,1.600000023841858
265,3,2.523587226867676,1.0
265,4,2.1361472606658936,1.899999976158142
265,5,2.967975378036499,1.399999976158142
265,6,0.6397681832313538,0.30000001192092896
265,7,-1.2692322731018066,1.600000023841858
265,8,1.7513275146484375,0.10000000149011612
265,9,2.885816812515259,-0.30000001192092896
265,10,1.0670719146728516,-0.699999988079071
265,11,0.4664144814014435,-0.5
265,12,0.17179185152053833,-1.399999976158142
265,13,1.688645601272583,0.800000011920929
265,14,-0.27150869369506836,0.20000000298023224
265,15,-0.2376614809036255,-0.10000000149011612
265,16,-0.059083640575408936,0.30000001192092896
265,17,-2.351184606552124,-0.10000000149011612
265,18,1.1451677083969116,2.200000047683716
265,19,-0.10203814506530762,1.0
265,20,-0.8510253429412842,0.10000000149011612
265,21,2.194716691970825,-0.699999988079071
265,22,1.6099216938018799,1.2999999523162842
265,23,3.28019118309021,3.700000047683716
266,0,2.3488831520080566,0.3199999928474426
266,1,1.052676796913147,0.79666668176651
267,0,-0.939565896987915,-0.7400000095367432
267,1,1.207573652267456,-0.6499999761581421
267,2,1.082475185394287,0.47999998927116394
268,0,-0.35165512561798096,0.3799999952316284
268,1,1.503520131111145,0.20000000298023224
268,2,2.5156381130218506,1.2300000190734863
268,3,-0.26804012060165405,-0.05999999865889549
269,0,1.060257077217102,-0.10000000149011612
270,0,3.145446300506592,0.6499999761581421
271,0,0.37544190883636475,3.2149999141693115
271,1,1.6761903762817383,4.110000133514404
271,2,-0.443075954914093,2.615000009536743
271,3,-1.4783209562301636,4.019999980926514
271,4,1.6769076585769653,4.0
271,5,0.4234861135482788,4.246666431427002
271,6,0.608992338180542,5.900000095367432
272,0,1.0278922319412231,-2.4656214714050293
272,1,1.0748599767684937,4.350306034088135
273,0,-0.7085332870483398,-0.20000000298023224
