protein_idx,mut_index,pred,true
0,0,0.3945717513561249,1.7899999618530273
0,1,0.2955161929130554,1.149999976158142
0,2,-1.3917553424835205,-5.300000190734863
0,3,1.015052318572998,-5.199999809265137
0,4,-2.093146562576294,-6.800000190734863
1,0,1.4303395748138428,3.700000047683716
1,1,0.832392692565918,4.550000190734863
1,2,-2.0128469467163086,2.4000000953674316
1,3,2.5528955459594727,4.550000190734863
1,4,0.318728506565094,0.699999988079071
2,0,-0.506648600101471,-0.550000011920929
2,1,-0.6403300762176514,-0.8100000023841858
2,2,0.3866632878780365,-0.1899999976158142
3,0,-0.034333571791648865,0.6600000262260437
3,1,-0.04115873575210571,-0.46000000834465027
3,2,-0.6125691533088684,0.3700000047683716
3,3,2.396876335144043,0.7099999785423279
3,4,-1.7464072704315186,0.15000000596046448
4,0,0.6622060537338257,1.0
4,1,-0.6674417853355408,-0.9599999785423279
4,2,0.09737271815538406,0.6000000238418579
4,3,0.6516467332839966,0.14000000059604645
4,4,2.4860901832580566,3.319999933242798
4,5,0.29311275482177734,1.9600000381469727
4,6,1.195401668548584,1.5800000429153442
4,7,0.06338441371917725,0.8600000143051147
4,8,0.15623557567596436,1.3200000524520874
4,9,0.5986083745956421,0.7900000214576721
5,0,0.2005476951599121,0.07999999821186066
5,1,-0.6997919082641602,-0.46000000834465027
5,2,1.7142047882080078,-0.7699999809265137
5,3,0.8723804354667664,-0.550000011920929
5,4,0.9995312690734863,1.909999966621399
5,5,2.1604650020599365,1.4800000190734863
5,6,0.8255071640014648,1.6699999570846558
5,7,2.075735092163086,-0.5299999713897705
5,8,0.9455867409706116,-0.25999999046325684
5,9,-0.3174625039100647,-1.6299999952316284
5,10,0.1276719868183136,0.33000001311302185
6,0,0.24043050408363342,0.1599999964237213
6,1,2.4648923873901367,1.0399999618530273
6,2,1.8656002283096313,1.2000000476837158
6,3,2.9847464561462402,1.5800000429153442
6,4,1.9068779945373535,1.0099999904632568
7,0,-0.31965696811676025,0.05000000074505806
7,1,0.35123157501220703,0.23000000417232513
7,2,1.2340912818908691,2.1500000953674316
7,3,1.2488614320755005,0.10999999940395355
7,4,-1.4612177610397339,1.8799999952316284
7,5,-0.13058777153491974,1.0499999523162842
7,6,2.5325591564178467,4.039999961853027
7,7,-0.36984139680862427,-0.1899999976158142
7,8,-0.7644763588905334,0.25
7,9,-0.7708703279495239,0.07000000029802322
8,0,2.572097063064575,1.909999966621399
8,1,-0.24292844533920288,2.1500000953674316
8,2,-0.44975781440734863,0.9599999785423279
8,3,1.4846668243408203,2.130000114440918
8,4,-0.5178818702697754,0.8999999761581421
8,5,-0.7141544818878174,1.2000000476837158
9,0,-0.25347936153411865,1.399999976158142
9,1,2.6767518520355225,0.800000011920929
9,2,2.4268178939819336,2.4000000953674316
9,3,2.6883716583251953,0.10000000149011612
10,0,0.12334024906158447,1.600000023841858
10,1,1.4564189910888672,5.0
11,0,-0.6438250541687012,1.1200000047683716
11,1,-0.7990747690200806,0.8999999761581421
11,2,0.47984838485717773,0.019999999552965164
11,3,2.0439624786376953,1.690000057220459
11,4,0.5161072015762329,1.440000057220459
11,5,0.5851689577102661,2.25
11,6,-0.12974590063095093,1.0499999523162842
11,7,-1.6375384330749512,1.2100000381469727
11,8,0.6081491708755493,0.9900000095367432
11,9,1.3435999155044556,1.6799999475479126
11,10,-0.1044994592666626,-1.059999942779541
11,11,1.6639944314956665,1.7899999618530273
11,12,0.43266525864601135,0.44999998807907104
11,13,1.2837293148040771,2.440000057220459
12,0,0.9613774418830872,0.4399999976158142
12,1,1.2590320110321045,0.25
12,2,2.2591552734375,0.20000000298023224
12,3,-0.27254629135131836,0.25
13,0,2.143791675567627,1.649999976158142
13,1,0.07095897197723389,1.5099999904632568
13,2,2.876168966293335,1.2899999618530273
13,3,1.8028924465179443,1.7300000190734863
13,4,0.7083389759063721,1.409999966621399
13,5,0.1796867847442627,1.5700000524520874
13,6,0.9066699147224426,1.6699999570846558
13,7,1.5467102527618408,1.840000033378601
13,8,0.7923032641410828,1.409999966621399
13,9,3.2579588890075684,2.630000114440918
13,10,1.608755111694336,1.840000033378601
13,11,2.572744369506836,0.2800000011920929
13,12,1.901618480682373,2.5399999618530273
13,13,3.1821866035461426,1.6299999952316284
13,14,3.3813860416412354,1.8700000047683716
13,15,2.2803592681884766,1.8799999952316284
13,16,1.6374189853668213,0.019999999552965164
13,17,3.7003350257873535,1.5
13,18,-0.3585050106048584,-1.0399999618530273
13,19,3.426682949066162,2.240000009536743
13,20,1.4747544527053833,-0.10000000149011612
14,0,1.4372174739837646,1.350000023841858
14,1,-0.2201770842075348,0.5699999928474426
14,2,1.2913771867752075,0.4300000071525574
14,3,1.4887604713439941,0.8399999737739563
14,4,1.6345332860946655,1.1399999856948853
14,5,1.852878212928772,1.2300000190734863
14,6,0.7050312161445618,0.6000000238418579
14,7,1.7484498023986816,0.7300000190734863
14,8,1.1771399974822998,0.5699999928474426
14,9,1.909966230392456,0.8999999761581421
14,10,0.7035497426986694,-0.23000000417232513
14,11,1.6661043167114258,0.6499999761581421
14,12,-0.11468803882598877,-0.2199999988079071
14,13,0.619943380355835,-0.27000001072883606
14,14,-0.30109813809394836,0.6399999856948853
14,15,3.019963264465332,1.0399999618530273
14,16,1.0698089599609375,0.23999999463558197
15,0,-0.22072887420654297,-0.699999988079071
16,0,0.8328430652618408,0.4000000059604645
17,0,-0.8837712407112122,0.49000000953674316
17,1,-2.548567295074463,-0.3799999952316284
17,2,-1.3071420192718506,0.36000001430511475
18,0,1.173759937286377,3.450000047683716
19,0,-0.9294224381446838,1.4199999570846558
19,1,-0.02799786627292633,0.5600000023841858
19,2,-0.6383421421051025,0.23999999463558197
19,3,0.2705855667591095,0.5600000023841858
19,4,1.0194474458694458,0.8199999928474426
19,5,-0.11673766374588013,0.75
19,6,-0.11944810301065445,0.7400000095367432
19,7,-0.6947349905967712,0.15000000596046448
19,8,-0.43051546812057495,0.10999999940395355
19,9,-0.6950251460075378,0.1899999976158142
19,10,-0.07636900991201401,0.5099999904632568
19,11,-1.271666169166565,0.4300000071525574
19,12,-0.9036429524421692,0.15000000596046448
19,13,0.17965389788150787,0.2800000011920929
19,14,0.11900760978460312,0.6399999856948853
19,15,0.3254210948944092,0.6200000047683716
19,16,0.3512169420719147,1.0700000524520874
19,17,0.2928820550441742,0.75
19,18,-1.4641976356506348,0.09000000357627869
19,19,0.339508056640625,0.7599999904632568
19,20,-0.8044325113296509,0.7699999809265137
19,21,-0.4576605558395386,0.27000001072883606
19,22,0.4628637433052063,0.10999999940395355
19,23,1.066443681716919,3.0399999618530273
19,24,0.3457736372947693,2.4200000762939453
19,25,-2.1399178504943848,0.800000011920929
19,26,-0.5580388307571411,1.2300000190734863
19,27,-1.267761468887329,0.8399999737739563
19,28,1.4892178773880005,4.03000020980835
19,29,0.5172137022018433,1.2799999713897705
19,30,2.274571418762207,1.909999966621399
19,31,0.4138728380203247,0.10999999940395355
19,32,1.1863592863082886,1.2200000286102295
19,33,0.8873517513275146,2.4000000953674316
19,34,1.1470704078674316,2.0999999046325684
19,35,1.5195226669311523,2.700000047683716
19,36,1.5177843570709229,2.200000047683716
19,37,-0.595146656036377,4.349999904632568
19,38,2.541008472442627,2.9100000858306885
19,39,1.6803444623947144,3.299999952316284
19,40,1.8079311847686768,2.619999885559082
19,41,2.350613594055176,2.9100000858306885
19,42,1.4509413242340088,2.7200000286102295
19,43,2.578383207321167,2.609999895095825
19,44,2.44496488571167,3.049999952316284
19,45,3.060976505279541,3.2799999713897705
19,46,-1.2720760107040405,-0.7400000095367432
19,47,2.0894172191619873,0.23999999463558197
19,48,1.2724285125732422,1.9900000095367432
19,49,1.017721176147461,2.380000114440918
19,50,-0.4838554859161377,0.6499999761581421
19,51,0.9555158615112305,1.0499999523162842
19,52,0.13179993629455566,1.7400000095367432
19,53,1.01498281955719,1.5199999809265137
19,54,0.8403467535972595,1.090000033378601
19,55,1.134506106376648,2.190000057220459
19,56,2.844191789627075,1.7400000095367432
19,57,0.9494562149047852,0.800000011920929
19,58,2.849957227706909,3.5899999141693115
19,59,0.750952959060669,1.0499999523162842
19,60,0.47518718242645264,1.1100000143051147
19,61,0.1817980408668518,0.6899999976158142
19,62,2.2697975635528564,4.710000038146973
19,63,0.517078161239624,1.659999966621399
19,64,1.3410273790359497,1.2899999618530273
19,65,0.7900393009185791,0.9399999976158142
19,66,0.20032793283462524,0.3700000047683716
19,67,2.094149589538574,1.7100000381469727
19,68,1.7680368423461914,2.640000104904175
19,69,0.37584519386291504,0.8700000047683716
19,70,0.5859766006469727,0.1599999964237213
19,71,-0.4854125380516052,-0.8399999737739563
19,72,-0.9128596782684326,-0.5400000214576721
19,73,-0.4653981328010559,-0.4399999976158142
19,74,1.2496906518936157,0.30000001192092896
19,75,-0.5051309466362,0.3499999940395355
19,76,-1.3577280044555664,-0.5899999737739563
19,77,0.06387346982955933,1.340000033378601
19,78,3.9434797763824463,2.819999933242798
19,79,1.8566458225250244,0.30000001192092896
19,80,1.1247260570526123,2.2699999809265137
19,81,-1.274379014968872,2.5399999618530273
19,82,1.5017647743225098,2.2699999809265137
19,83,-1.0899461507797241,-0.4000000059604645
19,84,-0.8995752334594727,1.8300000429153442
19,85,1.2427958250045776,1.6299999952316284
19,86,-0.01901288330554962,1.940000057220459
19,87,-0.8558855056762695,0.12999999523162842
19,88,-0.8920214772224426,-1.190000057220459
19,89,-0.7369798421859741,0.029999999329447746
19,90,1.4952292442321777,1.0399999618530273
19,91,0.24884599447250366,-0.0
19,92,-0.5867557525634766,0.10000000149011612
19,93,-1.7771259546279907,-0.6399999856948853
19,94,-0.08143186569213867,3.200000047683716
19,95,-0.5264679193496704,2.0399999618530273
19,96,0.02949155867099762,2.8299999237060547
19,97,0.14562389254570007,4.429999828338623
19,98,0.5617169141769409,1.4700000286102295
19,99,-0.8496666550636292,-0.5
19,100,-2.0350887775421143,-0.5
19,101,-0.1065363883972168,0.4699999988079071
19,102,-0.1865159124135971,-0.15000000596046448
19,103,0.0927354097366333,-0.07999999821186066
19,104,0.11882567405700684,1.840000033378601
19,105,0.8583672642707825,2.890000104904175
19,106,0.8352369666099548,2.2100000381469727
19,107,-0.9616168737411499,0.3799999952316284
19,108,0.5020994544029236,1.4800000190734863
19,109,-1.9515032768249512,-0.23999999463558197
19,110,-0.06543862819671631,1.659999966621399
19,111,1.504260540008545,1.9500000476837158
19,112,0.6549692153930664,0.03999999910593033
19,113,1.4768545627593994,0.05000000074505806
19,114,1.8625946044921875,1.4800000190734863
19,115,0.5917327404022217,1.2899999618530273
19,116,1.356160283088684,1.7200000286102295
19,117,0.06769287586212158,0.5600000023841858
19,118,1.8603606224060059,2.309999942779541
19,119,1.4447484016418457,2.2100000381469727
19,120,0.4018453359603882,-0.10999999940395355
19,121,0.48218727111816406,0.27000001072883606
19,122,2.3634538650512695,1.090000033378601
19,123,1.2646547555923462,2.059999942779541
19,124,0.8229467272758484,1.2699999809265137
19,125,0.9547369480133057,1.8700000047683716
19,126,0.30416494607925415,0.2199999988079071
19,127,-0.3244054317474365,-0.23999999463558197
19,128,1.324634075164795,2.869999885559082
19,129,1.7092549800872803,3.4600000381469727
19,130,1.7489004135131836,2.369999885559082
19,131,0.39425915479660034,1.399999976158142
19,132,-0.0856824517250061,1.1100000143051147
19,133,0.24427127838134766,1.6100000143051147
19,134,0.07250793278217316,2.3399999141693115
19,135,1.5633357763290405,1.0399999618530273
19,136,2.2603836059570312,1.1200000047683716
19,137,1.2814831733703613,1.2400000095367432
19,138,0.03299450874328613,0.05999999865889549
19,139,1.3291661739349365,3.490000009536743
19,140,0.24550366401672363,0.5199999809265137
19,141,0.2599027454853058,2.119999885559082
19,142,0.19957345724105835,0.4399999976158142
19,143,0.06029444932937622,4.019999980926514
19,144,0.07917895913124084,2.2799999713897705
19,145,0.09184408187866211,-0.05000000074505806
19,146,0.1629176139831543,1.350000023841858
19,147,0.27928316593170166,0.9700000286102295
19,148,0.8133647441864014,3.309999942779541
19,149,0.8220601081848145,1.409999966621399
19,150,2.30395770072937,4.510000228881836
19,151,3.2633941173553467,4.010000228881836
19,152,2.3957817554473877,3.4000000953674316
20,0,-1.2191734313964844,-0.6000000238418579
21,0,3.645704507827759,3.9000000953674316
21,1,3.1728594303131104,1.1100000143051147
21,2,1.4009698629379272,3.009999990463257
21,3,-0.5519856214523315,1.7000000476837158
21,4,-0.7533778548240662,1.2999999523162842
21,5,2.0458123683929443,2.4000000953674316
21,6,1.404305100440979,2.700000047683716
21,7,0.2104024887084961,2.200000047683716
21,8,2.575782537460327,4.300000190734863
21,9,2.221463203430176,4.099999904632568
21,10,-0.64359450340271,2.799999952316284
21,11,1.1135976314544678,1.7000000476837158
21,12,-0.2930798828601837,4.699999809265137
21,13,-0.2937168478965759,2.9000000953674316
21,14,2.813791036605835,3.4000000953674316
21,15,1.0093600749969482,4.699999809265137
21,16,1.2576442956924438,3.799999952316284
21,17,0.15103000402450562,0.6000000238418579
21,18,1.2805545330047607,5.0
21,19,0.8909016847610474,3.700000047683716
21,20,-0.9424617886543274,0.699999988079071
22,0,0.34521448612213135,-0.7599999904632568
22,1,-0.5650451183319092,-0.36000001430511475
23,0,0.2672557234764099,-0.10000000149011612
23,1,0.8675497770309448,0.10000000149011612
23,2,0.4820045828819275,0.699999988079071
23,3,1.4478580951690674,1.0399999618530273
23,4,0.8281668424606323,1.090000033378601
23,5,-0.5109883546829224,0.7900000214576721
23,6,1.567673683166504,1.1699999570846558
23,7,-0.8649033904075623,-0.550000011920929
23,8,0.026694416999816895,0.05000000074505806
23,9,0.21492481231689453,-0.3799999952316284
23,10,-0.3978750705718994,-0.75
23,11,0.5148640871047974,0.3700000047683716
24,0,4.5908050537109375,2.619999885559082
24,1,-0.9873049855232239,0.25999999046325684
24,2,-3.7581615447998047,0.6800000071525574
24,3,0.8088176250457764,0.5199999809265137
24,4,-0.3578643798828125,0.6200000047683716
24,5,1.2987513542175293,0.44999998807907104
24,6,0.7896959781646729,0.05000000074505806
24,7,1.9168541431427002,-0.03999999910593033
24,8,2.031498432159424,0.8299999833106995
24,9,4.6804094314575195,2.1700000762939453
24,10,2.9039998054504395,0.9900000095367432
24,11,5.593612194061279,2.0999999046325684
24,12,2.1449286937713623,2.200000047683716
24,13,0.9551815986633301,0.6000000238418579
24,14,1.5573363304138184,1.100000023841858
24,15,1.0240610837936401,0.8999999761581421
24,16,1.0673068761825562,0.6499999761581421
24,17,2.7925636768341064,0.9200000166893005
24,18,2.3401012420654297,0.8600000143051147
24,19,3.1296465396881104,0.6299999952316284
24,20,2.989891290664673,1.7999999523162842
24,21,0.2333545684814453,0.6000000238418579
24,22,1.3457801342010498,1.100000023841858
24,23,3.375303268432617,1.100000023841858
24,24,0.48927950859069824,-0.6000000238418579
24,25,1.7580552101135254,-0.8999999761581421
24,26,0.9801769256591797,0.10000000149011612
24,27,0.8958358764648438,0.6000000238418579
24,28,1.6695530414581299,0.6000000238418579
24,29,0.4238762855529785,-0.0
24,30,1.3472425937652588,1.5
24,31,0.8596373796463013,0.800000011920929
24,32,2.4525861740112305,2.200000047683716
24,33,0.7813115119934082,1.100000023841858
24,34,0.8441817760467529,-0.10000000149011612
24,35,2.0005056858062744,1.7000000476837158
24,36,1.0293281078338623,0.800000011920929
24,37,2.9957802295684814,1.2000000476837158
24,38,0.767148494720459,-0.0
24,39,0.9416089057922363,-0.0
24,40,1.925053596496582,0.10000000149011612
25,0,0.19377398490905762,-3.009999990463257
25,1,-2.578003406524658,-1.5
25,2,-3.1126248836517334,-1.7999999523162842
25,3,-2.923971652984619,-1.399999976158142
25,4,-2.196368932723999,-3.799999952316284
25,5,-2.5935535430908203,-1.7999999523162842
25,6,-2.5622754096984863,-2.200000047683716
25,7,-2.378887414932251,-0.3499999940395355
25,8,-1.9256627559661865,-2.299999952316284
25,9,1.7221510410308838,0.4000000059604645
25,10,1.664445161819458,1.0
25,11,1.159578800201416,0.4000000059604645
25,12,-0.7873963117599487,-0.0
25,13,-0.9233208894729614,-0.800000011920929
25,14,-2.022860527038574,-0.8999999761581421
25,15,-2.2430262565612793,-0.8999999761581421
25,16,-1.1773312091827393,-0.6000000238418579
25,17,-0.8108305931091309,-1.600000023841858
25,18,-0.2088836431503296,-2.0999999046325684
25,19,-1.0706846714019775,-1.75
25,20,0.2035444676876068,-0.8399999737739563
25,21,0.7932738065719604,0.5400000214576721
25,22,0.2698192298412323,-0.8899999856948853
25,23,-0.7462767362594604,-1.0
25,24,-1.0621378421783447,-2.299999952316284
25,25,1.0219603776931763,2.440000057220459
25,26,0.06972324848175049,-1.0
25,27,-0.5278633832931519,-1.0
25,28,-0.29545438289642334,-1.0
25,29,-0.5576262474060059,-0.20000000298023224
25,30,0.7100832462310791,0.699999988079071
25,31,-0.7954607009887695,-0.5
25,32,-0.41511762142181396,0.6000000238418579
25,33,-1.0172768831253052,-0.6000000238418579
25,34,-0.9985374212265015,1.2000000476837158
25,35,-0.3448607921600342,-0.4000000059604645
25,36,0.2968161106109619,0.30000001192092896
25,37,-1.1323702335357666,0.20000000298023224
25,38,-1.0331400632858276,0.30000001192092896
25,39,1.8208184242248535,0.4699999988079071
25,40,1.3654024600982666,-0.9800000190734863
25,41,3.163444995880127,0.20999999344348907
25,42,-0.11369180679321289,-1.1799999475479126
26,0,-0.6084890961647034,-2.3499999046325684
26,1,1.0468932390213013,1.7999999523162842
27,0,1.7733386754989624,0.949999988079071
27,1,1.6804081201553345,0.75
27,2,0.8042054772377014,0.5
27,3,1.374171257019043,-0.05999999865889549
27,4,1.1104187965393066,0.3100000023841858
27,5,-0.36618003249168396,0.3100000023841858
27,6,0.1535956859588623,-0.4300000071525574
27,7,1.1254966259002686,-0.03999999910593033
27,8,0.20625895261764526,-0.3499999940395355
27,9,1.7752437591552734,0.47999998927116394
27,10,3.681607484817505,-2.5
27,11,-1.887902855873108,-2.700000047683716
27,12,2.7650368213653564,-3.299999952316284
27,13,3.429407835006714,-2.640000104904175
28,0,1.4377317428588867,4.269999980926514
28,1,1.4307210445404053,2.509999990463257
28,2,1.2493669986724854,4.429999828338623
29,0,0.8015538454055786,0.7699999809265137
29,1,3.26737642288208,0.699999988079071
29,2,2.8664402961730957,1.3300000429153442
29,3,3.03627872467041,0.12999999523162842
29,4,0.5750522613525391,3.430000066757202
29,5,0.3949366807937622,0.5299999713897705
30,0,2.4574191570281982,2.5999999046325684
30,1,1.1701689958572388,1.7999999523162842
30,2,1.354850172996521,1.100000023841858
30,3,0.9829349517822266,1.100000023841858
30,4,1.3459076881408691,1.100000023841858
30,5,-1.5543464422225952,0.20000000298023224
30,6,0.6216762065887451,1.2000000476837158
30,7,-1.5011377334594727,0.10000000149011612
30,8,0.49869364500045776,1.2999999523162842
30,9,-2.310220241546631,-0.699999988079071
30,10,-0.20263338088989258,0.30000001192092896
30,11,0.4481922388076782,-0.10000000149011612
30,12,3.039139747619629,1.100000023841858
30,13,4.141108512878418,3.700000047683716
30,14,2.310727596282959,1.2999999523162842
30,15,2.5229578018188477,2.799999952316284
30,16,-0.29459166526794434,-0.5
30,17,-1.8586359024047852,-0.5
30,18,0.343391478061676,0.5
30,19,1.0848420858383179,1.399999976158142
30,20,0.1380573809146881,2.299999952316284
30,21,3.5898897647857666,3.5999999046325684
30,22,1.2879860401153564,1.600000023841858
30,23,2.696624755859375,2.799999952316284
30,24,0.8970279693603516,0.6000000238418579
30,25,2.5507400035858154,2.0
30,26,0.7575490474700928,0.6000000238418579
30,27,0.4726580083370209,-0.0
30,28,-1.9245049953460693,-0.4000000059604645
30,29,0.8930384516716003,0.5
30,30,0.03105062246322632,0.10000000149011612
30,31,1.547461986541748,1.399999976158142
30,32,-0.9367191195487976,0.4000000059604645
30,33,1.585561752319336,1.2999999523162842
30,34,2.1645960807800293,0.20000000298023224
30,35,2.9297354221343994,2.799999952316284
30,36,3.099482774734497,3.799999952316284
30,37,2.554741859436035,2.4000000953674316
30,38,3.140658140182495,2.799999952316284
30,39,3.590371608734131,3.799999952316284
30,40,1.8567750453948975,2.200000047683716
30,41,-1.4773730039596558,-0.20000000298023224
30,42,0.7546111345291138,0.4000000059604645
30,43,-1.3077807426452637,-0.4000000059604645
30,44,0.6028719544410706,0.699999988079071
30,45,-0.3608572781085968,0.699999988079071
30,46,1.9409102201461792,1.7999999523162842
30,47,-0.9301073551177979,-0.0
30,48,0.8902257084846497,1.2999999523162842
30,49,-0.9596300721168518,-0.0
30,50,-1.5927886962890625,0.30000001192092896
30,51,0.6063987612724304,1.899999976158142
30,52,-2.4094655513763428,-0.30000001192092896
30,53,-0.14044123888015747,0.6000000238418579
30,54,-0.9926129579544067,-0.5
30,55,0.8127240538597107,0.5
30,56,-1.488093376159668,-0.30000001192092896
30,57,0.3595695495605469,0.10000000149011612
30,58,1.2444076538085938,0.20000000298023224
30,59,1.5083067417144775,0.4000000059604645
30,60,1.5997506380081177,2.299999952316284
30,61,1.727813720703125,1.309999942779541
30,62,1.295248031616211,2.0999999046325684
31,0,1.7114272117614746,1.75
31,1,1.1893486976623535,1.649999976158142
31,2,1.07081937789917,1.4500000476837158
31,3,1.221221923828125,1.9500000476837158
31,4,1.3473713397979736,1.350000023841858
31,5,2.2050540447235107,2.25
31,6,1.3062511682510376,1.4500000476837158
31,7,2.9504470825195312,2.549999952316284
31,8,2.408569812774658,1.850000023841858
31,9,-2.3617472648620605,-0.44999998807907104
31,10,1.5765185356140137,2.3499999046325684
31,11,3.379575729370117,1.649999976158142
31,12,1.1411089897155762,2.8499999046325684
31,13,-1.2561473846435547,0.15000000596046448
31,14,1.398411750793457,1.4500000476837158
31,15,3.9229016304016113,4.550000190734863
31,16,3.5865273475646973,4.050000190734863
31,17,2.623188018798828,3.6500000953674316
31,18,2.3582887649536133,2.6500000953674316
31,19,-1.0307153463363647,0.15000000596046448
31,20,0.46642202138900757,1.149999976158142
31,21,-1.1920056343078613,-0.15000000596046448
31,22,0.9365536570549011,0.949999988079071
31,23,-0.4999101459980011,-0.15000000596046448
31,24,0.4195577800273895,0.8500000238418579
31,25,2.0568435192108154,1.5499999523162842
32,0,2.2948501110076904,-0.8999999761581421
32,1,0.8408501148223877,-0.44999998807907104
33,0,2.7982192039489746,2.180000066757202
33,1,2.5010526180267334,2.5
33,2,2.11523699760437,3.109999895095825
33,3,2.977477550506592,1.559999942779541
33,4,3.1448521614074707,2.390000104904175
33,5,0.6820900440216064,0.3799999952316284
33,6,2.778824806213379,3.109999895095825
33,7,3.8262901306152344,2.390000104904175
33,8,3.481522798538208,2.509999990463257
33,9,1.3030149936676025,0.07000000029802322
33,10,3.1742172241210938,0.7200000286102295
33,11,4.90300989151001,2.3399999141693115
33,12,2.6329214572906494,0.36000001430511475
33,13,2.6340651512145996,1.440000057220459
33,14,2.7862634658813477,0.9599999785423279
33,15,3.290475845336914,1.0800000429153442
33,16,2.5642638206481934,-0.0
33,17,2.4893252849578857,3.109999895095825
33,18,2.5178468227386475,-0.9599999785423279
33,19,5.349185943603516,3.950000047683716
33,20,3.8870437145233154,3.440000057220459
34,0,0.07884499430656433,1.0499999523162842
34,1,1.5056769847869873,0.7900000214576721
34,2,-2.406834602355957,1.7200000286102295
34,3,-2.384510040283203,0.1899999976158142
34,4,-0.13087019324302673,2.130000114440918
34,5,-1.463288426399231,-0.07000000029802322
34,6,-0.31416481733322144,0.9300000071525574
34,7,0.31074389815330505,0.6499999761581421
34,8,-0.11824451386928558,-2.6600000858306885
34,9,-0.17962239682674408,0.6000000238418579
34,10,0.6032590866088867,0.1899999976158142
34,11,-0.015799090266227722,-1.3899999856948853
34,12,-0.3177749216556549,-0.4300000071525574
34,13,-0.9379541277885437,0.9599999785423279
34,14,0.016973178833723068,0.4099999964237213
34,15,1.0718687772750854,0.9300000071525574
34,16,1.287567138671875,1.149999976158142
34,17,0.4152700901031494,0.23999999463558197
34,18,1.1516499519348145,2.440000057220459
34,19,2.8533337116241455,0.6000000238418579
34,20,0.828343391418457,1.1699999570846558
34,21,1.2354772090911865,2.390000104904175
35,0,1.3223071098327637,-1.4700000286102295
35,1,2.7240116596221924,-0.47999998927116394
35,2,-1.968211054801941,0.6399999856948853
35,3,-0.5354571342468262,-3.549999952316284
35,4,-0.9997466802597046,1.1399999856948853
35,5,1.301826000213623,2.7200000286102295
35,6,0.847588300704956,0.8600000143051147
35,7,0.8207011222839355,1.7200000286102295
35,8,1.9165656566619873,1.7200000286102295
35,9,0.6717637777328491,0.2800000011920929
35,10,0.35235244035720825,0.3499999940395355
35,11,2.9431562423706055,2.7300000190734863
35,12,2.755430221557617,3.2200000286102295
35,13,1.1930642127990723,1.75
35,14,-1.4245960712432861,-2.259999990463257
35,15,2.6072018146514893,1.2400000095367432
35,16,2.2308766841888428,0.8299999833106995
35,17,-0.7221373915672302,-0.8999999761581421
35,18,1.5844395160675049,1.9600000381469727
35,19,1.0173473358154297,0.3100000023841858
35,20,1.4700617790222168,2.109999895095825
35,21,2.7651054859161377,2.009999990463257
35,22,1.549957036972046,0.6800000071525574
35,23,0.2331993579864502,2.130000114440918
35,24,2.0164871215820312,1.2999999523162842
36,0,-0.5832313895225525,3.7300000190734863
36,1,1.1634970903396606,0.4000000059604645
36,2,-0.6113226413726807,0.20999999344348907
36,3,3.3867592811584473,4.309999942779541
36,4,0.5002961158752441,-1.909999966621399
36,5,0.14011704921722412,-0.3199999928474426
36,6,0.3435630798339844,4.599999904632568
36,7,2.6005287170410156,0.10000000149011612
36,8,2.5340254306793213,0.33000001311302185
36,9,2.1424269676208496,-0.8100000023841858
36,10,1.4415104389190674,-0.019999999552965164
36,11,2.614361047744751,1.0
36,12,2.638566493988037,0.019999999552965164
36,13,-0.36272192001342773,0.5299999713897705
36,14,2.6459884643554688,0.6200000047683716
36,15,0.7862982153892517,0.550000011920929
36,16,0.24344858527183533,-0.14000000059604645
36,17,2.284761667251587,1.3899999856948853
36,18,1.1349334716796875,1.7699999809265137
36,19,2.212925672531128,1.7899999618530273
36,20,1.5813037157058716,0.28999999165534973
36,21,-0.699997067451477,-0.44999998807907104
36,22,2.5491418838500977,0.11999999731779099
36,23,2.2285187244415283,0.36000001430511475
36,24,1.0418399572372437,0.14000000059604645
36,25,1.7533676624298096,0.9300000071525574
36,26,0.713923990726471,0.7200000286102295
36,27,2.2820334434509277,2.5399999618530273
36,28,0.4935489892959595,0.36000001430511475
36,29,3.385857582092285,3.7100000381469727
36,30,2.154156446456909,4.090000152587891
36,31,0.11805152893066406,0.10000000149011612
36,32,1.3934807777404785,1.7699999809265137
36,33,1.2122187614440918,1.2000000476837158
36,34,3.973428726196289,1.7200000286102295
36,35,2.511641502380371,0.8100000023841858
36,36,4.95590877532959,3.8299999237060547
36,37,0.3229484558105469,-0.0
36,38,1.5691269636154175,1.2899999618530273
36,39,4.733386516571045,3.5899999141693115
36,40,3.673825263977051,2.2200000286102295
36,41,1.2821052074432373,1.100000023841858
36,42,3.306764841079712,3.7799999713897705
36,43,2.6157357692718506,2.700000047683716
36,44,0.7945016622543335,0.47999998927116394
36,45,-0.5413954257965088,0.6000000238418579
36,46,-0.44447463750839233,0.11999999731779099
36,47,4.794037818908691,3.7300000190734863
36,48,0.30471789836883545,-0.1899999976158142
36,49,-1.0284618139266968,-0.05000000074505806
36,50,0.3011990487575531,-0.9100000262260437
36,51,-1.4226984977722168,-1.3200000524520874
36,52,-0.6406296491622925,-1.149999976158142
36,53,0.6836917400360107,-0.4300000071525574
36,54,1.1497516632080078,0.25999999046325684
36,55,-1.8354547023773193,1.649999976158142
36,56,0.9608044028282166,0.28999999165534973
36,57,0.7615297436714172,-0.5299999713897705
36,58,0.11262644827365875,-0.17000000178813934
36,59,-0.694449782371521,0.05000000074505806
36,60,1.2358067035675049,-0.47999998927116394
36,61,-0.4597032070159912,-0.8600000143051147
36,62,-0.46426576375961304,-0.07000000029802322
36,63,-0.43543773889541626,-0.5299999713897705
36,64,0.12408480048179626,-0.07000000029802322
36,65,0.10162647813558578,-0.8899999856948853
36,66,-0.9170635342597961,0.14000000059604645
36,67,1.918637752532959,1.440000057220459
36,68,2.805844306945801,1.3200000524520874
36,69,1.107154369354248,0.8399999737739563
36,70,1.1872209310531616,1.5099999904632568
36,71,0.7184392213821411,1.440000057220459
36,72,-0.36426639556884766,0.8600000143051147
36,73,1.7023869752883911,2.299999952316284
36,74,-0.30625319480895996,-1.100000023841858
36,75,0.04450163245201111,0.05000000074505806
36,76,0.25029152631759644,0.3100000023841858
36,77,0.851965606212616,1.340000033378601
36,78,1.3421683311462402,0.3799999952316284
36,79,0.8064825534820557,1.409999966621399
36,80,-0.33730316162109375,0.36000001430511475
36,81,1.4913477897644043,0.36000001430511475
36,82,2.0121688842773438,0.4300000071525574
36,83,-0.17951864004135132,0.28999999165534973
36,84,2.3070385456085205,0.2199999988079071
36,85,-0.5230876207351685,-0.44999998807907104
36,86,-0.235215961933136,-0.1899999976158142
36,87,-0.09229439496994019,-0.6499999761581421
36,88,1.2599380016326904,0.33000001311302185
36,89,0.1855701506137848,0.07000000029802322
36,90,1.242936134338379,0.3799999952316284
36,91,-0.2097070813179016,0.23999999463558197
36,92,2.7718214988708496,0.7400000095367432
36,93,3.1479060649871826,0.6700000166893005
36,94,2.6364552974700928,0.9800000190734863
36,95,2.5577096939086914,0.5
36,96,0.34050941467285156,0.36000001430511475
36,97,0.24212533235549927,0.5
36,98,3.470475673675537,2.490000009536743
36,99,0.03393411636352539,0.1899999976158142
36,100,4.062606334686279,2.319999933242798
36,101,0.22335350513458252,-0.07000000029802322
36,102,0.2941780090332031,0.9599999785423279
36,103,0.404213547706604,0.23999999463558197
36,104,-0.5254730582237244,0.15000000596046448
36,105,1.0741974115371704,0.17000000178813934
36,106,1.0363913774490356,1.2799999713897705
36,107,0.7933623790740967,0.6499999761581421
36,108,-0.7426389455795288,1.3899999856948853
36,109,0.30034124851226807,0.9399999976158142
37,0,-0.9884284734725952,4.78000020980835
37,1,1.4440079927444458,0.9599999785423279
37,2,2.1020925045013428,0.23999999463558197
37,3,-0.09680378437042236,-0.23999999463558197
37,4,0.11212766170501709,-1.2400000095367432
37,5,1.4438154697418213,2.450000047683716
37,6,0.34408897161483765,0.6399999856948853
37,7,1.3421114683151245,1.1799999475479126
37,8,0.9131473302841187,0.8999999761581421
37,9,1.3666374683380127,0.8999999761581421
37,10,0.8224520683288574,0.4399999976158142
37,11,4.441591262817383,3.950000047683716
37,12,1.3695971965789795,1.9199999570846558
37,13,2.8223018646240234,1.909999966621399
37,14,2.3078575134277344,1.190000057220459
37,15,3.541443347930908,4.119999885559082
37,16,-0.7845509052276611,-0.019999999552965164
37,17,1.3511080741882324,1.4600000381469727
37,18,0.30706337094306946,0.3799999952316284
37,19,0.640745997428894,-0.2800000011920929
37,20,-1.1090760231018066,0.5699999928474426
37,21,-0.3414163589477539,-1.399999976158142
37,22,0.1288926601409912,-1.7999999523162842
37,23,-0.6197490692138672,-1.2000000476837158
37,24,-0.7964534759521484,-0.7599999904632568
37,25,-0.007128119468688965,-0.0
37,26,-1.0353319644927979,-0.7200000286102295
37,27,-0.24815693497657776,-0.44999998807907104
37,28,-0.48840272426605225,-0.1899999976158142
37,29,-0.5230121612548828,-0.03999999910593033
37,30,-0.4438886344432831,0.07999999821186066
37,31,-0.5715674161911011,-0.27000001072883606
37,32,-0.561684787273407,-0.8700000047683716
37,33,-0.27627599239349365,-0.1899999976158142
37,34,0.06183302402496338,0.44999998807907104
37,35,-0.7491567134857178,-0.3799999952316284
37,36,-1.5704208612442017,0.03999999910593033
37,37,-1.862478256225586,-0.7599999904632568
37,38,3.232848882675171,4.400000095367432
37,39,1.9414142370224,2.4600000381469727
37,40,0.13402891159057617,0.44999998807907104
37,41,1.5260112285614014,2.2699999809265137
37,42,1.077823519706726,0.9100000262260437
37,43,0.5177048444747925,1.059999942779541
37,44,0.3307833671569824,0.3799999952316284
37,45,0.013397697359323502,0.44999998807907104
37,46,-0.71510249376297,-0.6800000071525574
37,47,-0.7809031009674072,0.15000000596046448
37,48,-0.21393346786499023,0.03999999910593033
37,49,-0.13202792406082153,-0.23000000417232513
37,50,-1.7135907411575317,0.15000000596046448
37,51,2.9315567016601562,2.309999942779541
37,52,0.4342421889305115,-0.9900000095367432
37,53,0.03894615173339844,0.07999999821186066
37,54,1.0208650827407837,3.069999933242798
37,55,0.09612393379211426,2.200000047683716
37,56,0.36727502942085266,0.27000001072883606
38,0,0.46884363889694214,1.7100000381469727
38,1,2.681436538696289,1.3700000047683716
38,2,0.14223116636276245,1.840000033378601
38,3,2.105886936187744,0.9800000190734863
38,4,2.2567551136016846,2.819999933242798
38,5,-2.1317381858825684,0.75
38,6,-1.2517427206039429,1.350000023841858
38,7,1.1101411581039429,-0.20000000298023224
38,8,-1.099569320678711,1.190000057220459
38,9,1.5724191665649414,2.369999885559082
38,10,1.251348614692688,0.8899999856948853
38,11,1.5307276248931885,1.0
38,12,0.6087003350257874,1.0800000429153442
38,13,1.861272931098938,3.5999999046325684
38,14,3.053943395614624,4.730000019073486
38,15,2.3071210384368896,-0.1899999976158142
38,16,1.4656813144683838,1.940000057220459
38,17,2.55830717086792,2.5299999713897705
38,18,2.932659387588501,2.630000114440918
38,19,-0.8198360204696655,1.1200000047683716
38,20,0.4873908758163452,0.800000011920929
38,21,1.351384162902832,1.4500000476837158
38,22,0.6157763004302979,2.680000066757202
38,23,0.2443791627883911,2.0999999046325684
38,24,1.8319756984710693,3.0299999713897705
38,25,2.520172119140625,2.799999952316284
38,26,1.6458370685577393,1.9199999570846558
38,27,1.6682007312774658,-0.03999999910593033
38,28,2.4640188217163086,2.5399999618530273
38,29,-0.2547057867050171,1.1299999952316284
38,30,3.7196359634399414,0.09000000357627869
38,31,2.505185127258301,1.2799999713897705
38,32,2.692211866378784,0.41999998688697815
38,33,3.864170551300049,0.4099999964237213
38,34,1.4300464391708374,-0.07000000029802322
38,35,1.0839531421661377,-0.8299999833106995
38,36,0.5326229333877563,-0.46000000834465027
38,37,1.1414976119995117,-1.100000023841858
38,38,-0.0725967139005661,-1.4299999475479126
38,39,1.1747838258743286,-0.4099999964237213
38,40,0.9391101598739624,0.3799999952316284
38,41,2.0738556385040283,1.809999942779541
38,42,3.450758695602417,3.2799999713897705
38,43,1.2380746603012085,2.690000057220459
38,44,2.8501594066619873,3.759999990463257
38,45,1.6328579187393188,2.640000104904175
38,46,1.7692471742630005,3.5
38,47,0.14980947971343994,2.930000066757202
38,48,0.699489951133728,1.3600000143051147
38,49,1.594759464263916,2.740000009536743
38,50,3.2748076915740967,2.4700000286102295
38,51,-0.08444905281066895,1.340000033378601
38,52,1.3235626220703125,1.8600000143051147
38,53,0.6755371689796448,1.9800000190734863
38,54,0.20441550016403198,0.9700000286102295
38,55,0.44698333740234375,0.27000001072883606
38,56,-0.8637043833732605,0.4399999976158142
38,57,2.488987445831299,1.9900000095367432
38,58,2.057065963745117,2.5299999713897705
38,59,1.1030664443969727,1.5199999809265137
38,60,-0.23447895050048828,2.200000047683716
38,61,1.1162109375,3.880000114440918
38,62,2.26552677154541,3.7200000286102295
38,63,0.13041019439697266,0.7300000190734863
38,64,1.1306260824203491,1.100000023841858
38,65,1.8869562149047852,1.6399999856948853
38,66,1.2498518228530884,1.1699999570846558
38,67,0.16294598579406738,0.7099999785423279
38,68,2.1681594848632812,-0.3199999928474426
38,69,0.49774014949798584,-0.20000000298023224
38,70,2.434854507446289,-0.5899999737739563
38,71,0.9403965473175049,0.05000000074505806
38,72,2.172065496444702,0.5099999904632568
38,73,1.940539836883545,0.27000001072883606
38,74,0.08004790544509888,0.10000000149011612
38,75,0.6334103345870972,0.6399999856948853
38,76,1.7077240943908691,0.7900000214576721
38,77,2.077568292617798,1.409999966621399
38,78,0.753510594367981,-0.009999999776482582
38,79,-0.007662594318389893,0.14000000059604645
38,80,0.8178672790527344,1.0499999523162842
38,81,2.2384145259857178,1.3300000429153442
38,82,3.0488061904907227,1.0
38,83,0.7356501817703247,0.5699999928474426
38,84,1.792560338973999,1.4600000381469727
38,85,0.09418141841888428,0.8799999952316284
38,86,2.8094491958618164,2.759999990463257
38,87,2.6073765754699707,2.059999942779541
38,88,1.1671147346496582,0.6399999856948853
38,89,2.4827256202697754,3.430000066757202
38,90,0.9735074043273926,2.2200000286102295
38,91,-0.06418168544769287,0.6100000143051147
38,92,0.05795550346374512,2.309999942779541
38,93,4.308184623718262,3.799999952316284
38,94,3.6967554092407227,2.3399999141693115
38,95,4.317951202392578,4.760000228881836
38,96,2.5255801677703857,4.099999904632568
38,97,3.205016851425171,4.730000019073486
38,98,2.9636521339416504,4.409999847412109
38,99,1.6371116638183594,0.11999999731779099
38,100,3.901752233505249,2.180000066757202
38,101,2.841313600540161,1.409999966621399
38,102,1.324709415435791,1.2599999904632568
38,103,2.67826509475708,1.4600000381469727
38,104,4.232212543487549,3.109999895095825
38,105,2.523977279663086,-0.1599999964237213
38,106,1.531152606010437,0.75
38,107,2.6028499603271484,0.550000011920929
38,108,3.5539908409118652,1.0
38,109,2.6329102516174316,0.4399999976158142
38,110,4.5478692054748535,1.4800000190734863
38,111,-1.069339632987976,2.1700000762939453
38,112,-1.348690152168274,2.2799999713897705
38,113,-0.4523489773273468,2.2300000190734863
38,114,2.234198570251465,0.3100000023841858
38,115,2.624016761779785,1.9900000095367432
38,116,3.391218900680542,3.740000009536743
38,117,-0.4334007501602173,-0.1899999976158142
38,118,-0.4447748363018036,0.10000000149011612
38,119,2.7817113399505615,1.7999999523162842
38,120,2.5191526412963867,2.549999952316284
38,121,3.9784433841705322,3.740000009536743
38,122,-0.16109724342823029,2.9200000762939453
38,123,1.444122314453125,4.090000152587891
38,124,-1.7102010250091553,-0.5699999928474426
38,125,-0.7430135011672974,-0.46000000834465027
38,126,-0.15142998099327087,-0.5099999904632568
38,127,0.733992338180542,0.5199999809265137
38,128,-1.165533185005188,-0.6899999976158142
38,129,1.519323468208313,0.44999998807907104
38,130,1.13860023021698,0.17000000178813934
38,131,0.8900073766708374,0.47999998927116394
38,132,1.559497594833374,0.8500000238418579
38,133,1.7803828716278076,3.2899999618530273
38,134,3.0623421669006348,4.21999979019165
38,135,-0.430245041847229,0.09000000357627869
38,136,0.2627127170562744,0.38999998569488525
38,137,0.9231969714164734,1.3700000047683716
38,138,2.7900590896606445,2.7300000190734863
38,139,4.33933162689209,3.430000066757202
38,140,0.46936941146850586,0.6200000047683716
38,141,1.0383495092391968,0.15000000596046448
38,142,0.7650446891784668,0.8799999952316284
38,143,2.660568952560425,2.6500000953674316
38,144,3.9883439540863037,2.630000114440918
38,145,0.4407552480697632,0.14000000059604645
38,146,0.6382554769515991,0.9599999785423279
38,147,0.8267354965209961,0.23000000417232513
38,148,1.9572155475616455,1.8799999952316284
38,149,0.4615154266357422,1.7899999618530273
38,150,3.252887010574341,4.119999885559082
38,151,0.6320023536682129,0.6000000238418579
38,152,1.903871774673462,1.75
38,153,0.6979920864105225,0.46000000834465027
38,154,0.6320828795433044,1.1299999952316284
38,155,2.517097234725952,2.5899999141693115
38,156,-0.7451853156089783,-0.6899999976158142
38,157,0.052565306425094604,-0.20999999344348907
38,158,0.14825165271759033,-1.0499999523162842
38,159,-2.066725969314575,-0.23999999463558197
38,160,-2.1681907176971436,-0.12999999523162842
38,161,-0.05882757902145386,0.2199999988079071
38,162,0.5123111009597778,0.7900000214576721
38,163,-1.6049957275390625,-0.05999999865889549
38,164,0.508586049079895,1.3200000524520874
38,165,1.4657812118530273,1.2599999904632568
38,166,2.430504322052002,3.2200000286102295
38,167,0.11526715755462646,0.4399999976158142
38,168,-1.6572835445404053,-0.11999999731779099
38,169,-1.2442705631256104,0.699999988079071
38,170,0.2062930166721344,0.25999999046325684
38,171,0.7040448188781738,0.7900000214576721
38,172,-0.296539843082428,0.75
38,173,0.4503587782382965,0.9700000286102295
38,174,0.029200255870819092,0.019999999552965164
38,175,-1.8616292476654053,0.05999999865889549
38,176,-3.695331573486328,0.3799999952316284
38,177,-0.47220027446746826,0.7599999904632568
38,178,-0.42157357931137085,0.3400000035762787
38,179,-2.4259214401245117,0.4000000059604645
38,180,1.9484822750091553,1.600000023841858
38,181,-0.22335657477378845,0.699999988079071
38,182,0.23616807162761688,0.7900000214576721
38,183,0.5471587777137756,0.8500000238418579
38,184,-0.697119951248169,0.800000011920929
38,185,-0.2521075904369354,0.2800000011920929
38,186,0.30515384674072266,-0.1899999976158142
38,187,1.4598517417907715,-0.20000000298023224
38,188,-1.808911681175232,-0.09000000357627869
38,189,-2.271224021911621,-0.10000000149011612
38,190,-1.9357688426971436,0.25
38,191,-0.7656261324882507,-0.23999999463558197
38,192,-1.460671305656433,0.019999999552965164
38,193,-0.6635429263114929,0.25
38,194,-0.9743545055389404,-0.20000000298023224
38,195,1.1261439323425293,0.10000000149011612
38,196,0.3083142936229706,0.17000000178813934
38,197,1.0384137630462646,0.07999999821186066
38,198,1.1599903106689453,0.3199999928474426
38,199,2.1789519786834717,1.4700000286102295
38,200,1.913881778717041,1.8300000429153442
38,201,3.146416664123535,1.5700000524520874
38,202,0.5444222092628479,0.8899999856948853
38,203,-1.6085882186889648,-0.1599999964237213
38,204,-0.6981326937675476,1.6799999475479126
38,205,-0.1297830194234848,0.09000000357627869
38,206,0.4387379288673401,0.5099999904632568
38,207,-1.0208803415298462,-0.0
38,208,-1.6474134922027588,-0.1899999976158142
38,209,-1.026717185974121,-0.25
38,210,-1.1122912168502808,0.1599999964237213
38,211,-0.39338716864585876,0.47999998927116394
38,212,-0.4326828420162201,0.30000001192092896
38,213,0.37987595796585083,0.029999999329447746
38,214,0.43460613489151,0.6000000238418579
38,215,-0.4630272686481476,0.25
38,216,0.5446489453315735,0.4000000059604645
38,217,0.23162978887557983,0.550000011920929
38,218,-0.9772043228149414,-0.03999999910593033
38,219,1.1954083442687988,1.309999942779541
38,220,-0.9528307914733887,0.5
38,221,-0.9059733152389526,0.25999999046325684
38,222,-0.920442521572113,0.6899999976158142
38,223,-0.025924742221832275,-0.05000000074505806
38,224,0.09835568070411682,1.0700000524520874
38,225,-0.6099644899368286,0.15000000596046448
38,226,-0.33586183190345764,-0.10000000149011612
38,227,0.08412370085716248,-0.0
38,228,1.0753283500671387,0.75
38,229,0.593639612197876,0.38999998569488525
38,230,-0.1867268681526184,0.15000000596046448
38,231,-0.011049509048461914,0.2199999988079071
38,232,-0.183671772480011,0.4699999988079071
38,233,-0.8384583592414856,0.5799999833106995
38,234,2.1944425106048584,1.850000023841858
38,235,-0.3769274652004242,0.30000001192092896
38,236,1.7128468751907349,1.3799999952316284
38,237,1.264085054397583,1.0299999713897705
38,238,1.8418481349945068,1.8799999952316284
38,239,3.9222304821014404,4.599999904632568
38,240,0.8986032009124756,1.1100000143051147
38,241,2.341167688369751,2.049999952316284
38,242,2.719168186187744,3.3399999141693115
38,243,4.04200553894043,3.809999942779541
38,244,2.642603874206543,4.78000020980835
38,245,1.6579501628875732,0.9599999785423279
38,246,2.637713670730591,2.299999952316284
38,247,2.345479726791382,2.180000066757202
38,248,3.5897057056427,4.429999828338623
38,249,0.6818416118621826,0.7599999904632568
38,250,1.650913953781128,1.4199999570846558
38,251,2.902914047241211,2.380000114440918
38,252,3.9166903495788574,3.8399999141693115
38,253,0.7759451866149902,1.600000023841858
38,254,1.578942060470581,1.6299999952316284
38,255,3.3623862266540527,4.579999923706055
38,256,1.3649778366088867,1.8300000429153442
38,257,2.074676036834717,1.850000023841858
38,258,3.617213249206543,3.6600000858306885
38,259,2.1278061866760254,3.0899999141693115
38,260,3.4149649143218994,3.5799999237060547
38,261,2.1751317977905273,1.5099999904632568
38,262,3.2954368591308594,3.7899999618530273
38,263,1.310990810394287,1.8200000524520874
38,264,2.1590211391448975,2.7799999713897705
38,265,2.572435140609741,1.5099999904632568
38,266,3.7247114181518555,0.2800000011920929
38,267,2.3060810565948486,2.059999942779541
38,268,3.4139397144317627,0.14000000059604645
38,269,0.6001237630844116,1.350000023841858
38,270,1.0078461170196533,1.2599999904632568
38,271,-0.09210184216499329,0.7699999809265137
38,272,0.14317019283771515,1.149999976158142
38,273,3.234393835067749,2.5999999046325684
38,274,4.0161004066467285,3.180000066757202
38,275,0.8013770580291748,1.0399999618530273
38,276,1.957930564880371,1.4199999570846558
38,277,1.0855937004089355,1.6100000143051147
38,278,0.7306409478187561,0.8399999737739563
38,279,0.05630302429199219,0.3100000023841858
38,280,2.218271493911743,1.809999942779541
38,281,3.7849960327148438,2.5399999618530273
38,282,0.49734896421432495,0.5600000023841858
38,283,-0.11842143535614014,0.7599999904632568
38,284,2.5277814865112305,2.059999942779541
38,285,2.1831603050231934,1.6200000047683716
38,286,4.494402885437012,4.659999847412109
38,287,1.105292797088623,1.4299999475479126
38,288,-0.8438122272491455,0.7300000190734863
38,289,1.6419873237609863,4.429999828338623
38,290,2.7807464599609375,4.440000057220459
38,291,1.066645860671997,4.389999866485596
38,292,-0.5006279945373535,2.299999952316284
38,293,0.021413445472717285,4.980000019073486
38,294,2.3437466621398926,1.8799999952316284
38,295,-0.15678822994232178,2.3399999141693115
38,296,1.050168514251709,1.6100000143051147
38,297,1.9731166362762451,1.0299999713897705
38,298,-0.833672046661377,0.9700000286102295
38,299,1.4137428998947144,0.9700000286102295
38,300,-1.8154467344284058,-0.5899999737739563
38,301,-0.051738202571868896,0.3799999952316284
38,302,0.47262051701545715,0.3499999940395355
38,303,-0.9944712519645691,-0.25
38,304,1.3632423877716064,1.5
38,305,-1.492929458618164,0.10000000149011612
38,306,-0.3852561414241791,0.5099999904632568
38,307,-0.03648275136947632,0.4399999976158142
38,308,-0.511582612991333,0.10000000149011612
38,309,1.1329164505004883,0.550000011920929
38,310,1.9644988775253296,2.259999990463257
38,311,-0.2942351698875427,0.25
38,312,1.2601525783538818,0.9300000071525574
38,313,-0.9452160596847534,0.019999999552965164
38,314,-0.9742482900619507,0.5799999833106995
38,315,0.30049192905426025,1.25
38,316,1.0523885488510132,1.3200000524520874
38,317,1.2369662523269653,2.549999952316284
38,318,2.279102087020874,2.8399999141693115
38,319,3.023207902908325,2.4000000953674316
38,320,1.163973093032837,1.6399999856948853
38,321,2.711851119995117,2.859999895095825
38,322,2.7403907775878906,1.3799999952316284
38,323,4.047580718994141,2.259999990463257
38,324,-0.2691466212272644,1.100000023841858
38,325,0.8435298204421997,2.059999942779541
38,326,2.902344226837158,0.7900000214576721
38,327,3.5451138019561768,2.5299999713897705
38,328,-2.132890224456787,-0.8299999833106995
38,329,0.9341790676116943,1.0
38,330,0.37134885787963867,1.5199999809265137
38,331,0.00648188591003418,0.8199999928474426
38,332,-0.8425694704055786,-0.6200000047683716
38,333,1.8344800472259521,-0.5600000023841858
38,334,1.505556583404541,1.0299999713897705
38,335,-0.25025779008865356,1.0800000429153442
38,336,-0.5130370855331421,1.590000033378601
38,337,1.0545094013214111,1.8700000047683716
38,338,-1.0466705560684204,1.5399999618530273
38,339,0.176031231880188,0.5699999928474426
38,340,-0.6162167191505432,1.6299999952316284
38,341,0.7159268260002136,0.7300000190734863
38,342,-1.245137095451355,1.2000000476837158
38,343,2.0908432006835938,1.159999966621399
38,344,-1.7553184032440186,0.05000000074505806
38,345,0.6584166884422302,0.3499999940395355
38,346,-1.3871790170669556,0.25999999046325684
38,347,2.121901035308838,1.690000057220459
38,348,1.1209239959716797,0.949999988079071
38,349,3.581178665161133,2.5399999618530273
38,350,0.3281726837158203,0.6100000143051147
38,351,1.165169596672058,0.7400000095367432
38,352,-0.2358088493347168,0.8500000238418579
38,353,1.0733569860458374,1.5199999809265137
38,354,-0.2050437331199646,1.0399999618530273
38,355,2.341118097305298,2.619999885559082
38,356,-1.0386817455291748,-0.7300000190734863
38,357,0.7150833010673523,1.350000023841858
38,358,-1.0340192317962646,-0.4699999988079071
38,359,1.9259635210037231,-0.07000000029802322
38,360,1.3994967937469482,-0.7400000095367432
38,361,2.5539722442626953,1.7899999618530273
38,362,2.8117411136627197,-0.8600000143051147
38,363,0.36869072914123535,0.8799999952316284
38,364,1.9268453121185303,-0.8999999761581421
38,365,1.277646541595459,0.23000000417232513
38,366,1.0888948440551758,0.03999999910593033
38,367,2.537970542907715,0.3700000047683716
38,368,1.2396739721298218,0.5600000023841858
38,369,0.5473154783248901,-0.03999999910593033
38,370,1.2122182846069336,-0.09000000357627869
38,371,-1.136191725730896,2.2300000190734863
38,372,-0.046819210052490234,1.0499999523162842
38,373,1.3152399063110352,3.5199999809265137
38,374,0.4725770950317383,1.1699999570846558
38,375,0.08323287963867188,2.1500000953674316
38,376,-1.0224063396453857,-0.10000000149011612
38,377,0.30275851488113403,0.8899999856948853
38,378,-2.146665096282959,0.1899999976158142
38,379,1.9925203323364258,2.0299999713897705
38,380,-2.6148464679718018,-0.5099999904632568
38,381,0.7354968786239624,0.75
38,382,-2.077086925506592,-0.23999999463558197
38,383,2.608719825744629,2.819999933242798
38,384,-0.10220861434936523,-0.27000001072883606
38,385,1.4425230026245117,0.7599999904632568
38,386,3.778489589691162,4.860000133514404
38,387,2.865121841430664,2.450000047683716
38,388,1.7379353046417236,4.260000228881836
38,389,2.9979090690612793,4.820000171661377
38,390,-0.2703068256378174,0.7400000095367432
38,391,0.899164080619812,0.8799999952316284
38,392,2.3062357902526855,4.710000038146973
38,393,1.6816160678863525,2.359999895095825
38,394,1.531182050704956,-0.14000000059604645
38,395,2.4418575763702393,0.029999999329447746
38,396,-0.42284655570983887,0.15000000596046448
38,397,0.19188708066940308,1.0700000524520874
38,398,1.2229112386703491,0.03999999910593033
38,399,0.6530821323394775,0.3100000023841858
38,400,0.13309407234191895,-0.029999999329447746
38,401,1.3728504180908203,0.019999999552965164
38,402,4.493843078613281,4.760000228881836
38,403,3.5648081302642822,3.3399999141693115
38,404,2.8773019313812256,2.1600000858306885
38,405,4.559943199157715,4.610000133514404
38,406,0.47458505630493164,-0.10999999940395355
38,407,2.193768262863159,0.8999999761581421
38,408,3.987751007080078,2.440000057220459
38,409,3.1091861724853516,1.5499999523162842
38,410,0.573339581489563,0.05000000074505806
38,411,0.9195280075073242,0.17000000178813934
38,412,-0.29624471068382263,-0.09000000357627869
38,413,-0.19411714375019073,0.10000000149011612
38,414,0.40660524368286133,-0.009999999776482582
38,415,0.33075273036956787,-0.20000000298023224
38,416,2.641239881515503,2.3399999141693115
38,417,4.271988868713379,4.489999771118164
38,418,-0.745882511138916,0.7599999904632568
38,419,4.426204681396484,4.829999923706055
38,420,1.1477301120758057,0.14000000059604645
38,421,3.8755099773406982,3.0899999141693115
38,422,2.880568265914917,1.340000033378601
38,423,3.0599730014801025,2.690000057220459
38,424,2.664783239364624,3.2300000190734863
38,425,0.386538028717041,1.909999966621399
38,426,1.7942941188812256,1.1200000047683716
38,427,3.1589279174804688,3.880000114440918
38,428,2.5615575313568115,3.3499999046325684
38,429,-0.9109313488006592,0.14000000059604645
38,430,-0.4538555145263672,0.15000000596046448
38,431,2.822801113128662,3.359999895095825
38,432,-0.058395057916641235,-0.05999999865889549
38,433,0.17376914620399475,-0.07000000029802322
38,434,0.20172759890556335,0.20000000298023224
38,435,0.49706196784973145,-0.20000000298023224
38,436,-0.20681780576705933,0.25
38,437,0.10103491693735123,0.019999999552965164
38,438,0.417186439037323,0.5600000023841858
38,439,0.16705158352851868,0.2199999988079071
38,440,4.075342655181885,3.630000114440918
38,441,2.2562453746795654,2.7200000286102295
38,442,-0.03731966018676758,0.4000000059604645
38,443,2.477936029434204,1.8600000143051147
38,444,3.1971142292022705,2.2799999713897705
38,445,4.644466876983643,3.7799999713897705
38,446,2.909059762954712,1.5499999523162842
38,447,2.7175204753875732,1.940000057220459
38,448,3.9560723304748535,3.8299999237060547
38,449,4.041409492492676,3.309999942779541
38,450,4.104530334472656,3.049999952316284
38,451,4.1601080894470215,3.2100000381469727
38,452,3.9330339431762695,3.180000066757202
38,453,3.2941787242889404,2.6500000953674316
38,454,0.705111026763916,0.7200000286102295
38,455,3.2845041751861572,1.9700000286102295
38,456,0.37238287925720215,0.3799999952316284
38,457,2.38080096244812,1.7200000286102295
38,458,2.658041000366211,3.309999942779541
38,459,0.6920979022979736,0.4099999964237213
38,460,0.3595215976238251,0.07000000029802322
38,461,0.615881621837616,1.0499999523162842
38,462,0.8544424176216125,0.15000000596046448
38,463,0.18731331825256348,2.2699999809265137
38,464,3.377243757247925,3.8299999237060547
38,465,0.42820000648498535,1.809999942779541
38,466,2.58474063873291,4.53000020980835
38,467,2.914966344833374,2.390000104904175
38,468,0.7010019421577454,1.690000057220459
38,469,2.9068031311035156,1.9500000476837158
38,470,3.0069782733917236,2.700000047683716
38,471,1.2423666715621948,0.6800000071525574
38,472,-1.4445029497146606,0.23999999463558197
38,473,-0.16899418830871582,-0.3700000047683716
38,474,2.688382625579834,1.9299999475479126
38,475,2.6466357707977295,2.240000009536743
38,476,-0.5672028064727783,0.27000001072883606
38,477,-1.0010895729064941,2.140000104904175
38,478,-0.7728760242462158,-0.0
38,479,2.628483295440674,1.2000000476837158
38,480,2.4209649562835693,2.7699999809265137
38,481,-1.7838499546051025,-1.309999942779541
39,0,1.5098586082458496,1.7100000381469727
39,1,2.8862810134887695,2.619999885559082
39,2,-0.41744521260261536,0.7300000190734863
39,3,1.4656291007995605,2.200000047683716
39,4,4.467401027679443,3.069999933242798
39,5,2.668572425842285,2.0399999618530273
39,6,3.576969623565674,2.880000114440918
39,7,2.2608819007873535,1.9500000476837158
39,8,3.783681631088257,3.359999895095825
39,9,0.4852879047393799,0.33000001311302185
39,10,0.5744956731796265,0.8999999761581421
39,11,2.0213229656219482,1.3300000429153442
39,12,0.18650197982788086,0.10000000149011612
39,13,1.4696468114852905,2.0799999237060547
39,14,3.413768768310547,2.2200000286102295
39,15,4.272411823272705,3.009999990463257
39,16,1.1833577156066895,0.550000011920929
39,17,2.008394718170166,1.8899999856948853
39,18,2.0069420337677,1.2400000095367432
39,19,0.9319907426834106,1.059999942779541
39,20,0.15120959281921387,-0.5600000023841858
39,21,0.9511110782623291,1.7100000381469727
39,22,0.5691538453102112,1.0700000524520874
39,23,-0.3479587435722351,-0.5799999833106995
39,24,2.3751699924468994,2.2699999809265137
39,25,-0.10650074481964111,0.699999988079071
39,26,3.3208234310150146,2.390000104904175
39,27,1.7342005968093872,2.619999885559082
39,28,3.45542049407959,3.0399999618530273
39,29,3.196925401687622,2.180000066757202
39,30,2.7856504917144775,2.259999990463257
39,31,1.885849952697754,1.7799999713897705
39,32,2.6346001625061035,2.559999942779541
39,33,2.327521562576294,1.9900000095367432
39,34,1.308851957321167,-2.7200000286102295
39,35,3.2417407035827637,-2.3499999046325684
40,0,1.2178888320922852,1.659999966621399
40,1,2.576561212539673,1.899999976158142
40,2,0.7935394644737244,-0.07000000029802322
40,3,-0.4095856845378876,0.10000000149011612
40,4,-0.46617525815963745,-0.5099999904632568
40,5,0.3654407262802124,0.5699999928474426
40,6,0.7751190662384033,3.1600000858306885
40,7,1.0295426845550537,1.75
40,8,0.982867956161499,1.190000057220459
40,9,2.0188987255096436,0.17000000178813934
40,10,3.9463205337524414,3.109999895095825
40,11,0.3842846751213074,0.5799999833106995
40,12,-0.5772927403450012,-1.590000033378601
40,13,-0.7724592685699463,0.7300000190734863
40,14,-0.21884006261825562,0.4399999976158142
40,15,0.36319035291671753,-0.029999999329447746
40,16,2.5723636150360107,2.0199999809265137
40,17,1.2670592069625854,1.090000033378601
40,18,2.332211494445801,2.069999933242798
40,19,1.694801688194275,1.850000023841858
40,20,-1.5573005676269531,-0.8100000023841858
40,21,-0.8718429803848267,0.20999999344348907
40,22,-0.815034031867981,-1.0299999713897705
40,23,-1.6436127424240112,-1.159999966621399
40,24,-1.0390474796295166,-1.6100000143051147
40,25,-1.3794043064117432,-1.409999966621399
40,26,3.1522457599639893,1.7000000476837158
41,0,1.2663177251815796,1.1799999475479126
41,1,2.178175926208496,2.490000009536743
41,2,1.484187364578247,1.559999942779541
41,3,2.1310415267944336,1.9800000190734863
41,4,3.2861456871032715,0.6499999761581421
41,5,0.752479076385498,0.18000000715255737
41,6,3.613081693649292,4.860000133514404
41,7,0.8672010898590088,0.10999999940395355
41,8,3.3623366355895996,3.3299999237060547
41,9,1.028975009918213,0.7200000286102295
41,10,3.342660903930664,4.110000133514404
41,11,0.5295522212982178,1.2799999713897705
41,12,1.5950729846954346,0.6700000166893005
41,13,0.37055981159210205,0.33000001311302185
41,14,2.5387940406799316,0.6899999976158142
41,15,0.6114366054534912,0.4000000059604645
41,16,2.829113006591797,0.9900000095367432
41,17,2.2773566246032715,2.880000114440918
41,18,1.4905165433883667,1.809999942779541
41,19,0.9984532594680786,-0.12999999523162842
41,20,1.9445428848266602,1.1699999570846558
41,21,1.2763502597808838,1.3700000047683716
41,22,2.5652554035186768,2.8499999046325684
41,23,0.5376282334327698,0.9100000262260437
41,24,2.709559440612793,3.1700000762939453
41,25,0.940730094909668,1.9700000286102295
41,26,4.150233268737793,4.230000019073486
41,27,-0.4175605773925781,0.5400000214576721
41,28,3.0756936073303223,2.740000009536743
41,29,3.3277587890625,1.4900000095367432
41,30,3.237422227859497,1.8799999952316284
41,31,-0.7668881416320801,2.140000104904175
41,32,1.1136085987091064,1.1100000143051147
41,33,-0.3526681661605835,-0.12999999523162842
42,0,-0.6689664125442505,0.25999999046325684
43,0,-0.8172089457511902,-0.23999999463558197
43,1,1.208975076675415,0.5299999713897705
43,2,-0.9983574151992798,-0.05000000074505806
43,3,-1.0974726676940918,-0.36000001430511475
43,4,-0.6069036722183228,1.3600000143051147
43,5,-1.1468356847763062,0.05000000074505806
43,6,-0.488426148891449,-0.5699999928474426
43,7,-0.6390507221221924,1.2899999618530273
43,8,-0.1548149287700653,0.25999999046325684
43,9,0.18713229894638062,0.7400000095367432
43,10,0.3199118971824646,0.7699999809265137
43,11,-0.6020333170890808,0.4099999964237213
43,12,-0.6559271812438965,0.5
43,13,-0.5858652591705322,0.9100000262260437
43,14,-1.83869206905365,-0.4300000071525574
43,15,-0.3255617618560791,1.2000000476837158
43,16,0.6800931096076965,-0.11999999731779099
43,17,0.465976357460022,1.100000023841858
43,18,0.4492277204990387,0.28999999165534973
43,19,-1.7075691223144531,-0.07000000029802322
43,20,-0.9971323609352112,0.07000000029802322
43,21,-1.321186900138855,-0.33000001311302185
43,22,0.05703026056289673,0.25999999046325684
43,23,-0.578137218952179,-0.1899999976158142
43,24,0.5171999931335449,0.7699999809265137
43,25,-1.287973403930664,0.3100000023841858
44,0,2.3719639778137207,1.2000000476837158
44,1,2.8829128742218018,2.5999999046325684
44,2,2.185643196105957,2.5999999046325684
44,3,1.6531461477279663,1.100000023841858
44,4,2.0796709060668945,0.699999988079071
44,5,-1.0705251693725586,0.4000000059604645
44,6,-0.6310845613479614,-0.5
44,7,2.336030960083008,2.299999952316284
44,8,2.374061107635498,3.799999952316284
44,9,2.215853214263916,-1.2999999523162842
45,0,-1.7824581861495972,0.33000001311302185
45,1,-0.8306881189346313,0.949999988079071
45,2,0.9751359224319458,1.850000023841858
46,0,0.21114516258239746,2.559999942779541
46,1,1.2928723096847534,2.430000066757202
46,2,0.05282020568847656,2.8399999141693115
46,3,0.28746265172958374,3.259999990463257
46,4,0.12769168615341187,0.3100000023841858
46,5,0.3043413758277893,2.4000000953674316
46,6,1.0130475759506226,2.7300000190734863
46,7,-1.937731385231018,0.7599999904632568
46,8,-0.23312759399414062,2.680000066757202
46,9,1.9379826784133911,3.6700000762939453
46,10,3.7180376052856445,3.9800000190734863
46,11,5.236563682556152,3.6700000762939453
46,12,3.9564473628997803,3.819999933242798
46,13,2.7038443088531494,1.2200000286102295
46,14,-0.8124485611915588,-0.0
46,15,3.363823890686035,3.6700000762939453
46,16,5.843847274780273,3.819999933242798
47,0,-1.692258596420288,-1.3200000524520874
47,1,2.458683490753174,0.9399999976158142
47,2,-0.3656439781188965,-0.5099999904632568
47,3,2.448514223098755,1.6799999475479126
47,4,3.200267791748047,2.259999990463257
47,5,-0.1982210874557495,-0.019999999552965164
47,6,2.508817195892334,1.25
47,7,-1.8460609912872314,-0.3100000023841858
47,8,-0.7521928548812866,0.07000000029802322
47,9,4.535580635070801,0.41999998688697815
47,10,2.422663688659668,2.369999885559082
47,11,2.216709613800049,0.8299999833106995
47,12,1.2099573612213135,0.8700000047683716
47,13,0.720574140548706,0.38999998569488525
48,0,0.9171324968338013,-0.5
48,1,-1.658275842666626,-0.05000000074505806
48,2,0.0670967698097229,-0.75
48,3,1.3069515228271484,0.6499999761581421
49,0,1.0974299907684326,1.190000057220459
49,1,-0.5698883533477783,0.12999999523162842
49,2,0.2944880723953247,-0.0
49,3,-0.47414612770080566,-0.4099999964237213
49,4,0.4956362247467041,0.8199999928474426
50,0,-2.9029953479766846,-0.14000000059604645
51,0,0.10931402444839478,0.14000000059604645
51,1,0.13175106048583984,0.6700000166893005
51,2,0.8108710050582886,-0.8899999856948853
51,3,1.3142492771148682,1.8200000524520874
51,4,-1.2899012565612793,-0.33000001311302185
51,5,0.27658963203430176,0.25999999046325684
51,6,-1.091942310333252,0.8100000023841858
51,7,-0.6013226509094238,-0.07000000029802322
52,0,0.04341095685958862,-1.7200000286102295
52,1,-0.01097799837589264,-1.8200000524520874
52,2,-0.5382978916168213,-0.46000000834465027
52,3,1.314796805381775,-1.7699999809265137
52,4,1.2926397323608398,1.25
53,0,-0.7951943874359131,2.0199999809265137
53,1,1.1121684312820435,3.740000009536743
53,2,1.57517671585083,1.649999976158142
53,3,-0.8132190704345703,1.7999999523162842
53,4,-0.1481066346168518,-1.149999976158142
53,5,2.899672508239746,3.9000000953674316
53,6,1.2539646625518799,2.130000114440918
53,7,0.15498587489128113,-0.09000000357627869
53,8,0.34789013862609863,1.909999966621399
53,9,-0.3813963830471039,0.5699999928474426
53,10,0.6848582029342651,1.4500000476837158
53,11,2.04068660736084,2.9100000858306885
53,12,-1.0670493841171265,1.899999976158142
53,13,0.42009010910987854,2.5299999713897705
54,0,-1.283348560333252,0.699999988079071
54,1,1.4155032634735107,2.299999952316284
55,0,-2.094536781311035,-0.8899999856948853
55,1,0.2576279044151306,-0.3700000047683716
55,2,0.8673476576805115,-0.27000001072883606
56,0,1.5270495414733887,2.0299999713897705
56,1,1.3305535316467285,1.0499999523162842
57,0,0.05065619945526123,-0.0
58,0,2.3932676315307617,-0.6200000047683716
58,1,-0.10039302706718445,-0.8100000023841858
59,0,-1.1051256656646729,0.20000000298023224
60,0,1.0437262058258057,1.399999976158142
60,1,2.499114751815796,1.1799999475479126
60,2,-1.402268409729004,1.0299999713897705
60,3,-0.29276061058044434,-0.47999998927116394
61,0,0.4747410714626312,2.700000047683716
62,0,2.49658465385437,2.0999999046325684
62,1,1.0637235641479492,2.700000047683716
63,0,0.49609458446502686,0.5099999904632568
63,1,-0.6037672758102417,0.550000011920929
63,2,-1.2772607803344727,1.3300000429153442
63,3,0.24510128796100616,2.2899999618530273
63,4,1.0418851375579834,0.5699999928474426
63,5,0.7477524280548096,-0.6299999952316284
63,6,-1.026108980178833,-1.0399999618530273
63,7,-0.9772753715515137,2.4100000858306885
63,8,-0.265982985496521,1.600000023841858
63,9,-0.322878897190094,0.8999999761581421
63,10,-1.132366418838501,1.2599999904632568
63,11,-1.1029618978500366,-0.38999998569488525
63,12,-0.775614857673645,-0.12999999523162842
63,13,-0.9081271290779114,-0.7300000190734863
63,14,-0.024073243141174316,-1.6699999570846558
63,15,1.866453766822815,-2.190000057220459
63,16,1.8003222942352295,2.0899999141693115
64,0,1.0387481451034546,-0.019999999552965164
64,1,-0.8902081847190857,-1.3600000143051147
64,2,0.05485200881958008,-0.3799999952316284
64,3,-0.8025649189949036,0.17000000178813934
64,4,-0.07954752445220947,-0.36000001430511475
64,5,-0.7251980304718018,-0.23999999463558197
64,6,-1.4655728340148926,0.3100000023841858
64,7,-0.40653717517852783,-1.0499999523162842
64,8,-0.29156550765037537,0.4099999964237213
64,9,0.2727711498737335,-0.28999999165534973
65,0,-1.7255630493164062,-2.0799999237060547
65,1,2.1319754123687744,2.319999933242798
65,2,-1.4587714672088623,-0.6899999976158142
66,0,-0.6909275650978088,1.100000023841858
66,1,0.2101568579673767,-0.4000000059604645
66,2,0.04140830039978027,0.20000000298023224
66,3,0.42633211612701416,2.299999952316284
66,4,0.3342301845550537,3.5999999046325684
66,5,0.18157172203063965,0.6000000238418579
66,6,0.269639253616333,1.5
66,7,0.222686767578125,1.2000000476837158
66,8,0.0700676441192627,0.30000001192092896
66,9,-0.32852980494499207,-0.8999999761581421
66,10,-0.17798355221748352,1.1100000143051147
66,11,0.8188932538032532,-0.8399999737739563
66,12,-0.2488672137260437,-0.5600000023841858
66,13,2.3041203022003174,2.200000047683716
66,14,-0.7817213535308838,1.5
66,15,1.2977715730667114,2.299999952316284
66,16,-0.470603346824646,-0.30000001192092896
66,17,-1.3245811462402344,1.399999976158142
66,18,0.8960028886795044,1.899999976158142
66,19,-0.082161545753479,1.7000000476837158
66,20,-1.142808198928833,-0.0
66,21,-0.21780526638031006,-0.0
66,22,0.14129507541656494,0.20000000298023224
66,23,1.455570936203003,1.7000000476837158
66,24,0.5671173334121704,0.8999999761581421
66,25,0.4724789559841156,1.2999999523162842
66,26,0.0708930715918541,0.5
66,27,1.1946275234222412,4.400000095367432
66,28,-0.5787938237190247,-2.4800000190734863
66,29,-3.422882318496704,-2.7300000190734863
66,30,-0.8268539905548096,-1.4600000381469727
66,31,1.7688639163970947,1.9600000381469727
66,32,1.952567219734192,-0.0
66,33,-0.8875892758369446,-0.7400000095367432
66,34,0.058115988969802856,1.1299999952316284
66,35,-0.4594491720199585,0.4000000059604645
66,36,-1.9282026290893555,-1.7000000476837158
66,37,-1.4485679864883423,-2.8499999046325684
66,38,-0.3629224896430969,-2.3499999046325684
66,39,-1.3876633644104004,-2.6500000953674316
66,40,-0.7753222584724426,-2.700000047683716
66,41,-3.6293811798095703,-2.25
66,42,-3.588662624359131,-2.9000000953674316
67,0,-0.30775630474090576,0.6000000238418579
67,1,0.2771950960159302,-0.5
67,2,0.47098100185394287,2.5999999046325684
67,3,0.30927038192749023,2.0999999046325684
67,4,0.22917628288269043,0.699999988079071
67,5,0.3570823669433594,1.5
67,6,0.2766597270965576,1.0
67,7,0.09112703800201416,-0.0
68,0,0.3639613091945648,-0.07000000029802322
68,1,0.022281527519226074,-0.23999999463558197
68,2,2.006289005279541,-0.009999999776482582
68,3,-1.5359866619110107,0.12999999523162842
68,4,0.8104047775268555,0.9700000286102295
68,5,-0.5110688209533691,-0.10999999940395355
68,6,-2.408015251159668,-0.47999998927116394
68,7,-0.39018750190734863,0.029999999329447746
68,8,2.6797423362731934,1.4600000381469727
68,9,1.1737184524536133,0.10999999940395355
68,10,-0.021912217140197754,-0.17000000178813934
68,11,-0.7988530397415161,-0.10000000149011612
68,12,0.2744130492210388,0.30000001192092896
68,13,0.26970911026000977,0.05000000074505806
68,14,-0.08882725238800049,0.28999999165534973
68,15,2.089817523956299,1.8799999952316284
68,16,0.57818603515625,0.1899999976158142
68,17,-0.8704385757446289,0.3199999928474426
68,18,0.17252738773822784,0.3100000023841858
68,19,-0.8534396886825562,0.44999998807907104
68,20,2.9521279335021973,0.5699999928474426
68,21,0.8167955279350281,0.5799999833106995
68,22,2.1266725063323975,0.6100000143051147
68,23,-0.49115872383117676,0.029999999329447746
68,24,-0.039868876338005066,-0.6899999976158142
69,0,1.8692257404327393,-0.2199999988079071
69,1,4.285386562347412,2.069999933242798
69,2,4.118946075439453,1.4700000286102295
69,3,4.408618927001953,0.8399999737739563
69,4,-1.6489949226379395,-1.600000023841858
69,5,-2.7588067054748535,-1.7699999809265137
69,6,1.6823992729187012,0.7900000214576721
69,7,-1.3042601346969604,-1.1399999856948853
69,8,0.26845669746398926,1.159999966621399
69,9,-0.34894201159477234,-0.3799999952316284
69,10,0.5386101007461548,-0.2800000011920929
69,11,2.1201047897338867,-0.03999999910593033
69,12,0.12785744667053223,0.5899999737739563
69,13,-1.2744594812393188,-1.409999966621399
69,14,-2.060059070587158,-2.75
69,15,-1.9605799913406372,-1.590000033378601
69,16,1.7545980215072632,-0.28999999165534973
69,17,-1.3238422870635986,-2.180000066757202
69,18,-2.46608829498291,-1.5299999713897705
69,19,0.4273955821990967,-1.75
69,20,-0.421520471572876,-1.5800000429153442
70,0,2.4894940853118896,1.0
70,1,4.346823692321777,1.5399999618530273
70,2,2.3062832355499268,0.3100000023841858
70,3,3.868114948272705,1.159999966621399
70,4,2.214322090148926,0.6600000262260437
70,5,4.721175193786621,1.0299999713897705
70,6,2.792235851287842,0.20000000298023224
70,7,0.220764622092247,-0.699999988079071
70,8,0.11459469795227051,-0.15000000596046448
71,0,-0.7673066854476929,-0.30000001192092896
71,1,-0.17880648374557495,0.20000000298023224
71,2,0.31936758756637573,0.09000000357627869
71,3,2.0030970573425293,0.8899999856948853
71,4,-0.5977460145950317,0.800000011920929
71,5,0.607932448387146,0.7400000095367432
72,0,0.7434636950492859,2.950000047683716
72,1,-0.06261798739433289,-1.0399999618530273
72,2,0.06291675567626953,-4.75
73,0,0.5724389553070068,1.7200000286102295
73,1,-0.7354209423065186,1.7899999618530273
73,2,-0.16839909553527832,-0.20000000298023224
73,3,-0.16030645370483398,1.2200000286102295
73,4,4.976707458496094,4.53000020980835
74,0,0.028990745544433594,0.699999988079071
74,1,3.1300580501556396,1.2999999523162842
74,2,0.055133700370788574,-0.0
74,3,0.6659571528434753,2.299999952316284
74,4,0.1496562957763672,-0.0
74,5,-0.36193323135375977,2.5999999046325684
74,6,3.121171474456787,2.9000000953674316
75,0,-1.1927995681762695,2.759999990463257
75,1,0.191023588180542,5.0
75,2,0.34046244621276855,4.670000076293945
76,0,3.645749568939209,1.2300000190734863
76,1,2.6728177070617676,-0.949999988079071
76,2,0.28034043312072754,-0.07000000029802322
76,3,2.018765449523926,-0.25
76,4,1.5324488878250122,-1.4299999475479126
76,5,-0.05772280693054199,-0.8299999833106995
76,6,2.2450079917907715,1.9299999475479126
76,7,2.1501107215881348,2.440000057220459
76,8,2.1857364177703857,0.49000000953674316
77,0,1.7955679893493652,2.119999885559082
77,1,2.1485772132873535,1.690000057220459
77,2,2.2340471744537354,0.6399999856948853
78,0,0.7027411460876465,-1.7899999618530273
78,1,1.0962135791778564,1.0800000429153442
78,2,0.4806514084339142,2.1500000953674316
79,0,2.127044439315796,0.5099999904632568
79,1,3.501593589782715,1.149999976158142
79,2,2.5163686275482178,0.4000000059604645
79,3,1.4277881383895874,0.2800000011920929
79,4,2.741367816925049,1.5199999809265137
79,5,0.8889580965042114,1.3899999856948853
79,6,1.8323719501495361,-0.550000011920929
79,7,0.2675436735153198,0.10000000149011612
79,8,3.4706921577453613,1.7300000190734863
79,9,2.0938422679901123,1.7899999618530273
79,10,0.18017470836639404,0.5799999833106995
79,11,1.881502628326416,-0.5199999809265137
80,0,1.4263044595718384,0.9300000071525574
81,0,-0.6706153750419617,3.109999895095825
82,0,2.5785164833068848,1.3799999952316284
83,0,1.344860553741455,0.46000000834465027
83,1,0.9344529509544373,1.4800000190734863
83,2,0.30455154180526733,0.9700000286102295
83,3,0.023653864860534668,0.6000000238418579
83,4,-0.12356701493263245,-0.1899999976158142
83,5,0.05252090096473694,-0.1599999964237213
83,6,0.0605849027633667,2.809999942779541
83,7,0.1971072554588318,-1.340000033378601
83,8,1.361268162727356,0.6399999856948853
83,9,0.31773221492767334,1.7799999713897705
83,10,0.43210625648498535,-0.49000000953674316
83,11,-1.2312146425247192,-0.38999998569488525
83,12,-1.8996769189834595,-0.7900000214576721
83,13,2.183093547821045,-0.5899999737739563
83,14,-0.9010782241821289,0.05000000074505806
83,15,2.52805757522583,1.4600000381469727
83,16,-0.276688814163208,0.5699999928474426
84,0,-0.6823877692222595,-0.3100000023841858
84,1,-0.35845011472702026,0.3199999928474426
84,2,-2.9987680912017822,-1.3799999952316284
84,3,-1.9364949464797974,-1.940000057220459
84,4,-2.258809804916382,-1.9299999475479126
84,5,-1.83352792263031,-2.3499999046325684
84,6,-2.0369367599487305,-0.8899999856948853
84,7,-2.7271127700805664,0.7599999904632568
84,8,-2.083752393722534,0.9700000286102295
84,9,1.6087021827697754,0.1899999976158142
85,0,1.4670672416687012,0.7699999809265137
85,1,0.10682904720306396,1.1200000047683716
85,2,1.3450384140014648,0.8100000023841858
85,3,2.369767904281616,2.8399999141693115
85,4,0.33946168422698975,0.36000001430511475
85,5,2.6759822368621826,3.559999942779541
85,6,0.2889522910118103,0.1599999964237213
85,7,0.6016191244125366,0.20999999344348907
85,8,2.2187304496765137,1.350000023841858
85,9,2.444979190826416,3.9100000858306885
85,10,2.167832851409912,2.549999952316284
85,11,2.2056546211242676,2.890000104904175
85,12,2.2887063026428223,2.930000066757202
85,13,2.424361228942871,3.0199999809265137
85,14,1.1384479999542236,1.6799999475479126
85,15,1.9047995805740356,-0.4099999964237213
86,0,-0.45115911960601807,3.759999990463257
86,1,-0.4850267171859741,3.1700000762939453
86,2,-0.3078764081001282,3.390000104904175
86,3,1.2759907245635986,1.100000023841858
86,4,-0.4079759120941162,1.2000000476837158
86,5,0.8133311867713928,0.25999999046325684
86,6,0.38653117418289185,0.6200000047683716
86,7,1.8987561464309692,2.3399999141693115
86,8,0.5905254483222961,4.989999771118164
86,9,2.4495627880096436,4.679999828338623
86,10,1.7558090686798096,3.6500000953674316
86,11,2.546370267868042,4.079999923706055
86,12,1.270603895187378,3.6700000762939453
86,13,3.418048143386841,4.730000019073486
86,14,2.6333210468292236,3.5899999141693115
86,15,-0.21027493476867676,3.5399999618530273
86,16,1.2057605981826782,4.869999885559082
86,17,0.8274606466293335,3.069999933242798
86,18,0.7484917640686035,0.9300000071525574
86,19,0.10177493095397949,-1.2400000095367432
86,20,0.20064258575439453,0.14000000059604645
86,21,-0.2057594656944275,-0.7400000095367432
86,22,0.6291619539260864,0.41999998688697815
86,23,0.37225770950317383,1.5800000429153442
86,24,-0.484345942735672,-0.8799999952316284
86,25,-0.5999143123626709,-0.5
86,26,0.8278069496154785,1.8799999952316284
86,27,0.3763808012008667,1.7699999809265137
86,28,-1.1280444860458374,-1.100000023841858
86,29,-1.4503788948059082,-0.0
86,30,-1.453833818435669,-0.10000000149011612
87,0,3.070173501968384,3.059999942779541
87,1,2.4041738510131836,1.2599999904632568
87,2,0.7628700733184814,-0.30000001192092896
87,3,-0.36362338066101074,-0.800000011920929
87,4,0.9631779193878174,-1.0
87,5,1.0827349424362183,0.10000000149011612
87,6,-0.15367257595062256,-2.0
87,7,0.550372302532196,-0.8999999761581421
87,8,1.5025794506072998,0.800000011920929
87,9,0.6137572526931763,-0.8999999761581421
87,10,0.9526941776275635,0.10000000149011612
87,11,0.9780119061470032,-0.6000000238418579
87,12,-0.27498859167099,-0.800000011920929
87,13,0.7761189937591553,-1.7999999523162842
87,14,0.8992539048194885,-0.800000011920929
87,15,-0.09130996465682983,-1.0
87,16,0.40697181224823,0.4000000059604645
87,17,1.5122251510620117,0.4000000059604645
87,18,1.282545804977417,0.4000000059604645
87,19,1.2937886714935303,-0.20000000298023224
88,0,2.795776128768921,3.2100000381469727
88,1,2.7603533267974854,4.550000190734863
88,2,0.1609923243522644,1.9500000476837158
88,3,0.8420243263244629,1.7100000381469727
88,4,0.3828888237476349,-0.3499999940395355
88,5,1.2708101272583008,0.4300000071525574
88,6,0.6811944246292114,0.4399999976158142
88,7,1.886167287826538,4.380000114440918
88,8,0.695367693901062,1.7899999618530273
88,9,0.4305030107498169,0.800000011920929
88,10,1.0338479280471802,2.8499999046325684
88,11,0.7345517873764038,2.200000047683716
88,12,0.21713072061538696,0.07999999821186066
88,13,2.629429340362549,2.990000009536743
88,14,3.4888830184936523,4.809999942779541
88,15,0.6744136810302734,0.4300000071525574
88,16,2.4735219478607178,4.199999809265137
88,17,-0.3981494903564453,0.4399999976158142
88,18,0.9027519226074219,0.699999988079071
88,19,1.5928102731704712,0.6700000166893005
88,20,2.9225363731384277,1.1799999475479126
88,21,1.8195215463638306,1.9199999570846558
88,22,2.8053689002990723,2.7799999713897705
88,23,2.1461586952209473,3.799999952316284
88,24,1.4624755382537842,2.5799999237060547
88,25,2.914795398712158,4.869999885559082
88,26,-0.91841721534729,1.9500000476837158
88,27,-0.4982403516769409,1.090000033378601
88,28,2.1680428981781006,2.8499999046325684
88,29,-0.979039192199707,1.2999999523162842
88,30,-0.37155699729919434,2.369999885559082
88,31,1.9338278770446777,2.0299999713897705
88,32,2.9662115573883057,3.5
88,33,-0.08887728303670883,0.44999998807907104
88,34,0.2843291759490967,0.27000001072883606
88,35,1.1898367404937744,-0.6899999976158142
88,36,0.09035420417785645,3.5399999618530273
89,0,-1.7806917428970337,0.28999999165534973
90,0,2.6301193237304688,0.9700000286102295
90,1,0.8171272277832031,0.9700000286102295
90,2,1.135627031326294,1.0
90,3,1.6527787446975708,-1.2100000381469727
90,4,-0.6726416349411011,1.590000033378601
90,5,-0.5592669248580933,0.8899999856948853
90,6,4.786451816558838,1.7200000286102295
90,7,4.264632225036621,1.4600000381469727
90,8,3.4982542991638184,0.009999999776482582
90,9,2.4675517082214355,0.2199999988079071
90,10,3.847107410430908,0.3400000035762787
90,11,3.43892765045166,0.5600000023841858
90,12,4.0068182945251465,0.5799999833106995
90,13,3.74861741065979,0.07999999821186066
90,14,4.404756546020508,0.9900000095367432
90,15,3.789400339126587,0.5099999904632568
90,16,3.181920289993286,-0.4399999976158142
90,17,2.413966655731201,0.47999998927116394
90,18,-0.25255483388900757,0.05000000074505806
90,19,-1.2018622159957886,0.5099999904632568
90,20,0.33347803354263306,0.5799999833106995
90,21,-0.5698604583740234,0.5099999904632568
90,22,-0.5454044342041016,0.27000001072883606
90,23,-0.6247785091400146,0.6200000047683716
90,24,-0.5916134715080261,0.699999988079071
90,25,3.2621712684631348,0.8999999761581421
90,26,3.6679375171661377,2.990000009536743
90,27,5.637274742126465,3.190000057220459
90,28,4.4397735595703125,2.619999885559082
90,29,3.9628653526306152,2.690000057220459
90,30,1.2414062023162842,1.6299999952316284
90,31,4.174896717071533,3.009999990463257
90,32,3.9402871131896973,2.6500000953674316
90,33,4.1268110275268555,3.0899999141693115
90,34,3.0620152950286865,2.5299999713897705
90,35,0.7595152854919434,0.029999999329447746
90,36,2.94344425201416,3.2100000381469727
90,37,2.8001325130462646,2.8499999046325684
90,38,0.8372499942779541,0.550000011920929
90,39,1.2329990863800049,0.36000001430511475
90,40,0.8235061168670654,0.8299999833106995
90,41,0.9325942993164062,1.5
90,42,0.6388219594955444,1.340000033378601
90,43,0.9288425445556641,0.6299999952316284
90,44,1.0561306476593018,0.6700000166893005
90,45,0.3547401428222656,0.25
90,46,1.7539293766021729,1.3899999856948853
90,47,2.633478879928589,1.2899999618530273
90,48,0.46495378017425537,-1.0800000429153442
90,49,1.5645027160644531,0.3199999928474426
90,50,-2.226808786392212,-0.23999999463558197
90,51,-1.4470999240875244,1.3600000143051147
90,52,1.4853453636169434,2.009999990463257
90,53,-1.0834977626800537,0.8100000023841858
90,54,-1.8166553974151611,-0.12999999523162842
90,55,0.43872153759002686,1.5499999523162842
90,56,-1.3584706783294678,-0.009999999776482582
90,57,-1.4150934219360352,0.14000000059604645
90,58,-0.5532217621803284,0.3499999940395355
90,59,-0.11088097095489502,1.2599999904632568
90,60,-0.7587072253227234,0.05000000074505806
90,61,-1.6569674015045166,-0.36000001430511475
90,62,-2.4986226558685303,0.7900000214576721
90,63,1.4789941310882568,0.9399999976158142
90,64,0.2196582555770874,-0.7799999713897705
90,65,-0.22856517136096954,0.41999998688697815
90,66,-0.19548176229000092,0.6100000143051147
90,67,-1.0714935064315796,0.3799999952316284
90,68,-0.23109222948551178,0.8799999952316284
90,69,-0.7731247544288635,0.6600000262260437
90,70,-0.003732830286026001,0.4099999964237213
90,71,-0.3747360110282898,0.3499999940395355
90,72,0.06288909912109375,0.9100000262260437
90,73,2.3114845752716064,1.100000023841858
90,74,3.1667487621307373,1.590000033378601
90,75,2.574068307876587,1.9900000095367432
90,76,4.745068550109863,2.759999990463257
90,77,-0.30008530616760254,0.5
90,78,1.1077494621276855,0.7799999713897705
90,79,2.2412490844726562,1.2699999809265137
90,80,5.171477317810059,1.8200000524520874
90,81,5.025516986846924,1.3799999952316284
90,82,4.208317756652832,2.0399999618530273
90,83,2.7150444984436035,0.05000000074505806
90,84,1.6806992292404175,0.05000000074505806
90,85,5.0434393882751465,1.7200000286102295
90,86,0.3969290256500244,1.649999976158142
90,87,5.447327613830566,2.0
90,88,4.003751754760742,0.800000011920929
90,89,3.287433385848999,1.7999999523162842
90,90,2.337063789367676,0.3100000023841858
90,91,3.2330989837646484,2.0299999713897705
90,92,3.99613618850708,2.4200000762939453
90,93,2.1001882553100586,2.440000057220459
90,94,2.33276104927063,1.940000057220459
90,95,3.1260323524475098,2.069999933242798
90,96,2.0658340454101562,2.0899999141693115
90,97,3.4008126258850098,2.2899999618530273
90,98,1.0383858680725098,1.7899999618530273
90,99,1.0911259651184082,1.2000000476837158
90,100,0.5127773284912109,-0.28999999165534973
90,101,-0.4465373754501343,0.49000000953674316
91,0,1.0182536840438843,0.9700000286102295
91,1,-0.01533249020576477,0.6200000047683716
91,2,-1.1234732866287231,0.4000000059604645
91,3,-0.5229897499084473,-0.4000000059604645
91,4,1.2104346752166748,0.6600000262260437
91,5,-0.8383734226226807,0.25
91,6,-0.9329779744148254,0.27000001072883606
91,7,-1.203005313873291,1.1799999475479126
91,8,1.2946418523788452,2.359999895095825
91,9,0.4961441159248352,1.4299999475479126
91,10,1.2440170049667358,2.0299999713897705
91,11,1.1030939817428589,2.009999990463257
91,12,1.2602027654647827,0.9100000262260437
91,13,0.41671496629714966,0.9900000095367432
91,14,-0.3070578873157501,-0.5699999928474426
91,15,-0.2714564800262451,1.7999999523162842
91,16,0.7873542904853821,1.6200000047683716
91,17,0.4401068687438965,0.4099999964237213
91,18,0.2456972897052765,0.5
91,19,0.8367717266082764,1.899999976158142
91,20,-0.2903367280960083,0.3799999952316284
91,21,-2.2142555713653564,0.9800000190734863
91,22,-1.177651047706604,0.46000000834465027
91,23,-1.0617276430130005,1.0499999523162842
91,24,-0.5601192712783813,0.75
91,25,-1.4350826740264893,2.4100000858306885
91,26,0.8664168119430542,0.3799999952316284
91,27,0.32725560665130615,1.0199999809265137
92,0,1.462397575378418,0.8100000023841858
92,1,1.5932209491729736,2.5799999237060547
92,2,2.5218558311462402,0.5099999904632568
92,3,0.38260728120803833,0.5699999928474426
92,4,0.6445168256759644,-0.6200000047683716
92,5,2.875213623046875,2.0399999618530273
92,6,2.3562729358673096,1.9800000190734863
92,7,-0.41419124603271484,0.23000000417232513
92,8,1.547136664390564,2.799999952316284
92,9,2.4674947261810303,0.5899999737739563
92,10,2.2675225734710693,0.6000000238418579
92,11,0.4635750353336334,0.4300000071525574
92,12,1.9608913660049438,1.3600000143051147
92,13,1.8067824840545654,1.0700000524520874
92,14,1.7663788795471191,0.7300000190734863
92,15,2.5290403366088867,2.0399999618530273
92,16,2.1982078552246094,0.6800000071525574
93,0,2.4342873096466064,1.2699999809265137
93,1,0.09601044654846191,-0.6800000071525574
93,2,2.882878065109253,1.6299999952316284
93,3,2.94789981842041,2.2899999618530273
93,4,2.571842908859253,0.9900000095367432
93,5,3.1838631629943848,2.7100000381469727
93,6,3.5525715351104736,0.9700000286102295
93,7,2.6552414894104004,3.0199999809265137
93,8,1.7730506658554077,0.7400000095367432
93,9,3.815800189971924,3.380000114440918
93,10,2.795790433883667,1.6399999856948853
93,11,3.0560545921325684,0.6000000238418579
93,12,3.0592048168182373,2.0
93,13,2.9110934734344482,2.4000000953674316
93,14,2.069650411605835,1.7799999713897705
93,15,2.961775302886963,2.8399999141693115
93,16,0.8325761556625366,0.7099999785423279
93,17,0.693112850189209,0.6299999952316284
93,18,1.3696022033691406,0.7099999785423279
93,19,2.9286041259765625,2.0199999809265137
93,20,2.2429628372192383,1.899999976158142
93,21,1.1903314590454102,1.6799999475479126
93,22,1.8916411399841309,1.25
93,23,2.7853426933288574,1.409999966621399
93,24,1.444852590560913,-0.10999999940395355
93,25,2.7450790405273438,0.3700000047683716
93,26,1.0638524293899536,0.7300000190734863
93,27,1.048299789428711,0.18000000715255737
93,28,-0.11866092681884766,1.649999976158142
93,29,2.355351209640503,1.100000023841858
93,30,2.4845826625823975,2.2699999809265137
93,31,3.3823087215423584,2.5899999141693115
93,32,2.3305234909057617,2.3399999141693115
93,33,3.5245416164398193,3.6500000953674316
93,34,2.008615493774414,0.5199999809265137
93,35,2.7035233974456787,2.4000000953674316
94,0,-1.9583659172058105,-0.8199999928474426
94,1,-0.013086795806884766,-0.4399999976158142
94,2,-0.2874457538127899,0.9200000166893005
94,3,-0.13731378316879272,0.8399999737739563
95,0,0.461639404296875,-0.30000001192092896
95,1,0.2010800838470459,-0.47999998927116394
95,2,0.07178008556365967,-1.0700000524520874
95,3,-0.237982377409935,-0.44999998807907104
95,4,-2.08461332321167,-1.25
95,5,1.1115955114364624,-0.7200000286102295
96,0,2.1572275161743164,2.6700000762939453
96,1,1.4067223072052002,0.9200000166893005
96,2,-1.3352816104888916,-1.5499999523162842
96,3,1.1672195196151733,0.14000000059604645
96,4,2.4792113304138184,2.740000009536743
96,5,0.5815635919570923,-0.019999999552965164
96,6,3.3711793422698975,3.5799999237060547
96,7,0.6881499290466309,0.2800000011920929
96,8,1.0592677593231201,1.6299999952316284
96,9,0.22446209192276,0.3700000047683716
96,10,2.356248617172241,3.299999952316284
96,11,0.591131329536438,0.800000011920929
96,12,3.1523406505584717,2.4000000953674316
96,13,3.38476824760437,1.909999966621399
96,14,0.9765586853027344,0.8799999952316284
96,15,3.615262746810913,4.130000114440918
96,16,2.23099422454834,2.880000114440918
96,17,3.1235785484313965,3.9600000381469727
96,18,3.1188557147979736,2.809999942779541
96,19,-0.4671396017074585,0.27000001072883606
96,20,0.755373477935791,2.5799999237060547
96,21,0.4878961741924286,1.2599999904632568
96,22,2.173574447631836,1.399999976158142
96,23,2.9543309211730957,2.690000057220459
96,24,3.8263118267059326,3.9600000381469727
96,25,3.4466986656188965,1.2100000381469727
96,26,4.69553804397583,4.059999942779541
96,27,-0.7528789043426514,3.0899999141693115
97,0,0.8653728365898132,2.0799999237060547
97,1,3.010423183441162,3.8299999237060547
97,2,3.265078544616699,2.700000047683716
97,3,1.9480432271957397,2.700000047683716
97,4,4.135153293609619,3.2300000190734863
97,5,3.6083498001098633,4.880000114440918
97,6,2.6251113414764404,2.1500000953674316
97,7,2.1469478607177734,4.449999809265137
98,0,1.6040624380111694,2.0
98,1,-0.26748228073120117,-0.30000001192092896
98,2,0.5090051889419556,1.899999976158142
98,3,0.9924218058586121,2.200000047683716
98,4,1.696444034576416,2.4000000953674316
98,5,1.2317672967910767,1.0
99,0,-0.6943071484565735,-0.8299999833106995
99,1,-0.8794926404953003,-0.33000001311302185
99,2,-0.7880648374557495,0.029999999329447746
99,3,4.687506675720215,4.119999885559082
99,4,4.817251682281494,4.199999809265137
99,5,2.464522361755371,0.9300000071525574
99,6,0.6909793615341187,1.340000033378601
99,7,3.890660524368286,3.240000009536743
99,8,4.293191432952881,3.950000047683716
99,9,3.5251100063323975,2.200000047683716
99,10,0.7521094679832458,1.7200000286102295
99,11,2.814094305038452,2.930000066757202
99,12,3.7972421646118164,3.5999999046325684
99,13,-0.9585140943527222,0.12999999523162842
99,14,0.24721217155456543,1.0800000429153442
100,0,4.391043186187744,2.8499999046325684
100,1,1.9390133619308472,1.649999976158142
100,2,1.0582027435302734,0.6399999856948853
100,3,1.1610357761383057,1.25
100,4,1.536285161972046,2.0
101,0,2.1378283500671387,0.699999988079071
101,1,2.0594723224639893,2.299999952316284
101,2,3.3879826068878174,1.9299999475479126
101,3,2.7174887657165527,1.1200000047683716
101,4,-0.16623830795288086,0.30000001192092896
101,5,3.2365965843200684,2.069999933242798
101,6,1.609879970550537,0.9399999976158142
101,7,1.595992922782898,2.509999990463257
101,8,-0.7701815366744995,0.4000000059604645
101,9,0.46870970726013184,1.0199999809265137
101,10,-0.2186042070388794,0.6200000047683716
101,11,2.5432348251342773,1.5700000524520874
101,12,1.1985538005828857,1.2100000381469727
101,13,0.29747602343559265,0.09000000357627869
101,14,2.4512789249420166,0.4000000059604645
101,15,0.6455789804458618,0.30000001192092896
101,16,-1.4602078199386597,-0.10999999940395355
101,17,1.620438814163208,0.7400000095367432
101,18,1.8222445249557495,2.0999999046325684
101,19,2.9032814502716064,1.0399999618530273
101,20,3.4132637977600098,2.7100000381469727
101,21,2.233457326889038,1.3700000047683716
101,22,0.5519315004348755,0.41999998688697815
101,23,-1.023333191871643,0.07999999821186066
101,24,1.5490731000900269,1.2300000190734863
101,25,-1.4069037437438965,0.3700000047683716
101,26,1.1873464584350586,1.5700000524520874
101,27,-0.9724563956260681,-0.3100000023841858
101,28,1.397849202156067,0.800000011920929
101,29,-0.5884101390838623,-0.0
101,30,1.2296836376190186,1.0399999618530273
101,31,-1.32240629196167,0.019999999552965164
101,32,0.15719163417816162,0.019999999552965164
101,33,-0.6287380456924438,0.4000000059604645
101,34,-0.3485184609889984,0.5400000214576721
101,35,1.1191734075546265,0.9900000095367432
101,36,-0.12933456897735596,-0.10000000149011612
101,37,2.514112949371338,3.2799999713897705
101,38,-0.46990495920181274,-0.5099999904632568
101,39,0.4845460057258606,-0.0
101,40,0.8910400867462158,0.3100000023841858
101,41,1.8237841129302979,-0.30000001192092896
101,42,3.4187638759613037,2.4600000381469727
101,43,-0.6581935882568359,0.3100000023841858
101,44,0.05369281768798828,0.7200000286102295
102,0,-0.7764114141464233,0.3499999940395355
102,1,-1.297203779220581,-0.25
102,2,-1.139730453491211,0.25
102,3,1.72627854347229,0.44999998807907104
102,4,1.426599144935608,1.2999999523162842
102,5,1.1036133766174316,1.75
102,6,0.7066947221755981,2.119999885559082
102,7,1.536782145500183,2.299999952316284
102,8,0.9280230402946472,0.10000000149011612
102,9,-3.551044225692749,1.0199999809265137
102,10,-1.029022216796875,0.5
102,11,-0.5823665857315063,0.7699999809265137
102,12,-0.5852617621421814,-1.0199999809265137
102,13,-0.4225239157676697,-0.3199999928474426
102,14,1.867098093032837,0.550000011920929
102,15,-1.1248971223831177,0.800000011920929
102,16,-0.1370772123336792,0.20000000298023224
102,17,1.2224481105804443,0.3499999940395355
102,18,1.0528697967529297,2.119999885559082
102,19,1.2825510501861572,2.5
102,20,-0.29684504866600037,-0.4000000059604645
102,21,-1.9225950241088867,-0.25
102,22,2.658907413482666,3.319999933242798
102,23,1.5627727508544922,2.3299999237060547
102,24,1.8740043640136719,0.8500000238418579
102,25,0.6300003528594971,0.2800000011920929
102,26,1.5184080600738525,1.0
102,27,2.6083126068115234,3.700000047683716
102,28,0.6628173589706421,1.1799999475479126
102,29,0.42369937896728516,0.3499999940395355
102,30,1.5847792625427246,2.200000047683716
102,31,2.5228664875030518,3.299999952316284
102,32,0.47654223442077637,0.6499999761581421
102,33,-1.0560147762298584,-0.4000000059604645
102,34,-0.6148558259010315,0.6200000047683716
102,35,-1.35963773727417,-0.07999999821186066
102,36,0.3141266107559204,-0.550000011920929
102,37,0.7914905548095703,0.44999998807907104
102,38,1.7871508598327637,0.800000011920929
102,39,-1.1731940507888794,-1.399999976158142
102,40,-0.9453014135360718,-0.5
102,41,1.0935133695602417,3.8499999046325684
102,42,-0.40649640560150146,2.299999952316284
102,43,-0.04469376802444458,0.699999988079071
102,44,0.9256716370582581,2.5999999046325684
102,45,0.37645405530929565,1.75
102,46,1.5819313526153564,3.049999952316284
102,47,0.9100341200828552,2.049999952316284
102,48,0.0778353214263916,0.949999988079071
102,49,1.7243579626083374,2.8499999046325684
102,50,0.6034661531448364,1.4500000476837158
102,51,0.6149263381958008,1.850000023841858
102,52,2.3199100494384766,2.549999952316284
102,53,0.9670003056526184,0.10000000149011612
102,54,1.2731086015701294,1.0499999523162842
102,55,-0.7141001224517822,-0.0
102,56,-0.44284510612487793,0.10000000149011612
102,57,-0.3487117290496826,-0.800000011920929
102,58,-0.12316405773162842,0.6000000238418579
102,59,0.7685497999191284,0.4000000059604645
102,60,0.2201939821243286,-0.6000000238418579
102,61,-2.2920424938201904,0.75
102,62,-0.8420764207839966,1.850000023841858
102,63,0.7745774984359741,0.800000011920929
102,64,-1.3043060302734375,0.4000000059604645
102,65,-0.9295809268951416,-0.0
102,66,-1.2146761417388916,0.3499999940395355
102,67,-1.2367671728134155,-0.6499999761581421
102,68,-0.1452745795249939,0.15000000596046448
102,69,0.6102817058563232,0.30000001192092896
102,70,1.9180066585540771,1.0199999809265137
102,71,0.36710357666015625,0.550000011920929
102,72,0.7901968359947205,1.5
102,73,-0.39909911155700684,0.3199999928474426
102,74,0.32325994968414307,1.0700000524520874
102,75,0.8797897100448608,0.5299999713897705
102,76,1.764483094215393,2.6500000953674316
102,77,-0.18973982334136963,1.0499999523162842
102,78,1.0233899354934692,0.800000011920929
102,79,2.3342649936676025,1.0499999523162842
102,80,0.6013447046279907,0.05000000074505806
102,81,0.13930010795593262,1.5
102,82,2.205085277557373,1.75
102,83,1.5204122066497803,2.049999952316284
102,84,3.4886391162872314,2.5
102,85,-0.20694881677627563,1.600000023841858
102,86,0.8464450836181641,1.75
102,87,4.317298889160156,0.20000000298023224
102,88,1.395811915397644,0.20000000298023224
102,89,0.12702041864395142,0.30000001192092896
103,0,-0.47939062118530273,2.1500000953674316
104,0,1.826735496520996,2.700000047683716
104,1,0.7665317058563232,2.299999952316284
104,2,2.039057731628418,4.579999923706055
104,3,2.011451005935669,1.0499999523162842
104,4,2.344752788543701,3.440000057220459
104,5,0.3196868896484375,3.299999952316284
104,6,1.3888550996780396,3.200000047683716
104,7,3.556248903274536,1.649999976158142
105,0,0.6015051603317261,0.6399999856948853
105,1,-0.27660655975341797,1.1699999570846558
105,2,0.8205158710479736,-0.4099999964237213
105,3,0.5592791438102722,-1.3300000429153442
105,4,1.5017164945602417,-0.07000000029802322
105,5,0.9351871013641357,-1.149999976158142
105,6,2.5583853721618652,0.029999999329447746
105,7,2.108515501022339,-1.5099999904632568
105,8,-0.7462315559387207,-3.7899999618530273
105,9,2.489480972290039,-0.41999998688697815
105,10,-0.7167104482650757,-3.6700000762939453
105,11,2.687859296798706,0.05000000074505806
105,12,2.203096389770508,0.009999999776482582
105,13,1.6056410074234009,-0.1599999964237213
105,14,-0.5445455312728882,-2.430000066757202
105,15,1.0192826986312866,0.019999999552965164
105,16,1.1388736963272095,-0.4099999964237213
105,17,2.1589431762695312,-1.399999976158142
105,18,3.6132593154907227,0.800000011920929
105,19,2.9782590866088867,0.15000000596046448
105,20,3.5322773456573486,-1.0499999523162842
105,21,2.8098390102386475,1.9500000476837158
105,22,0.7388063073158264,-3.4000000953674316
105,23,0.6709480881690979,-0.20000000298023224
105,24,2.6603164672851562,4.420000076293945
105,25,3.037266254425049,1.2799999713897705
105,26,2.4426188468933105,4.010000228881836
105,27,3.2750022411346436,2.990000009536743
105,28,3.47088360786438,4.070000171661377
105,29,1.783554196357727,0.6000000238418579
105,30,-0.06593954563140869,-3.130000114440918
105,31,1.2747559547424316,0.5799999833106995
105,32,4.020534038543701,-1.100000023841858
105,33,-0.9554071426391602,1.3600000143051147
105,34,1.8758790493011475,2.2699999809265137
105,35,0.39110875129699707,1.340000033378601
105,36,-0.44816648960113525,1.0299999713897705
105,37,1.1387608051300049,1.7200000286102295
105,38,-0.48270511627197266,1.1200000047683716
105,39,0.48666083812713623,0.6899999976158142
105,40,3.116405963897705,1.5800000429153442
105,41,2.4407026767730713,1.409999966621399
105,42,0.9903173446655273,1.3200000524520874
105,43,3.556640863418579,0.11999999731779099
106,0,-1.431976318359375,-1.1100000143051147
107,0,2.186887741088867,1.9700000286102295
107,1,1.6548497676849365,2.380000114440918
107,2,2.522135019302368,2.609999895095825
107,3,3.127248525619507,4.150000095367432
107,4,2.373154401779175,1.409999966621399
107,5,2.3667376041412354,3.200000047683716
107,6,1.77286958694458,2.3399999141693115
107,7,2.372969150543213,1.600000023841858
107,8,2.2646398544311523,1.5700000524520874
107,9,-0.31501221656799316,-1.2999999523162842
107,10,3.5990264415740967,4.519999980926514
107,11,4.0385003089904785,1.9199999570846558
107,12,2.5857672691345215,1.2999999523162842
107,13,3.0832135677337646,4.789999961853027
107,14,0.30768245458602905,3.4800000190734863
107,15,-0.9101742506027222,0.20000000298023224
107,16,0.5952232480049133,0.17000000178813934
107,17,2.954709053039551,1.0
107,18,0.06987074017524719,1.3200000524520874
107,19,2.9504964351654053,1.8600000143051147
107,20,1.7071884870529175,1.9199999570846558
107,21,3.433422565460205,2.8299999237060547
107,22,2.709681749343872,1.440000057220459
107,23,2.042215347290039,1.600000023841858
107,24,0.6795477867126465,3.7300000190734863
107,25,3.3850419521331787,3.880000114440918
107,26,2.922074794769287,3.4800000190734863
107,27,2.785203456878662,1.5
107,28,1.9364092350006104,2.9700000286102295
107,29,1.644620418548584,2.9100000858306885
107,30,2.2688827514648438,2.25
107,31,4.112316131591797,3.259999990463257
107,32,3.549283742904663,3.609999895095825
107,33,1.11592698097229,3.4200000762939453
107,34,1.9479899406433105,0.8500000238418579
107,35,2.421809196472168,-0.5199999809265137
107,36,2.6311044692993164,2.359999895095825
108,0,0.008029818534851074,0.4399999976158142
109,0,0.7454928159713745,3.359999895095825
109,1,1.5346587896347046,0.8299999833106995
110,0,-0.48061603307724,0.05000000074505806
110,1,-0.6883282661437988,-0.7599999904632568
110,2,0.11362400650978088,-0.47999998927116394
110,3,0.15064018964767456,-0.75
110,4,-0.6277415752410889,-1.1100000143051147
110,5,-0.34426093101501465,-0.029999999329447746
110,6,-0.08004027605056763,-0.05999999865889549
110,7,1.0073052644729614,0.2199999988079071
111,0,1.3718420267105103,0.6499999761581421
112,0,-3.2896828651428223,-3.5899999141693115
112,1,-0.4239403307437897,-0.4000000059604645
112,2,-1.2696789503097534,-1.5
112,3,-1.8638067245483398,-1.2999999523162842
112,4,-0.47849220037460327,-0.0
112,5,-0.48578691482543945,-0.5
112,6,-2.1795244216918945,-1.2999999523162842
112,7,-0.808623194694519,-0.6000000238418579
113,0,2.533151865005493,1.3300000429153442
113,1,2.2715587615966797,2.2799999713897705
113,2,2.9968719482421875,1.8799999952316284
113,3,-0.044596925377845764,-0.029999999329447746
113,4,-0.2795436382293701,0.5600000023841858
113,5,-0.09108364582061768,0.6000000238418579
113,6,2.4600038528442383,1.7899999618530273
113,7,5.3060784339904785,2.609999895095825
113,8,1.6417102813720703,1.0499999523162842
113,9,2.6592366695404053,1.7000000476837158
113,10,0.9099790453910828,1.340000033378601
113,11,1.1754339933395386,1.4800000190734863
113,12,-0.8884958028793335,1.8300000429153442
113,13,0.13543617725372314,-0.23999999463558197
113,14,1.3481025695800781,0.9700000286102295
113,15,-0.38869786262512207,-0.10000000149011612
113,16,2.665203332901001,3.2799999713897705
113,17,1.9399033784866333,1.600000023841858
113,18,3.329357147216797,4.150000095367432
113,19,1.0978337526321411,3.640000104904175
113,20,-0.1567862331867218,1.4700000286102295
113,21,1.7880327701568604,1.5399999618530273
113,22,2.6144583225250244,1.5700000524520874
113,23,3.417179584503174,2.740000009536743
113,24,0.522982120513916,1.2300000190734863
113,25,3.532764196395874,2.4800000190734863
113,26,4.3139424324035645,1.8600000143051147
113,27,4.267128944396973,4.769999980926514
113,28,-0.32822203636169434,-0.28999999165534973
114,0,1.2602921724319458,3.299999952316284
114,1,1.8205151557922363,3.4700000286102295
114,2,0.134395569562912,2.0299999713897705
114,3,-0.2631739377975464,1.809999942779541
114,4,1.313675045967102,0.12999999523162842
115,0,2.3355016708374023,1.25
115,1,1.9226630926132202,1.4199999570846558
115,2,-0.6727654933929443,1.0
115,3,2.9395389556884766,0.9100000262260437
115,4,3.2231314182281494,3.2799999713897705
115,5,-0.22886407375335693,0.75
115,6,0.34601399302482605,0.6000000238418579
115,7,0.14125853776931763,0.6499999761581421
115,8,0.002350717782974243,0.38999998569488525
115,9,0.5412499308586121,0.1899999976158142
115,10,1.5101420879364014,0.5799999833106995
115,11,0.7195708155632019,0.5799999833106995
115,12,0.9057348966598511,0.8899999856948853
115,13,2.7338409423828125,3.5299999713897705
115,14,1.9124351739883423,1.899999976158142
115,15,2.3772802352905273,3.680000066757202
115,16,3.4955217838287354,3.2300000190734863
115,17,0.9387349486351013,1.2100000381469727
115,18,0.45099180936813354,0.6499999761581421
115,19,3.0219719409942627,4.210000038146973
115,20,1.7384840250015259,0.7900000214576721
115,21,1.1419107913970947,0.699999988079071
115,22,0.6927669644355774,0.38999998569488525
115,23,2.770110845565796,2.1600000858306885
115,24,1.0729544162750244,3.3399999141693115
115,25,-0.546231746673584,0.6100000143051147
115,26,0.5348079204559326,1.2699999809265137
115,27,2.245021104812622,1.7300000190734863
115,28,0.09997916221618652,0.6299999952316284
115,29,3.5632224082946777,3.700000047683716
115,30,-0.9692482948303223,1.0199999809265137
115,31,1.306176781654358,1.3600000143051147
115,32,-1.3348764181137085,0.2800000011920929
115,33,0.6470184922218323,0.7599999904632568
115,34,1.8532752990722656,0.800000011920929
115,35,1.6064155101776123,0.49000000953674316
115,36,0.70587557554245,1.0700000524520874
115,37,0.10906818509101868,0.7599999904632568
115,38,-0.2742518484592438,0.5899999737739563
115,39,-0.5426577925682068,0.5
115,40,1.1032813787460327,1.159999966621399
115,41,2.6093602180480957,0.6899999976158142
115,42,1.947205662727356,-0.0
115,43,1.9629554748535156,2.259999990463257
115,44,1.4276858568191528,1.0700000524520874
115,45,2.9523379802703857,4.920000076293945
115,46,1.891530990600586,1.4600000381469727
115,47,2.95792818069458,2.380000114440918
115,48,1.7904568910598755,0.8899999856948853
115,49,2.112191677093506,1.3600000143051147
115,50,3.3678386211395264,3.240000009536743
115,51,1.9400469064712524,1.3300000429153442
115,52,0.9666900634765625,1.9600000381469727
115,53,2.55845046043396,1.2100000381469727
115,54,0.7589342594146729,1.159999966621399
115,55,2.0075275897979736,0.9599999785423279
115,56,0.6681022644042969,0.3100000023841858
115,57,0.5653173327445984,0.550000011920929
115,58,0.4202747344970703,0.9700000286102295
115,59,0.2218773365020752,-0.10000000149011612
115,60,3.1276400089263916,2.440000057220459
115,61,2.4166433811187744,1.7400000095367432
115,62,2.2236342430114746,1.0499999523162842
115,63,0.2794935703277588,0.10000000149011612
115,64,0.08334416151046753,0.9300000071525574
115,65,1.3862675428390503,0.8799999952316284
115,66,1.0212608575820923,1.309999942779541
115,67,1.4960837364196777,2.049999952316284
115,68,0.3413306474685669,0.699999988079071
115,69,-0.862236738204956,0.18000000715255737
115,70,1.5723366737365723,1.1799999475479126
115,71,2.7170510292053223,2.1600000858306885
115,72,1.0230813026428223,0.6700000166893005
115,73,-0.09962122142314911,0.6399999856948853
115,74,-0.28707849979400635,0.8199999928474426
116,0,3.3945517539978027,3.299999952316284
116,1,3.2483162879943848,3.5
117,0,-2.0301499366760254,-1.3899999856948853
117,1,-0.6318115592002869,-1.409999966621399
117,2,0.4161168336868286,-1.0499999523162842
117,3,-2.459460735321045,-0.9399999976158142
117,4,-0.16862332820892334,-0.3499999940395355
117,5,-1.2819401025772095,-1.3899999856948853
117,6,-0.7224876284599304,0.15000000596046448
117,7,-0.6597763299942017,-0.949999988079071
117,8,0.10385632514953613,0.4000000059604645
117,9,0.5254512429237366,1.0099999904632568
117,10,-0.5136339068412781,-1.440000057220459
117,11,-0.3337351679801941,-0.38999998569488525
117,12,-1.7853000164031982,-1.850000023841858
118,0,1.5418448448181152,-0.7200000286102295
119,0,1.039940595626831,4.309999942779541
119,1,1.3601229190826416,4.309999942779541
119,2,1.2203550338745117,3.8299999237060547
119,3,2.6698732376098633,3.109999895095825
119,4,2.2307240962982178,2.630000114440918
119,5,2.6242620944976807,3.109999895095825
119,6,0.9079621434211731,1.909999966621399
119,7,0.908800482749939,2.869999885559082
119,8,2.9747676849365234,4.550000190734863
119,9,0.19543850421905518,2.119999885559082
119,10,1.661323070526123,3.7300000190734863
119,11,1.304349660873413,2.619999885559082
119,12,1.4424160718917847,4.980000019073486
119,13,-0.2601478099822998,2.5999999046325684
119,14,0.5920102596282959,2.200000047683716
119,15,0.56919264793396,-0.1599999964237213
119,16,2.132591962814331,4.190000057220459
119,17,3.021521806716919,3.0299999713897705
119,18,-0.2742570638656616,2.299999952316284
119,19,0.16351139545440674,1.2999999523162842
119,20,1.609755039215088,1.100000023841858
119,21,1.0128775835037231,2.0999999046325684
119,22,0.048433780670166016,0.6600000262260437
119,23,-0.24083824455738068,3.119999885559082
119,24,1.0395047664642334,3.0999999046325684
119,25,1.147112488746643,2.25
119,26,1.465550422668457,0.8999999761581421
119,27,0.793670654296875,1.2200000286102295
119,28,1.516784906387329,1.6299999952316284
119,29,0.0554349422454834,0.9900000095367432
119,30,1.1985489130020142,0.5400000214576721
119,31,1.589452862739563,1.4900000095367432
119,32,0.14959436655044556,0.8299999833106995
119,33,-0.04085192084312439,0.5299999713897705
119,34,-1.749582290649414,0.05999999865889549
119,35,2.016359567642212,1.159999966621399
119,36,1.7473466396331787,3.0
119,37,2.9365885257720947,0.7400000095367432
119,38,1.789365291595459,0.25999999046325684
119,39,-1.1118385791778564,-0.05000000074505806
119,40,-0.8992099761962891,-0.4399999976158142
119,41,1.564510703086853,0.20000000298023224
119,42,-0.35075643658638,0.09000000357627869
119,43,0.14136779308319092,0.009999999776482582
119,44,1.9335198402404785,1.7200000286102295
119,45,1.4124470949172974,1.0199999809265137
119,46,1.7650145292282104,2.1500000953674316
119,47,-0.894156813621521,-0.07999999821186066
119,48,-1.3414626121520996,-0.20000000298023224
119,49,0.20421451330184937,0.6800000071525574
119,50,-0.48652392625808716,-0.1599999964237213
119,51,-0.9764657020568848,-0.09000000357627869
119,52,-1.216793179512024,-0.11999999731779099
119,53,-0.4611676335334778,0.05000000074505806
119,54,-0.6549606323242188,-0.30000001192092896
119,55,-1.9214905500411987,-0.38999998569488525
119,56,1.916408658027649,0.7699999809265137
119,57,1.706067681312561,1.7899999618530273
119,58,0.763541042804718,0.25999999046325684
119,59,-0.7660881876945496,0.41999998688697815
119,60,0.37638425827026367,-0.7699999809265137
119,61,-0.02668285369873047,-0.3700000047683716
119,62,-0.24433568120002747,1.090000033378601
119,63,1.8275597095489502,0.7900000214576721
119,64,1.2674245834350586,-0.07000000029802322
119,65,2.4644250869750977,2.869999885559082
119,66,2.664888858795166,2.0299999713897705
119,67,1.0481526851654053,0.7599999904632568
119,68,2.2640531063079834,1.75
119,69,0.4557551145553589,0.44999998807907104
119,70,1.7198460102081299,2.390000104904175
119,71,-1.8030691146850586,0.07999999821186066
119,72,-0.3844466209411621,0.5799999833106995
119,73,-1.7649295330047607,0.6800000071525574
119,74,-0.8751735091209412,0.9399999976158142
119,75,-1.0787643194198608,-0.0
119,76,-1.6686861515045166,-0.029999999329447746
119,77,-1.1013458967208862,-0.4699999988079071
119,78,-1.2593867778778076,-0.15000000596046448
119,79,-0.9195267558097839,-0.38999998569488525
119,80,2.299063205718994,0.6499999761581421
119,81,-1.0134963989257812,-0.46000000834465027
119,82,-1.1803091764450073,-0.27000001072883606
119,83,2.5710973739624023,2.9100000858306885
119,84,1.610024094581604,2.799999952316284
119,85,0.9830376505851746,-1.100000023841858
119,86,2.0563151836395264,-1.7000000476837158
119,87,1.350292682647705,-1.600000023841858
119,88,3.035451650619507,-0.10000000149011612
119,89,3.007495164871216,1.5
119,90,-0.41078072786331177,-1.2999999523162842
119,91,-0.2953512966632843,-1.2000000476837158
119,92,-1.0670822858810425,-1.5
119,93,2.21313214302063,-1.100000023841858
119,94,2.215167760848999,-1.7000000476837158
119,95,0.8233668804168701,-2.0
119,96,-0.21510207653045654,-0.8700000047683716
119,97,-0.17297816276550293,0.699999988079071
120,0,1.042810082435608,0.949999988079071
120,1,-0.005722761154174805,1.2599999904632568
120,2,1.4669333696365356,1.0099999904632568
120,3,1.0585260391235352,0.7099999785423279
120,4,1.424323320388794,1.0099999904632568
120,5,1.7318155765533447,1.1299999952316284
120,6,1.405625820159912,1.1200000047683716
120,7,1.664783239364624,1.3700000047683716
120,8,0.12830400466918945,0.20000000298023224
120,9,2.1291704177856445,1.2599999904632568
121,0,2.01002836227417,1.8700000047683716
121,1,0.23169749975204468,-0.17000000178813934
121,2,1.7375893592834473,0.3199999928474426
121,3,-0.2432955801486969,-0.4399999976158142
121,4,-0.7193982005119324,-0.07000000029802322
121,5,5.838008880615234,3.0999999046325684
121,6,2.5999553203582764,3.9000000953674316
121,7,0.46282076835632324,1.399999976158142
121,8,1.1689276695251465,0.20000000298023224
121,9,-0.7830480337142944,0.20000000298023224
121,10,0.8073419332504272,2.1700000762939453
121,11,-1.0477856397628784,0.8199999928474426
121,12,-0.6760128736495972,0.009999999776482582
121,13,-1.990478277206421,-0.699999988079071
121,14,1.3999758958816528,-3.4000000953674316
121,15,-0.663148820400238,-1.0399999618530273
121,16,-0.8676826357841492,-1.649999976158142
121,17,0.1488606333732605,-0.9900000095367432
121,18,1.1733217239379883,-1.9500000476837158
121,19,1.255214810371399,-0.6499999761581421
121,20,-0.18979209661483765,-0.25
121,21,0.02466905117034912,-0.8899999856948853
121,22,1.0603746175765991,0.23000000417232513
121,23,1.3450331687927246,0.05000000074505806
121,24,0.9677616357803345,-0.15000000596046448
121,25,0.3104557991027832,0.4000000059604645
121,26,0.9834638833999634,0.8999999761581421
121,27,-0.7377505302429199,-0.07000000029802322
121,28,-0.9934966564178467,-0.10000000149011612
121,29,-2.521341562271118,-1.8300000429153442
121,30,1.3185166120529175,-1.4199999570846558
121,31,1.2240842580795288,-0.8100000023841858
121,32,-1.7501587867736816,-0.23999999463558197
121,33,-1.4159821271896362,-0.30000001192092896
121,34,-1.92497718334198,-0.8899999856948853
121,35,-0.3443847894668579,-0.03999999910593033
121,36,2.66935658454895,2.9800000190734863
121,37,-1.2876379489898682,-0.6399999856948853
121,38,0.15230584144592285,-1.7000000476837158
121,39,-0.8593904972076416,-0.9700000286102295
121,40,-0.03035569190979004,-0.8299999833106995
121,41,-1.69565749168396,-0.5099999904632568
121,42,0.3610875904560089,0.5299999713897705
121,43,0.213587686419487,-0.12999999523162842
121,44,0.06269164383411407,-0.2199999988079071
121,45,-0.8903151154518127,-0.0
121,46,-2.2011911869049072,-0.33000001311302185
121,47,0.942955732345581,-0.5699999928474426
121,48,-0.3563692569732666,-0.8100000023841858
121,49,0.9287234544754028,-1.4199999570846558
121,50,1.2743860483169556,-1.0700000524520874
121,51,0.6130105257034302,-1.3799999952316284
121,52,0.905458390712738,-1.0199999809265137
121,53,1.7321228981018066,-0.7900000214576721
121,54,1.8427455425262451,-0.7400000095367432
121,55,1.6315910816192627,-0.8299999833106995
121,56,1.0923362970352173,-0.800000011920929
121,57,6.064645290374756,1.899999976158142
121,58,4.738144874572754,1.5
121,59,1.728168249130249,0.5
121,60,3.2865118980407715,2.700000047683716
121,61,4.635419845581055,3.5999999046325684
121,62,0.7604765892028809,-1.899999976158142
121,63,1.2328951358795166,-1.2999999523162842
121,64,1.6700518131256104,-0.5
121,65,5.36405086517334,1.7999999523162842
121,66,4.638280868530273,1.2000000476837158
121,67,2.9098758697509766,1.7999999523162842
121,68,2.9276304244995117,0.800000011920929
121,69,2.5547778606414795,2.299999952316284
122,0,-1.1835317611694336,-0.3100000023841858
123,0,1.3596158027648926,3.5
123,1,-0.6812452673912048,3.0299999713897705
123,2,-1.214653730392456,-4.199999809265137
123,3,-2.564648151397705,-3.369999885559082
123,4,1.5132899284362793,1.0299999713897705
123,5,-2.60194730758667,0.7200000286102295
123,6,3.044083833694458,1.9500000476837158
123,7,2.8599278926849365,2.0
124,0,0.3416256904602051,-0.10000000149011612
124,1,2.3905858993530273,3.1500000953674316
125,0,-0.2940242290496826,2.049999952316284
126,0,-0.05851540341973305,-0.9599999785423279
126,1,-0.29996901750564575,-0.0
126,2,2.5485222339630127,-0.0
126,3,0.5326027870178223,0.23999999463558197
127,0,-1.9423785209655762,0.3100000023841858
127,1,-1.2703230381011963,1.399999976158142
127,2,-2.7450294494628906,0.14000000059604645
127,3,-1.5894951820373535,-0.10999999940395355
128,0,2.5932157039642334,1.100000023841858
128,1,-0.9162504076957703,-0.6899999976158142
128,2,1.5077183246612549,2.1500000953674316
128,3,-1.5835111141204834,-0.17000000178813934
128,4,3.5396013259887695,-0.3799999952316284
128,5,4.227733612060547,4.309999942779541
128,6,6.730039596557617,2.299999952316284
129,0,1.107839822769165,1.059999942779541
129,1,1.236940860748291,1.8799999952316284
129,2,0.5280032157897949,1.1200000047683716
129,3,1.364569067955017,0.8399999737739563
129,4,-0.38934326171875,2.559999942779541
129,5,1.5764505863189697,2.4600000381469727
129,6,1.1081717014312744,1.1299999952316284
129,7,-0.47446537017822266,2.190000057220459
129,8,-0.6127700805664062,1.6200000047683716
130,0,-0.1697521209716797,-0.20999999344348907
130,1,-1.700796365737915,-0.6899999976158142
130,2,-1.1417886018753052,-0.3700000047683716
130,3,-0.5170094966888428,0.10999999940395355
130,4,0.6781271696090698,0.5
130,5,-0.18027101457118988,-0.23000000417232513
130,6,0.2048512101173401,0.1599999964237213
130,7,0.715434193611145,0.3499999940395355
130,8,0.9100075960159302,1.1299999952316284
130,9,1.7730504274368286,1.0099999904632568
130,10,-0.4242241382598877,-0.07999999821186066
130,11,2.561563014984131,0.9300000071525574
130,12,2.3032290935516357,3.4600000381469727
130,13,1.5792689323425293,3.4200000762939453
130,14,0.6152313947677612,2.7799999713897705
130,15,2.7345831394195557,4.960000038146973
130,16,-0.4148399829864502,0.4399999976158142
130,17,0.3935375213623047,1.1699999570846558
130,18,0.3902970552444458,2.859999895095825
131,0,-0.22053754329681396,-0.20000000298023224
131,1,-1.7423396110534668,-1.399999976158142
131,2,-1.0911715030670166,-1.100000023841858
131,3,-1.2664523124694824,-1.350000023841858
131,4,0.05349552631378174,-0.20000000298023224
131,5,-0.43886420130729675,-0.949999988079071
131,6,-0.0781615674495697,-0.550000011920929
131,7,-0.6411669254302979,-0.699999988079071
131,8,0.02428528666496277,-0.44999998807907104
131,9,-0.14744697511196136,0.05000000074505806
